code,name,regn,water,protcnt,ash,fatce,fibtg,fibins,fibsol,choavldf,enerc,thia,ribf,nia,pantac,vitb6c,biot,folsum,vitc,retol,ergcal,chocal,doh25,tocpha,tocphb,tocphg,tocphd,toctra,toctrb,toctrg,toctrd,vite,vitk1,vitk2,lutn,zea,lycpn,crypxb,cartg,carta,cartb,cartoid,al,as,cd,ca,cr,co,cu,fe,pb,li,mg,mn,hg,mo,ni,p,k,se,na,zn,cho,starch,frus,glus,sucs,mals,fsugar,lactose,f10d0,f12d0,f14d0,f16d0,f18d0,f20d0,f22d0,f24d0,f14d1,f16d1c,f18d1cn9,f20d1n9f,f22d1n9,f24d1c,f18d2cn6,f20d2,f18d3n3,f20d4n6,fasat,fams,fapu,f11d0,f15d0,f16d1,f18d1,f20d1,f22d1,f24d1,f20d3n6,f20d5n3,f22d6n3,cholc,f20d1n9,f22d2,f22d5n3,his,ile,leu,lys,met,cys,phe,thr,trp,val,ala,arg,asp,glu,gly,pro,ser,tyr,oxalt,oxals,oxali,caconac,citac,fumac,malac,quinac,sucac,tarac,dhbenzac34,hbenzal3,pcathac,vanlac,gallac,cinmac,coumaco,coumacp,caffac,chlrac,ferac,apigen,apigen6cgls,apigen7onshps,luteol,kaemf,querce,querce3bdgls,querce3ortns,querce3bgls,isormt,myrct,rsvrtol,hespt,narng,hespd,daidzn,gnstein,epicatec,epicategc,epicatgc3gal,catec,galcatecgal,galcatec,syrgac,sinpac,ellgac,polyph,rafs,stas,vers,ajgs,camt,stgstr,stostrb,phytac,sapon,tf4d0,tf6d0,tf8d0,tf10d0,tf12d0,tf14d0,tf16d0,tf18d0,tf20d0,tf22d0,tf24d0,tf14d1,tf16d1c,tf18d1tn9,tf18d1cn9,tf20d1n9f,tf22d1n9,tf18d2cn6,tf18d3n3,tfasat,tfams,tfapu
A001,"Amaranth seed, black (Amaranthus cruentus)",1.0,9.89,14.59,2.78,5.74,7.02,5.76,1.26,59.98,1490,0.04,0.04,0.45,0.24,0.50,1.92,27.44,,,58.67,,,0.05,0.28,0.04,,,,,,0.17,1.80,,10.25,,,,,,,121,3.32,,,181,1.227,0.059,0.81,9.33,0.013,0.028,325,5.29,,0.016,0.345,374,433,16.46,2.7,2.66,56.71,55.83,0.1,0.22,0.46,0.1,0.88,,,,15.64,1043,155,38,16.07,12.14,,,1020,12.62,,,2259,,20.91,,1280,1033,2279,,,,,,,,,,,,,,,1.86,2.82,4.83,5.45,1.86,1.6,3.98,3.02,1.5,4.34,4.26,7.77,12.57,16.12,8.5,3.76,7.79,2.85,226,37.43,188,,8.64,0.15,45.78,75.53,1.47,,1.28,,0.21,0.06,,,,0.06,0.03,0.21,2.13,,,,,,,,,,,,,,,,,,,,,,,,,,,12.5,,,,,1.75,8.24,61.36,393,1.42,,,,,,,,,,,,,,,,,,,,,,
A002,"Amaranth seed, pale brown (Amaranthus cruentus)",6.0,9.20±0.40,13.27±0.34,3.05±0.30,5.56±0.33,7.47±0.09,5.80±0.17,1.67±0.21,61.46±0.60,1489±10,0.04±0.007,0.04±0.007,0.52±0.05,0.28±0.03,0.33±0.023,1.87±0.24,24.65±3.21,,,53.98±3.38,,,0.06±0.00,0.22±0.10,0.03±0.01,,,,,,0.15±0.03,2.50±0.87,,4.11±1.16,,,,,,,59.68±3.09,2.73±0.47,,0.001±0.000,162±15.7,0.092±0.045,0.021±0.005,0.56±0.09,8.02±0.93,0.018±0.012,0.008±0.008,270±33.2,4.44±0.27,,0.049±0.014,0.048±0.017,412±22.0,413±45.9,21.41±6.15,2.81±0.22,2.52±0.20,60.13±1.30,59.33±1.31,0.10±0.01,0.22±0.04,0.48±0.04,,0.80±0.07,,,,10.68±1.35,891±54.5,172±14.1,36.02±2.68,15.61±1.31,13.51±2.06,,,1030±64.3,12.71±1.56,,,2223±129,,43.03±2.70,,1140±70.5,1043±65.8,2266±132,,,,,,,,,,,,,,,1.98±0.50,2.85±0.04,4.94±0.17,5.50±0.35,1.95±0.12,1.51±0.15,4.75±0.41,2.99±0.21,1.69±0.10,4.30±0.27,3.83±0.64,7.21±0.91,12.70±2.25,17.39±1.68,8.28±0.35,3.83±0.45,7.27±0.46,3.10±0.34,209±49.7,32.30±1.46,177±49.8,0.14±0.02,7.93±0.45,0.14±0.02,47.16±1.64,75.06±0.57,1.89±0.13,,1.23±0.05,,0.26±0.03,0.04±0.02,,,,0.04±0.03,0.03±0.02,0.10±0.05,0.59±0.76,,,,,,,,,,,,,,,,,,,,,,,,,,,11.75±2.48,,,,,1.58±0.15,8.51±0.37,60.15±1.49,341±13.9,1.28±0.21,,,,,,,,,,,,,,,,,,,,,,
A003,Bajra (Pennisetum typhoideum),6.0,8.97±0.60,10.96±0.26,1.37±0.17,5.43±0.64,11.49±0.62,9.14±0.58,2.34±0.42,61.78±0.85,1456±18,0.25±0.044,0.20±0.038,0.86±0.10,0.50±0.05,0.27±0.009,0.64±0.05,36.11±5.05,,,5.65±0.27,,,0.10±0.01,,1.42±0.20,,,,,,0.24±0.02,2.85±0.63,,29.69±8.72,9.30±1.23,,,,,28.23±9.42,293±55.7,2.21±0.78,0.97±0.24,0.003±0.001,27.35±2.16,0.025±0.006,0.030±0.015,0.54±0.11,6.42±1.04,0.008±0.002,0.003±0.001,124±19.5,1.12±0.17,0.77±1.48,0.050±0.025,0.056±0.022,289±25.3,365±18.0,30.40±5.22,4.11±0.09,2.76±0.36,56.02±2.57,55.21±2.57,0.21±0.01,0.60±0.02,,,0.81±0.01,,,,,729±21.3,128±19.6,18.21±2.78,,,,6.97±0.45,1040±39.8,,,,1844±56.7,,140±5.8,,875±34.5,1047±39.9,1984±55.0,,,,,,,,,,,,,,,2.15±0.37,3.45±0.74,8.52±0.86,3.19±0.49,2.11±0.50,1.23±0.33,4.82±1.18,3.55±0.40,1.33±0.30,4.79±1.04,7.68±1.01,4.54±0.62,7.77±1.29,17.42±1.69,3.52±0.17,5.30±0.26,4.44±0.41,2.67±0.51,53.13±5.34,43.49±3.90,9.88±8.36,0.08±0.03,,1.99±0.59,0.86±0.21,,0.02±0.01,,0.03±0.01,0.11±0.02,,,,,,0.07±0.02,0.25±0.01,0.08±0.01,1.39±0.24,,,,1.11±0.38,0.14±0.02,,,,,0.30±0.04,,,,,,,,,,,,,,,,,67.71±5.89,0.08±0.039,0.01±0.004,,,15.84±1.36,4.97±0.25,75.87±2.25,485±12.1,,,,,,,,,,,,,,,,,,,,,,,
A004,Barley (Hordeum vulgare),6.0,9.77±0.38,10.94±0.51,1.06±0.22,1.30±0.20,15.64±0.64,9.98±0.62,5.66±0.68,61.29±0.77,1321±19,0.36±0.059,0.18±0.030,2.84±0.08,0.14±0.02,0.31±0.026,2.38±0.11,31.58±3.79,,,,,,0.01±0.01,,,,,,,,0.01±0.01,1.85±0.79,,5.39±2.77,1.90±0.35,,,,,,69.87±28.88,,,,28.64±3.49,0.029±0.009,0.027±0.010,0.43±0.17,1.56±0.15,,,48.97±6.1,1.24±0.11,1.84±0.50,0.032±0.005,,178±26.8,268±20.4,18.61±1.32,7.56±1.52,1.50±0.27,72.73±2.93,72.67±2.92,,0.06±0.02,,,0.06±0.02,,,,,209±9.4,23.35±2.74,,,,,,90.79±5.63,,,,549±21.6,,26.32±3.35,,232±11.9,90.79±5.63,575±18.6,,,,,,,,,,,,,,,2.13±0.23,3.63±0.40,6.49±0.41,3.42±0.19,1.86±0.04,2.20±0.27,4.88±0.44,3.30±0.14,1.28±0.07,4.78±0.49,4.20±0.79,5.22±0.20,6.51±0.61,26.75±1.15,4.03±0.61,9.79±0.87,4.80±0.55,2.68±0.41,10.98±1.31,8.73±0.54,2.04±0.61,1.43±0.27,,,0.90±0.48,0.52±0.09,0.17±0.06,3.24±1.27,,,0.43±0.14,0.06±0.01,,,,1.70±0.11,0.05±0.01,2.75±0.25,0.60±0.07,,,,,,,,,,,,,,,,,,,,,1.28±0.05,,,,,,23.47±2.30,0.06±0.013,0.01±0.002,,,6.16±0.03,1.17±0.10,42.83±0.84,386±18.2,,,,,,,,,,,,,,,,,,,,,,,
A005,Jowar (Sorghum vulgare),6.0,9.01±0.77,9.97±0.43,1.39±0.34,1.73±0.31,10.22±0.49,8.49±0.40,1.73±0.40,67.68±1.03,1398±13,0.35±0.039,0.14±0.014,2.10±0.09,0.27±0.02,0.28±0.023,0.70±0.06,39.42±3.13,,,3.96±0.30,,,0.04±0.01,,0.27±0.03,,,,,,0.06±0.01,43.82±4.84,,9.08±1.77,7.48±2.41,,,,,8.29±1.30,212±48.9,2.56±0.59,1.53±0.04,0.002±0.002,27.60±3.71,0.010±0.003,0.012±0.007,0.45±0.11,3.95±0.94,0.008±0.003,0.001±0.001,133±14.8,1.19±0.11,2.62±2.15,0.042±0.021,0.059±0.021,274±35.7,328±25.1,26.29±11.08,5.42±0.21,1.96±0.31,60.96±1.70,59.70±1.70,0.57±0.07,0.10±0.01,0.60±0.04,,1.27±0.05,,,,,149±5.6,14.22±0.79,,,,,,314±13.7,,,,508±18.3,,16.54±1.31,,163±6.2,314±13.7,524±18.3,,,,,,,,,,,,,,,2.07±0.20,3.45±0.63,12.03±1.51,2.31±0.40,1.52±0.50,1.06±0.30,5.10±0.50,2.96±0.17,1.03±0.21,4.51±0.71,9.19±1.12,3.96±0.43,7.09±0.86,21.54±2.81,3.08±0.25,6.99±0.92,4.02±0.43,3.61±0.25,28.38±2.65,24.62±4.49,1.72±0.46,,,1.84±0.79,0.51±0.24,,3.88±1.22,,0.02±0.01,0.02±0.01,0.07±0.01,1.76±0.11,0.06±0.02,,,1.84±0.46,1.69±0.39,4.04±0.99,1.59±0.23,0.07±0.01,,,,,,,,,,,,,,,,,,,,,,,,,,23.25±2.00,0.02±0.005,0.01±0.004,,,21.59±0.72,5.31±0.18,38.27±1.04,549±27.2,,,,,,,,,,,,,,,,,,,,,,,
A006,"Maize, dry (Zea mays)",6.0,9.26±0.55,8.80±0.49,1.17±0.16,3.77±0.48,12.24±0.93,11.29±0.85,0.94±0.18,64.77±1.58,1398±25,0.33±0.032,0.09±0.009,2.69±0.06,0.34±0.03,0.34±0.017,0.49±0.05,25.81±1.44,,,33.60±2.82,,,0.21±0.04,,1.29±0.17,0.38±0.05,0.05±0.00,,,,0.36±0.03,2.50±0.76,,186±19.4,42.4±15.7,,110±10.1,,,186±19.2,893±154,2.82±0.16,,,8.91±0.61,0.010±0.006,0.010±0.003,0.45±0.23,2.49±0.32,,0.002±0.001,145±12.4,0.71±0.08,3.19±2.64,0.035±0.014,0.035±0.013,279±35.3,291±27.7,8.69±1.81,4.44±0.18,2.27±0.23,61.01±0.76,59.35±0.83,0.16±0.03,0.80±0.01,0.70±0.03,,1.66±0.04,,,,,363±4.6,42.45±2.76,7.14±0.95,,,,,700±17.9,6.62±0.74,,,1565±18.2,,40.76±2.43,,413±5.6,706±17.4,1606±18.5,,,,,,,,,,,,,,,2.70±0.21,3.67±0.22,12.24±0.57,2.64±0.18,2.10±0.17,1.55±0.14,5.14±0.29,3.23±0.29,0.57±0.12,5.41±0.71,7.73±0.46,4.20±0.24,6.55±0.59,19.39±0.70,3.27±0.15,7.88±0.71,4.58±0.44,3.71±0.18,15.26±1.78,14.19±1.30,2.73±1.34,,,0.66±0.20,0.93±0.50,0.84±0.07,1.50±0.23,0.94±0.05,0.07±0.02,,2.93±0.42,2.96±0.44,,,,2.84±0.36,2.91±0.32,1.01±0.45,1.43±0.09,,,,,,,,,,,,,,,,,,,,,,,,,,,32.92±3.85,,,,,12.49±0.24,4.22±0.18,87.70±2.61,646±19.4,,,,,,,,,,,,,,,,,,,,,,,
A007,"Maize, tender, local (Zea mays)",6.0,68.29±0.52,3.57±0.42,0.38±0.04,1.40±0.30,3.67±0.26,3.23±0.23,0.43±0.07,22.69±0.94,502±7,0.17±0.024,0.12±0.021,1.13±0.02,0.35±0.04,0.45±0.033,1.70±0.27,62.96±5.66,4.26±0.55,,42.34±4.28,,,0.05±0.01,,0.40±0.03,0.03±0.01,,,,,0.09±0.01,2.00±0.13,,110±28.1,26.53±3.59,,37.26±4.60,,,36.27±11.33,1428±225,0.12±0.05,,,6.35±0.89,0.004±0.003,,0.18±0.06,0.71±0.06,0.001±0.000,,47.62±5.32,0.36±0.07,,0.009±0.009,0.016±0.007,163±25.7,167±36.8,3.83±2.28,2.24±0.07,0.97±0.14,17.35±2.78,15.88±2.80,0.27±0.03,0.80±0.06,0.40±0.04,,1.47±0.05,,,,,96.13±3.97,10.88±1.55,2.37±0.63,,,,,145±6.5,1.85±0.61,,,337±4.9,,10.46±0.74,,109±4.4,147±6.8,347±5.2,,,,,,,,,,,,,,,2.15±0.47,3.55±0.21,10.09±1.65,2.02±0.39,1.67±0.06,1.18±0.32,3.95±1.15,2.97±0.42,0.58±0.07,3.54±0.37,9.90±5.07,3.05±0.42,9.24±1.45,20.05±2.14,4.50±2.09,7.91±0.97,6.07±0.91,3.15±0.37,5.20±1.09,3.98±0.66,0.92±0.15,0.29±0.07,,0.46±0.19,0.73±0.48,1.83±0.58,1.22±0.10,4.35±0.72,0.04±0.03,,1.24±0.14,2.85±0.43,,,,0.55±0.09,0.55±0.27,0.92±0.04,0.38±0.12,,,,,,,,,,,,,,,,,,,,,,,,,,,19.00±2.52,,,,,5.78±0.14,2.91±0.05,43.81±0.99,148±8.1,,,,,,,,,,,,,,,,,,,,,,,
A008,"Maize, tender, sweet (Zea mays)",4.0,74.40±0.71,4.16±0.41,0.36±0.06,1.35±0.07,3.30±0.51,2.71±0.53,0.59±0.11,16.42±0.89,405±14,0.10±0.008,0.14±0.007,1.14±0.02,0.32±0.04,0.38±0.084,1.91±0.30,59.71±7.70,5.72±0.76,,16.94±2.13,,,0.07±0.00,,0.30±0.06,0.03±0.01,,,,,0.10±0.01,1.80±0.32,,108±25.0,28.19±4.22,,58.41±4.60,,,47.01±6.23,1035±154,0.11±0.02,,,6.37±1.07,0.002±0.001,0.001±0.000,0.11±0.02,0.54±0.07,,,36.51±1.87,0.32±0.04,,0.006±0.001,0.009±0.004,121±13.6,297±4.1,2.17±1.11,2.23±0.06,0.77±0.09,12.11±0.64,7.45±0.68,0.91±0.04,0.97±0.02,2.79±0.03,,4.67±0.05,,,,,106±2.4,14.36±0.59,2.95±0.08,,,,,174±6.1,2.05±0.22,,,292±10.3,,7.65±0.33,,123±2.9,176±6.3,300±10.3,,,,,,,,,,,,,,,2.16±0.18,3.45±0.08,10.61±0.71,2.06±0.17,1.76±0.09,1.36±0.15,3.05±0.21,2.88±0.53,0.70±0.05,3.88±0.29,7.61±0.20,3.63±0.21,8.55±1.21,18.72±1.81,4.65±0.37,8.60±0.11,5.62±0.12,3.26±0.22,1.67±0.15,1.45±0.08,0.34±0.12,0.26±0.01,,0.78±0.07,0.64±0.15,4.56±0.78,1.90±0.53,2.24±0.43,0.03±0.01,,1.09±0.19,1.43±0.16,,,,0.50±0.05,0.51±0.27,0.87±0.02,1.39±0.14,,,,,,,,,,,,,,,,,,,,,,,,,,,1.54±0.34,,,,,5.63±0.06,2.63±0.06,41.71±0.52,221±17.1,,,,,,,,,,,,,,,,,,,,,,,
A009,Quinoa (Chenopodium quinoa),1.0,10.43,13.11,2.65,5.50,14.66,10.21,4.46,53.65,1374,0.83,0.22,1.70,0.62,0.21,0.62,173,,,,,,2.08,0.06,2.85,,,,,,2.08,2.00,,11.88,10.05,,,,,5.12,153,,0.03,0.002,198,0.004,,0.48,7.51,,,119,1.77,,,0.004,212,474,7.81,4.5,3.31,49.82,48.41,,1.41,,,1.41,,,,82.76,434,52.88,,,,44.41,56.79,1323,,,,2203,,204,,570,1424,2406,,,,,,,,,,,,,,,2.98,3.75,6.08,5.55,2.24,1.85,4.35,3.01,1.25,4.55,4.35,7.85,8.4,13.75,4.8,5.67,4.56,1.98,82.94,42.22,40.72,,,25.07,0.23,,2.07,,6.7,0.44,9.7,4.9,,0.11,0.02,,0.13,,,,,0.13,0.19,3.6,1.9,3.4,4.4,4.3,,,,,,,,,,,,,,,,65.72,,74,,,,,0.91,1.89,46.1,120,,,,,,,,,,,,,,,,,,,,,,,
A010,Ragi (Eleusine coracana),5.0,10.89±0.61,7.16±0.63,2.04±0.34,1.92±0.14,11.18±1.14,9.51±0.65,1.67±0.55,66.82±0.73,1342±10,0.37±0.041,0.17±0.008,1.34±0.02,0.29±0.19,0.05±0.007,0.88±0.05,34.66±4.97,,,41.46±3.12,,,0.09±0.01,,0.66±0.06,,,,,,0.16±0.01,3.00±0.44,,25.53±5.82,1.45±0.23,,,,,1.53±0.25,154±25.6,3.64±0.69,,0.004±0.004,364±58.0,0.032±0.019,0.022±0.009,0.67±0.22,4.62±0.36,0.005±0.002,0.003±0.003,146±10.7,3.19±0.88,3.96±1.41,0.011±0.008,0.078±0.020,210±58.4,443±59.6,15.30±6.23,4.75±0.14,2.53±0.51,62.47±1.24,62.13±1.31,,0.25±0.06,0.12±0.02,,0.34±0.06,,,,,290±15.4,27.86±2.43,,,,,,585±36.3,,,,362±15.3,,68.58±11.85,,317±17.0,585±36.3,431±20.7,,,,,,,,,,,,,,,2.37±0.46,3.70±0.44,8.86±0.54,2.83±0.34,2.74±0.27,1.48±0.23,5.70±1.27,3.84±0.45,0.91±0.30,5.65±0.44,6.71±0.80,4.33±0.48,6.40±0.53,20.22±0.73,3.59±0.35,5.42±0.42,4.81±0.57,3.37±0.80,39.58±6.47,31.16±3.05,8.58±1.55,,,0.20±0.06,0.75±0.35,,1.89±0.56,1.60±0.26,,,2.38±0.35,0.34±0.06,1.38±0.36,,,,,,,2.58±0.49,,10.45±1.17,,,,,,,,,,,,,,,,,,15.52±0.90,,,,0.28±0.02,,135±2.2,0.02±0.006,,,,5.67±0.15,2.55±0.03,57.36±1.80,306±6.9,,,,,,,,,,,,,,,,,,,,,,,
A011,Rice flakes (Oryza sativa),6.0,10.36±0.53,7.44±0.35,0.85±0.13,1.14±0.11,3.46±0.32,2.65±0.34,0.81±0.12,76.75±0.96,1480±16,0.12±0.020,0.04±0.006,1.60±0.09,0.48±0.06,0.02±0.002,0.39±0.09,8.46±0.93,,,,,,0.05±0.01,,,,,,,,0.05±0.01,1.00±0.53,,1.46±0.25,,,,,,,33.61±4.26,2.44±0.60,,0.002±0.001,9.19±1.33,0.050±0.027,0.007±0.003,0.26±0.05,4.46±0.81,0.005±0.003,0.002±0.002,77.92±12.75,0.89±0.13,,0.049±0.011,0.043±0.015,195±20.5,148±13.8,,2.58±0.06,1.49±0.21,68.40±1.67,68.06±1.81,,0.20±0.07,0.14±0.02,,0.34±0.06,,,,,261±20.2,23.68±1.50,,,,,,425±11.4,,,,553±38.2,,24.37±4.81,,284±20.6,425±11.4,577±36.4,,,,,,,,,,,,,,,2.28±0.10,3.62±0.79,8.05±0.64,3.62±0.27,2.11±0.51,1.65±0.47,5.22±0.24,3.17±0.40,1.11±0.13,5.40±1.23,6.34±0.96,7.62±0.40,9.20±0.82,18.60±1.02,4.35±0.30,4.27±0.36,4.78±0.93,3.75±0.51,10.97±0.60,8.52±0.48,2.45±0.40,,,1.28±0.10,0.48±0.23,,1.35±0.28,,0.05±0.02,,0.03±0.01,0.03±0.02,,,,0.05±0.01,0.06±0.01,0.70±0.06,0.07±0.01,,,,,,,,,,,,,,,,,,,,,,,,0.07±0.01,0.06±0.02,,3.16±0.24,,,,,3.48±0.32,2.15±0.05,21.26±0.88,474±21.1,,,,,,,,,,,,,,,,,,,,,,,
A012,Rice puffed (Oryza sativa ),6.0,9.40±0.22,7.47±0.15,1.28±0.10,1.62±0.13,2.56±0.33,1.76±0.13,0.80±0.38,77.68±0.54,1514±4,0.11±0.018,0.04±0.017,1.87±0.10,0.38±0.03,0.07±0.005,1.26±0.08,,,,,,,0.04±0.01,,,,,,,,0.04±0.01,1.00±0.42,,1.51±0.31,,,,,,,50.46±4.52,2.41±0.61,,0.004±0.003,15.09±2.92,0.028±0.007,0.007±0.002,0.25±0.05,4.55±1.03,0.013±0.006,0.004±0.002,64.59±6.01,0.91±0.15,,0.034±0.024,0.048±0.014,152±20.6,140±14.0,,3.69±0.87,1.45±0.29,69.89±2.19,69.25±2.16,,0.49±0.07,0.15±0.03,,0.64±0.08,,,,,43.29±5.23,3.55±0.45,,,,,,39.77±5.05,,,,43.42±5.98,,1.39±0.19,,46.84±5.55,39.77±5.05,44.80±6.15,,,,,,,,,,,,,,,2.11±0.13,3.68±0.88,7.75±0.47,3.14±0.21,2.00±0.32,1.34±0.13,5.33±0.27,3.03±0.44,1.07±0.29,5.37±1.33,6.19±1.01,7.04±0.50,8.79±1.05,17.96±0.97,4.03±0.39,4.04±0.55,4.62±0.55,4.13±0.54,6.27±0.24,5.59±0.21,0.68±0.25,,,0.49±0.21,0.45±0.12,,1.30±0.28,,0.04±0.01,,0.02±0.01,0.05±0.02,,,,0.04±0.01,0.05±0.02,0.06±0.01,0.02±0.01,,,,,,,,,,,,,,,,,,,,,,,,0.03±0.02,0.07±0.02,,2.76±0.63,,,,,2.72±0.07,1.52±0.07,16.61±0.85,115±12.3,,,,,,,,,,,,,,,,,,,,,,,
A013,"Rice, raw, brown (Oryza sativa )",6.0,9.33±0.39,9.16±0.75,1.04±0.18,1.24±0.08,4.43±0.54,3.60±0.55,0.82±0.15,74.80±0.85,1480±10,0.27±0.023,0.06±0.011,3.40±0.12,0.61±0.04,0.37±0.035,1.38±0.21,11.51±1.69,,,,,,0.62±0.08,0.05±0.02,0.42±0.57,,0.03±0.02,,0.05±0.02,0.02±0.01,0.69±0.12,2.00±0.83,,13.15±4.03,,,,,,,159±13.9,0.60±0.18,,0.002±0.001,10.93±1.79,0.005±0.002,0.011±0.003,0.37±0.14,1.02±0.35,0.002±0.001,,93.91±9.11,1.70±0.45,,0.053±0.026,0.038±0.024,267±64.9,199±40.9,2.26±0.43,3.64±0.08,1.68±0.33,72.00±1.87,71.31±1.91,,0.55±0.08,0.14±0.02,,0.69±0.08,,1.39±0.31,,30.42±3.15,273±14.9,33.01±4.34,3.09±0.21,1.98±0.21,2.49±0.38,,2.77±0.46,197±15.4,1.89±0.25,,0.89±0.22,490±33.2,,16.10±0.92,,346±20.3,203±15.7,506±33.6,,,,,,,,,,,,,,,2.36±0.18,4.08±0.51,8.40±0.55,3.63±0.29,2.39±0.26,2.02±0.12,5.50±0.49,3.38±0.25,1.00±0.17,6.72±0.36,6.60±0.75,7.69±0.37,8.68±0.46,18.75±1.03,4.28±0.19,4.33±0.39,4.64±0.62,4.36±0.36,12.06±1.05,9.30±0.83,1.96±0.44,,,1.72±0.60,0.50±0.29,,1.85±0.60,,0.04±0.01,,0.02±0.01,0.05±0.02,,,,0.04±0.01,0.05±0.02,0.06±0.01,0.02±0.01,,,,,,,,,,,,,,,,,,,,,,,,0.03±0.02,0.07±0.02,,2.81±0.69,0.08±0.058,,,,3.22±0.03,1.73±0.04,17.21±0.79,742±14.5,,,,,,,,,,,,,,,,,,,,,,,
A014,"Rice, parboiled, milled (Oryza sativa )",6.0,10.09±0.43,7.81±0.63,0.65±0.08,0.55±0.08,3.74±0.36,2.98±0.35,0.76±0.09,77.16±0.76,1471±8,0.17±0.023,0.06±0.018,2.51±0.49,0.55±0.06,0.22±0.017,0.31±0.02,9.75±2.10,,,,,,0.06±0.04,,0.13±0.12,,0.05±0.02,,,,0.09±0.04,1.50±0.50,,1.46±0.72,,,,,,,46.90±8.29,0.20±0.06,,0.002±0.003,8.11±1.01,0.005±0.002,0.003±0.001,0.27±0.12,0.72±0.20,0.006±0.002,0.005±0.002,26.72±8.52,0.79±0.25,,0.055±0.017,0.027±0.009,140±25.0,142±20.3,1.19±0.14,3.16±1.33,1.08±0.20,76.80±5.71,76.14±5.73,,0.51±0.24,0.16±0.06,,0.67±0.25,,0.63±0.21,,13.22±1.52,120±8.0,13.83±1.67,1.31±0.18,0.91±0.18,0.93±0.24,,1.19±0.21,84.09±6.47,0.89±0.14,,0.49±0.16,209±12.8,,7.18±0.56,,150±10.2,86.66±6.38,216±13.2,,,,,,,,,,,,,,,2.35±0.18,4.14±0.08,8.08±0.06,3.42±0.10,2.48±0.24,2.15±0.08,5.14±0.10,3.24±0.12,1.15±0.06,6.26±0.13,5.60±0.10,7.95±0.10,8.51±0.29,19.22±0.24,4.19±0.14,4.04±0.10,4.60±0.09,4.43±0.09,5.02±0.81,3.70±0.97,1.10±0.68,,,0.05±0.02,0.49±0.26,,1.61±0.36,,0.07±0.02,,0.06±0.01,0.05±0.02,,,,0.06±0.02,0.06±0.02,0.28±0.07,0.62±0.18,,,,,,,,,,,,,,,,,,,,,,,,0.56±0.15,0.11±0.02,,6.93±1.07,0.08±0.016,,,,2.83±0.06,1.85±0.06,20.68±0.77,274±10.6,,,,,,,,,,,,,,,,,,,,,,,
A015,"Rice, raw, milled (Oryza sativa )",6.0,9.93±0.75,7.94±0.58,0.56±0.08,0.52±0.05,2.81±0.42,1.99±0.39,0.82±0.22,78.24±1.07,1491±15,0.05±0.019,0.05±0.006,1.69±0.13,0.57±0.05,0.12±0.012,0.60±0.12,9.32±1.93,,,,,,0.04±0.03,,0.06±0.02,,0.03±0.02,,0.05±0.02,,0.06±0.03,1.50±0.40,,1.49±0.46,,,,,,,16.87±5.61,0.44±0.30,,0.002±0.002,7.49±1.26,0.005±0.003,0.003±0.002,0.23±0.06,0.65±0.11,0.005±0.004,0.002±0.002,19.30±6.99,0.73±0.21,,0.056±0.037,0.022±0.012,96±16.30,108±10.9,1.01±0.13,2.34±0.28,1.21±0.17,76.39±2.76,75.70±2.70,,0.54±0.25,0.15±0.06,,0.69±0.28,,0.85±0.30,,13.19±3.00,143±28.0,14.50±3.27,1.46±0.40,1.98±1.49,1.14±0.35,,1.49±0.47,109±21.2,1.54±0.44,,0.75±0.36,234±45.8,,9.51±1.09,,184±8.9,117±6.6,253±13.2,,,,,,,,,,,,,,,2.45±0.30,4.29±0.23,8.09±0.40,3.70±0.39,2.60±0.34,1.84±0.18,5.36±0.43,3.28±0.27,1.27±0.14,6.06±0.02,5.51±0.40,7.72±0.55,8.73±0.80,18.92±1.76,4.18±0.16,4.31±0.78,4.95±0.21,4.36±0.41,1.92±0.37,1.58±0.37,0.35±0.08,,,0.07±0.06,0.48±0.34,,1.54±0.41,,0.05±0.02,,0.04±0.01,0.05±0.01,,,,0.05±0.02,0.06±0.02,0.65±0.10,0.59±0.09,,,,,,,,,,,,,,,,,,,,,,,,0.07±0.03,0.08±0.05,,3.14±0.44,,,,,2.68±0.16,1.75±0.14,21.86±0.71,266±9.6,,,,,,,,,,,,,,,,,,,,,,,
A016,Samai (Panicum miliare),6.0,11.36±0.19,10.13±0.45,1.34±0.16,3.89±0.35,7.72±0.92,5.45±0.48,2.27±0.52,65.55±1.29,1449±19,0.26±0.042,0.05±0.008,1.29±0.02,0.60±0.07,0.04±0.005,6.03±0.57,36.20±7.04,,,3.75±0.80,,,0.28±0.14,0.67±0.40,,,,,0.28±0.09,,0.55±0.16,4.47±0.38,,7.82±1.76,5.24±1.66,,,,,1.91±0.89,120±9.0,,0.49±0.15,0.001±0.000,16.06±1.54,0.016±0.006,0.001±0.000,0.34±0.08,1.26±0.44,,,91.41±12.63,0.23±0.08,,0.020±0.010,0.086±0.029,130±27.5,105±15.7,40.41±24.09,4.77±0.14,1.82±0.14,56.43±4.09,56.07±4.12,,0.24±0.10,0.13±0.01,,0.37±0.09,,,,,487±26.1,102±11.9,,,,,,868±24.2,,,,1230±42.9,,47.20±5.17,,589±31.9,868±24.2,1277±47.5,,,,,,,,,,,,,,,2.35±0.18,4.14±0.08,8.08±0.06,2.42±0.10,2.21±0.10,1.85±0.14,6.14±0.10,4.24±0.12,1.35±0.10,5.31±0.16,8.60±0.10,5.96±0.11,5.51±0.29,20.22±0.24,3.43±0.33,6.04±0.10,5.60±0.09,3.43±0.09,6.74±0.98,5.40±0.49,1.61±0.11,,,0.37±0.04,0.51±0.23,,2.35±0.69,6.07±2.18,,,0.16±0.04,0.05±0.03,,,,0.37±0.04,0.67±0.03,2.79±0.75,0.39±0.03,,,,,,,,,,,,,,,,,,,,,,,,,,,14.24±0.89,0.01±0.000,,,,10.70±0.23,3.07±0.07,73.44±2.02,265±20.1,0.44±0.04,,,,,,,,,,,,,,,,,,,,,,
A017,Varagu (Setaria italica),5.0,14.23±0.45,8.92±1.09,1.72±0.27,2.55±0.13,6.39±0.60,4.29±0.82,2.11±0.34,66.19±1.19,1388±10,0.29±0.054,0.20±0.018,1.49±0.08,0.63±0.07,0.07±0.017,1.49±0.18,39.49±4.52,,,,,,0.03±0.01,,0.43±0.12,,,,0.19±0.05,,0.07±0.02,3.75±0.63,,59.40±7.01,3.91±1.08,,,,,1.41±0.29,272±25.1,1.07±0.83,,,15.27±1.28,0.021±0.027,0.005±0.003,0.26±0.05,2.34±0.46,,0.027±0.003,122±5.9,0.33±0.05,0.74±0.15,0.020±0.007,0.074±0.019,101±5.2,94±10.7,14.12±2.26,3.35±0.04,1.65±0.18,66.25±2.90,64.96±2.93,,0.89±0.11,0.40±0.02,,1.29±0.10,,,,,211±0.9,28.40±1.22,3.84±0.78,2.22±0.24,,,3.21±0.11,291±7.2,2.75±0.89,,,576±17.8,,21.02±1.20,,246±2.3,297±6.8,597±18.4,,,,,,,,,,,,,,,2.14±0.07,4.55±0.22,11.96±1.65,1.42±0.17,2.69±0.16,1.92±0.05,6.27±0.34,3.89±0.16,1.32±0.19,5.49±0.23,11.00±0.36,3.18±0.19,5.61±0.88,18.25±1.87,3.12±0.29,7.33±0.53,5.50±0.31,3.87±0.38,3.48±0.17,2.57±0.40,0.65±0.06,0.21±0.03,,0.26±0.09,0.45±0.24,,1.87±0.82,,,,,0.02±0.01,,,,,,,,,,,,0.07±0.01,,,,,,,,,,,,,,,,,,,,,,0.53±0.26,0.02±0.027,,,,3.08±0.02,4.40±0.13,37.03±1.56,452±6.5,,,,,,,,,,,,,,,,,,,,,,,
A018,"Wheat flour, refined (Triticum aestivum)",6.0,11.34±0.93,10.36±0.29,0.51±0.07,0.76±0.07,2.76±0.29,2.14±0.30,0.62±0.14,74.27±0.92,1472±16,0.15±0.017,0.06±0.008,0.77±0.07,0.72±0.08,0.08±0.008,0.58±0.09,16.25±2.62,,,6.73±0.96,,,0.05±0.01,,,,0.02±0.01,,,,0.05±0.01,1.00±0.46,,24.41±9.21,1.30±0.72,,,,,1.97±0.80,270±69.0,0.94±0.33,,0.001±0.000,20.40±2.46,0.005±0.002,0.001±0.001,0.17±0.02,1.77±0.38,0.004±0.002,0.003±0.003,30.69±2.77,0.63±0.09,,0.013±0.003,0.005±0.003,110±9.8,148±7.0,,1.54±0.48,0.88±0.07,71.82±1.07,70.03±1.01,0.64±0.03,0.75±0.02,0.40±0.05,,1.79±0.08,,,,,91.24±1.50,7.31±0.73,,,,,,50.64±2.98,,,,325±6.8,,17.45±1.21,,98.55±1.87,50.64±2.98,343±7.8,,,,,,,,,,,,,,,1.95±0.23,3.19±0.27,6.22±0.46,2.05±0.18,1.64±0.20,2.03±0.27,4.29±0.28,2.34±0.08,1.04±0.16,4.01±0.44,2.98±0.37,3.49±0.28,4.63±0.39,31.57±1.80,3.21±0.20,9.23±0.64,4.77±0.39,2.62±0.15,20.22±0.77,11.02±0.64,9.20±0.57,,,1.07±0.07,0.02±0.01,5.57±1.78,1.05±0.06,1.07±0.04,0.23±0.09,,0.09±0.01,0.13±0.01,0.63±0.10,,,0.06±0.02,0.07±0.02,0.16±0.02,0.04±0.01,,0.07±0.02,,,,,,,,,,,,,,,,,,,,,,0.02±0.01,0.06±0.02,,5.17±0.24,0.35±0.016,,,,3.77±0.12,0.53±0.03,25.63±0.90,123±16.0,,,,,,,,,,,,,,,,,,,,,,,
A019,"Wheat flour, atta (Triticum aestivum)",6.0,11.10±0.35,10.57±0.37,1.28±0.19,1.53±0.12,11.36±0.29,9.73±0.47,1.63±0.64,64.17±0.32,1340±7,0.42±0.044,0.15±0.010,2.37±0.10,0.87±0.04,0.25±0.032,0.76±0.12,29.22±1.92,,,13.43±1.77,,,0.21±0.09,0.06±0.01,,,0.06±0.03,,,,0.26±0.09,1.50±0.47,,42.12±11.27,1.31±0.69,,,,,2.67±1.29,284±31.9,1.54±0.53,,0.001±0.001,30.94±3.65,0.006±0.005,0.006±0.003,0.48±0.11,4.10±0.67,0.006±0.003,0.002±0.001,125±11.5,2.98±0.36,,0.022±0.009,0.021±0.015,315±41.4,311±38.3,53.12±5.47,2.04±0.31,2.85±0.32,58.62±2.68,56.82±2.69,0.72±0.03,0.78±0.05,0.30±0.02,,1.80±0.06,,,,,191±5.6,14.55±3.10,,,,,,149±7.5,,,,697±19.4,,44.93±1.64,,206±8.2,149±7.5,742±19.2,,,,,,,,,,,,,,,2.56±0.25,3.78±0.21,6.13±0.48,2.42±0.22,1.77±0.08,2.24±0.18,5.03±0.14,2.58±0.14,0.99±0.16,5.12±0.48,3.88±1.11,4.70±0.21,5.06±0.16,29.61±2.08,3.76±0.56,10.27±0.84,4.73±0.49,2.10±0.06,52.38±10.71,26.20±1.99,24.18±1.35,,,1.50±0.13,0.02±0.01,6.49±1.98,1.15±0.12,1.41±0.18,0.68±0.19,,0.62±0.11,0.26±0.08,2.79±0.37,,,0.38±0.09,0.78±0.07,0.71±0.13,0.14±0.01,,0.31±0.08,,,,,,,,,,,,,,,,,,,,,,0.04±0.01,0.13±0.02,,13.98±2.54,0.47±0.100,0.04±0.005,,,6.21±0.20,0.77±0.03,36.60±2.69,632±15.9,,,,,,,,,,,,,,,,,,,,,,,
A020,"Wheat, whole (Triticum aestivum)",6.0,10.58±1.11,10.59±0.60,1.42±0.19,1.47±0.05,11.23±0.77,9.63±0.19,1.60±0.75,64.72±1.74,1347±23,0.46±0.067,0.15±0.041,2.68±0.19,1.08±0.21,0.26±0.036,1.03±0.58,30.09±3.79,,,17.49±3.51,,,0.60±0.33,0.37±0.12,,,0.07±0.03,,,,0.77±0.35,1.75±0.26,,52.56±5.67,1.47±0.68,,,,,3.03±2.13,287±40.5,0.55±0.23,,0.002±0.001,39.36±5.65,0.006±0.003,0.003±0.002,0.49±0.12,3.97±0.78,,0.005±0.004,125±14.8,3.19±0.59,,0.073±0.030,0.014±0.005,315±41.8,366±59.6,47.76±5.96,2.50±0.20,2.85±0.65,59.30±1.86,57.53±1.86,0.74±0.11,0.73±0.08,0.30±0.09,,1.77±0.15,,,,,176±7.4,14.83±2.25,,,,,,141±9.4,,,,616±22.1,,38.51±3.88,,191±8.0,141±9.4,654±23.7,,,,,,,,,,,,,,,2.65±0.31,3.83±0.20,6.81±0.33,3.13±0.26,1.75±0.21,2.35±0.23,4.75±0.38,3.01±0.17,1.40±0.10,5.11±0.05,3.64±0.21,5.13±0.33,5.44±0.33,27.06±1.76,4.19±0.23,10.25±1.49,4.80±0.14,3.12±0.31,52.46±3.32,25.55±7.62,26.96±7.58,,,1.61±0.39,0.03±0.03,6.16±2.71,1.48±0.58,1.72±0.59,0.71±0.14,,0.74±0.35,0.40±0.31,2.44±0.25,,,0.67±0.15,0.68±0.12,0.76±0.11,0.15±0.02,,0.30±0.06,,,,,,,,,,,,,,,,,,,,,,0.07±0.01,0.12±0.02,,14.33±1.76,0.47±0.171,0.05±0.030,,,9.73±0.15,1.42±0.12,55.25±2.06,638±29.2,,,,,,,,,,,,,,,,,,,,,,,
A021,"Wheat, bulgur (Triticum aestivum)",6.0,8.61±0.32,10.84±0.75,1.23±0.06,1.45±0.02,8.81±0.45,6.56±0.20,2.25±0.38,69.06±0.74,1430±6,0.24±0.027,0.12±0.004,2.05±0.05,0.84±0.03,0.24±0.011,2.50±0.35,26.30±3.61,,,6.27±0.31,,,0.20±0.01,,,,0.05±0.02,,,,0.21±0.01,1.50±0.41,,47.67±13.64,1.06±0.80,,,,,2.55±0.85,191±15.1,0.43±0.16,0.40±0.18,0.001±0.001,27.09±1.62,0.007±0.002,0.001±0.000,0.40±0.07,3.86±0.34,0.008±0.011,,116±14.0,1.95±0.13,2.01±0.12,0.029±0.013,0.018±0.016,245±27.9,330±33.4,10.54±2.23,2.09±0.34,1.97±0.25,61.74±3.52,60.54±3.62,0.32±0.34,0.55±0.13,0.33±0.08,,1.20±0.24,,,,,179±4.2,17.41±2.78,,,,,,152±5.8,,,,657±9.0,,42.69±3.34,,196±2.6,152±5.8,700±11.3,,,,,,,,,,,,,,,2.23±0.25,3.48±0.28,6.61±0.66,2.42±0.10,1.62±0.36,1.96±0.05,4.46±2.10,2.46±0.34,1.11±0.15,4.28±0.25,3.48±0.42,5.36±0.54,5.15±0.19,30.48±5.06,4.27±0.19,10.49±0.52,4.87±0.17,2.46±1.23,40.23±1.94,25.27±2.11,14.96±0.69,,,1.57±0.27,0.02±0.01,6.42±2.91,1.54±0.42,1.43±0.13,0.68±0.10,,0.71±0.12,0.40±0.09,2.75±0.62,,,0.63±0.07,0.66±0.13,0.73±0.13,0.15±0.01,,0.26±0.02,,,,,,,,,,,,,,,,,,,,,,0.06±0.02,0.11±0.01,,9.53±1.40,0.35±0.062,,,,4.14±0.02,0.75±0.03,25.41±0.18,679±14.9,,,,,,,,,,,,,,,,,,,,,,,
A022,"Wheat, semolina (Triticum aestivum)",6.0,8.94±0.68,11.38±0.37,0.80±0.17,0.74±0.10,9.72±0.74,8.16±0.58,1.55±0.18,68.43±0.99,1396±18,0.29±0.025,0.04±0.004,1.13±0.10,0.75±0.08,0.11±0.010,0.44±0.04,25.68±3.64,,,8.19±0.81,,,0.16±0.02,0.07±0.02,,,0.05±0.03,,,,0.20±0.01,1.20±0.48,,29.94±7.39,1.13±0.66,,,,,1.60±0.59,276±29.9,0.64±0.19,,0.002±0.001,29.38±2.11,0.006±0.003,0.003±0.002,0.46±0.11,2.98±0.34,0.004±0.000,0.002±0.002,37.89±3.71,1.98±0.18,2.67±3.69,0.018±0.011,0.008±0.006,119±8.5,284±26.5,10.93±5.06,2.31±0.61,2.13±0.32,59.85±2.99,58.20±2.95,0.60±0.04,0.55±0.03,0.50±0.04,,1.65±0.08,,,,,81.63±4.28,7.24±1.49,,,,,,67.34±3.25,,,,306±3.0,,19.21±0.84,,88.87±5.16,67.34±3.25,325±2.4,,,,,,,,,,,,,,,2.38±0.27,3.43±0.26,6.71±0.59,2.54±0.13,1.57±0.23,1.79±0.03,4.77±0.32,2.71±0.15,1.04±0.12,4.47±0.39,3.46±0.35,4.34±0.20,4.94±0.21,31.05±1.75,3.50±0.11,9.49±0.84,4.44±0.67,3.00±0.24,28.43±3.76,22.74±2.63,5.90±0.59,,,1.04±0.02,0.02±0.01,5.81±1.71,1.09±0.09,1.21±0.26,0.25±0.05,,0.12±0.01,0.18±0.05,0.23±0.07,,,0.05±0.02,0.14±0.02,0.28±0.07,0.05±0.02,0.03±0.01,0.04±0.01,,,,,,,,,,,,,,,,,,,,,,0.03±0.01,0.04±0.01,,6.50±1.30,0.47±0.194,0.05±0.003,,,10.36±0.26,1.36±0.04,54.28±2.53,549±11.7,,,,,,,,,,,,,,,,,,,,,,,
A023,"Wheat, vermicelli (Triticum aestivum)",6.0,9.59±0.37,9.70±0.52,0.60±0.04,0.45±0.03,9.28±0.69,7.53±0.51,1.75±0.24,70.39±0.61,1392±8,0.13±0.011,0.01±0.003,0.86±0.02,0.52±0.05,0.03±0.004,2.00±0.19,14.35±2.38,,,4.06±0.35,,,0.03±0.01,,,,0.03±0.02,,,,0.03±0.01,1.00±0.51,,19.31±5.80,0.89±0.57,,,,,1.68±0.31,39.54±5.33,1.15±0.38,,0.001±0.001,19.42±1.74,0.006±0.005,0.002±0.001,0.19±0.03,2.02±0.41,0.008±0.002,0.001±0.001,34.18±5.28,0.67±0.11,,0.031±0.016,0.008±0.002,99±12.94,163±26.7,15.33±3.25,2.71±0.79,0.83±0.12,56.99±1.91,55.31±1.93,0.60±0.02,0.58±0.02,0.50±0.02,,1.68±0.03,,,,,59.43±4.42,5.15±0.65,,,,,,36.06±2.43,,,,209±17.4,,11.26±0.74,,64.59±4.94,36.06±2.43,220±17.8,,,,,,,,,,,,,,,1.76±0.11,1.56±0.56,5.23±1.23,1.83±0.04,1.17±0.14,1.83±0.02,4.90±1.74,2.26±0.16,1.07±0.09,3.54±1.35,3.59±0.13,2.98±0.43,5.39±0.97,31.96±1.20,4.54±1.77,9.89±1.65,5.33±0.62,2.18±0.76,23.84±2.34,18.86±1.94,5.57±0.78,4.20±0.70,,1.20±0.20,0.02±0.01,4.86±2.13,0.97±0.77,0.62±0.11,0.21±0.03,,0.04±0.03,0.15±0.05,0.11±0.02,,,0.04±0.01,0.02±0.01,0.24±0.03,0.03±0.01,,0.03±0.01,,,,,,,,,,,,,,,,,,,,,,0.03±0.01,0.03±0.01,,5.55±0.34,,,,,2.80±0.08,0.40±0.02,22.37±0.28,168±14.6,,,,,,,,,,,,,,,,,,,,,,,
A024,"Wheat, vermicelli, roasted (Triticum aestivum)",6.0,7.61±0.47,10.37±0.70,0.56±0.04,0.49±0.05,9.55±0.40,7.79±0.29,1.76±0.18,71.42±0.71,1423±13,0.12±0.012,0.01±0.002,0.67±0.05,0.49±0.05,0.03±0.001,1.34±0.18,13.21±2.15,,,3.21±0.21,,,0.01±0.01,,,,0.02±0.01,,,,0.01±0.01,1.00±0.52,,12.89±4.12,1.08±0.42,,,,,0.92±0.58,21.33±5.71,1.20±0.16,,0.001±0.000,22.63±3.46,0.007±0.002,0.003±0.002,0.22±0.05,2.09±0.42,0.009±0.008,0.001±0.000,39.03±7.18,0.75±0.15,,0.019±0.004,0.010±0.005,107±21.6,177±30.3,14.29±3.11,3.43±0.14,0.88±0.22,56.69±2.10,54.55±2.05,0.63±0.16,1.01±0.02,0.50±0.05,,2.14±0.17,,,,,46.97±4.72,2.98±0.21,,,,,,28.84±1.22,,,,162±12.8,,8.55±0.50,,49.95±4.74,28.84±1.22,170±13.1,,,,,,,,,,,,,,,1.63±0.23,1.46±0.13,5.63±0.24,1.54±0.30,1.15±0.08,1.85±0.08,4.96±2.06,2.25±0.28,0.99±0.14,3.71±0.24,3.74±0.55,2.84±0.49,4.78±0.75,34.08±0.60,4.35±0.47,9.43±0.72,5.35±0.41,1.92±0.82,21.91±1.31,17.55±1.95,5.66±0.77,2.89±0.58,,1.05±0.03,0.02±0.01,4.13±1.90,0.83±0.38,0.64±0.27,0.20±0.04,,0.02±0.01,0.07±0.03,0.06±0.01,,,0.02±0.01,0.03±0.01,0.03±0.02,0.03±0.02,,0.03±0.01,,,,,,,,,,,,,,,,,,,,,,0.02±0.00,0.02±0.01,,7.37±0.57,,,,,3.23±0.02,0.47±0.01,25.58±0.15,165±12.9,,,,,,,,,,,,,,,,,,,,,,,
B001,"Bengal gram, dal (Cicer arietinum)",6.0,9.18±0.58,21.55±1.45,2.10±0.10,5.31±0.06,15.15±0.17,12.67±0.22,2.48±0.15,46.72±1.29,1377±10,0.35±0.029,0.15±0.003,1.87±0.06,1.60±0.24,0.19±0.008,0.81±0.09,182±4.5,,,1.75±0.17,,,0.08±0.01,,1.13±0.10,0.03±0.01,,,,,0.19±0.01,1.50±0.62,,,,,,,,,,0.65±0.19,,,46.32±5.12,0.008±0.006,0.024±0.006,0.82±0.12,6.08±0.27,0.011±0.013,0.003±0.001,118±12.9,1.68±0.16,1.78±0.12,0.047±0.034,0.141±0.031,325±14.0,957±23.7,50.97±22.01,20.83±0.15,3.65±0.37,41.52±0.87,40.49±0.83,0.10±0.02,0.10±0.01,0.63±0.23,0.20±0.03,1.03±0.23,,,,,,,,,,,,,,,,,,,,,,,,,,,,,,,,,,,,,,,,,,,,,,,,,,,,,,,,,,,,,,,,,,,,,,,,,,,,,,,,,,,,,,,,,,,,,,,,,,,,,,,,,,,,,,,,,,,,,,,,,,,,,,,,,,,,,
B001 ,,,,,,,,,,,,,,,,,,,,,,,,,,,,,,,,,,,314±82.4 ,1.05±0.44 ,,,,,165±22.8 ,1018±16.9,,,,,,,,,,,,,,,,,,,,,,,,,,,,,,,,405±6.6 ,51.90±2.23 ,11.55±1.42 ,,,,7.89±0.99 ,855±18.9,13.23±2.17 ,,,2360±51.0 ,,116±5.1 ,,469±8.0 ,876±17.9 ,2476±51.6,,,,,,,,,,,,,,,2.39±0.34 ,4.25±0.26 ,6.91±0.65 ,6.06±0.52 ,1.12±0.31 ,0.84±0.14 ,5.97±1.06 ,3.24±0.34 ,1.09±0.25 ,4.09±0.41,4.11±0.36 ,8.83±0.53 ,11.73±0.80 ,16.52±0.10 ,3.46±0.24 ,3.53±0.25 ,4.56±0.45 ,2.72±0.29,6.49±1.18 ,5.29±0.51 ,1.20±0.66 ,,,55.58±1.22 ,0.52±0.14 ,,0.74±0.09,,0.02±0.01 ,,0.02±0.01 ,,,,,,0.69±0.03,,1.59±0.46 ,,,4.25±1.21,,,,,,,0.84±0.02 ,1.49±0.25 ,,,,,0.01±0.01 ,0.07±0.01,,,,,,,5.68±1.07 ,,,14.13±0.67,0.23±0.048 ,0.61±0.153 ,,,8.03±0.59 ,3.61±0.16 ,90.28±2.92 ,450±23.2 ,1.10±0.16,,,,,,,,,,,,,,,,,,,,,,
B002,"Bengal gram, whole (Cicer arietinum)",6.0,8.56±0.37,18.77±0.42,2.78±0.13,5.11±0.11,25.22±0.39,22.70±0.60,2.52±0.87,39.56±0.16,1201±9,0.37±0.040,0.24±0.011,2.10±0.06,2.38±0.26,0.36±0.025,0.93±0.07,233±12.9,,,1.93±0.17,,,1.59±0.07,,1.33±0.17,0.08±0.01,,,,,1.72±0.07,2.10±0.71,,385±39.4,24.74±12.0,,,,,172±21.0,999±240,2.10±0.19,,,150±18.3,0.015±0.003,0.021±0.005,0.85±0.12,6.78±0.75,0.006±0.002,0.006±0.002,160±17.5,2.71±0.33,1.77±0.12,0.064±0.031,0.081±0.023,267±21.9,935±37.9,41.23±11.67,26.56±0.12,3.37±0.26,36.68±3.62,35.69±3.63,0.10±0.01,0.10±0.01,0.69±0.16,0.10±0.01,0.99±0.16,,,,,382±4.6,58.02±6.35,13.29±2.64,,,,7.87±1.06,871±25.1,11.77±1.44,,,2220±73.6,,117±7.9,,453±10.6,890±24.6,2337±78.2,,,,,,,,,,,,,,,2.51±0.18,4.34±0.23,7.40±0.31,6.59±0.25,1.16±0.16,1.27±0.09,6.26±0.70,3.55±0.31,0.95±0.07,4.58±0.51,4.67±0.56,8.59±0.58,11.78±1.60,17.27±1.08,3.95±0.16,3.74±0.19,5.10±0.65,2.88±0.15,7.14±1.36,5.57±0.58,1.70±0.08,,,81.17±6.44,0.71±0.19,,1.56±0.35,,0.11±0.02,,0.02±0.01,,,,,,5.63±0.34,,4.17±0.95,,,10.48±1.14,,,,,,,6.53±0.22,8.85±2.56,,,,,,,,,,,,,6.00±0.57,,,64.28±3.08,0.23±0.059,0.58±0.131,,,7.10±0.68,6.26±0.60,85.27±1.44,578±11.2,1.70±0.20,,,,,,,,,,,,,,,,,,,,,,
B003,"Black gram, dal (Phaseolus mungo)",6.0,9.16±0.35,23.06±0.59,3.17±0.02,1.69±0.12,11.93±0.26,7.58±0.13,4.35±0.15,51.00±0.80,1356±9,0.21±0.005,0.09±0.003,1.76±0.09,2.95±0.26,0.22±0.029,0.81±0.13,88.75±2.35,,,8.42±0.19,,,0.04±0.01,,1.29±0.12,0.05±0.01,,,,,0.17±0.02,8.30±1.51,,83.87±22.87,,,,,,10.11±2.10,279±54.8,1.19±0.33,,,55.67±6.10,0.011±0.004,0.014±0.004,0.64±0.08,4.67±0.55,0.004±0.000,0.002±0.001,173±3.1,1.46±0.06,2.11±0.44,0.054±0.032,0.249±0.070,375±43.7,1157±38.0,23.99±2.15,18.88±2.27,3.00±0.18,48.73±1.91,47.89±1.90,0.20±0.03,0.20±0.02,0.44±0.14,,0.84±0.15,,,,,221±9.9,54.60±2.89,,,,,,186±8.1,,,,176±7.7,,566±25.6,,276±12.2,186±8.1,742±32.5,,,,,,,,,,,,,,,2.64±0.11,3.75±0.92,7.93±0.45,6.22±0.21,1.31±0.35,0.49±0.04,5.68±0.91,2.99±0.19,1.07±0.12,4.61±1.06,4.73±0.57,6.25±0.47,11.96±0.71,18.38±1.37,3.38±0.26,3.73±0.28,5.54±0.61,3.04±0.23,43.78±1.49,24.50±1.68,19.68±1.55,,,1.65±0.48,0.54±0.24,,0.79±0.22,,,,,0.06±0.02,,,,0.59±0.10,,0.36±0.03,0.14±0.01,2.43±0.38,0.29±0.03,0.09±0.02,1.40±0.32,0.05±0.02,,1.69±0.26,,,,1.53±0.01,,,,,0.03±0.01,,,,,,,,,0.26±0.04,,32.43±6.76,0.03±0.013,0.17±0.053,1.13±0.158,0.06±0.030,3.45±0.33,11.21±0.45,42.37±2.23,579±11.8,1.20±0.05,,,,,,,,,,,,,,,,,,,,,,
B004,"Black gram, whole (Phaseolus mungo)",6.0,8.70±0.33,21.97±0.63,3.35±0.03,1.58±0.06,20.41±0.06,15.47±0.05,4.94±0.07,43.99±0.76,1219±5,0.32±0.024,0.11±0.008,1.85±0.13,3.98±0.70,0.53±0.039,1.28±0.18,134±14.2,,,16.84±2.79,,,0.09±0.02,,1.35±0.10,0.08±0.01,,,,,0.23±0.02,10.80±0.92,,95.42±2.13,,,,,,12.80±0.50,463±34.2,2.25±0.63,,,86.18±8.99,0.019±0.007,0.018±0.004,0.76±0.12,5.97±0.56,0.008±0.006,0.005±0.002,190±19.1,1.83±0.34,2.43±1.06,0.099±0.053,0.241±0.077,345±36.5,1093±24.5,27.98±7.08,26.80±3.77,3.05±0.24,42.64±5.56,42.19±5.52,0.10±0.01,0.10±0.02,0.30±0.02,,0.45±0.24,,,,,211±12.2,47.37±6.75,,,,,,161±7.1,,,,117±5.9,,601±23.8,,258±18.6,161±7.1,718±29.0,,,,,,,,,,,,,,,2.85±0.08,3.42±0.82,7.58±0.62,6.35±0.53,1.17±0.38,0.58±0.12,5.90±0.38,2.87±0.63,0.98±0.14,4.11±0.88,4.64±0.82,6.06±0.49,13.12±1.60,19.00±1.10,3.80±0.41,4.03±0.13,5.29±0.69,3.06±0.17,56.25±2.42,34.17±1.70,22.09±2.32,,,18.01±1.27,0.60±0.16,,2.16±0.30,,,,,0.48±0.11,,,,4.06±0.58,,2.71±0.55,0.91±0.06,5.64±0.22,2.56±0.36,1.83±0.16,4.79±0.53,3.12±0.67,,12.37±0.93,,,,3.12±0.67,,,,,1.34±0.19,,,,,,,,,1.55±0.23,,168±5.4,0.02±0.009,0.17±0.054,1.00±0.125,0.04±0.022,3.08±0.11,13.39±0.63,41.57±0.73,679±12.4,1.82±0.15,,,,,,,,,,,,,,,,,,,,,,
B005,"Cowpea, brown (Vigna catjang)",6.0,9.42±0.39,20.36±0.59,2.90±0.11,1.15±0.06,11.54±0.13,8.75±0.09,2.80±0.05,54.62±0.49,1340±7,0.33±0.087,0.09±0.009,1.64±0.03,1.47±0.31,0.30±0.033,3.97±0.12,231±27.3,,,0.92±0.02,,,0.33±0.02,,3.50±0.21,2.44±0.22,,,,,0.70±0.03,1.75±0.14,,83.34±26.30,,,,,,7.08±1.58,218±16.8,1.36±0.61,,,81.73±7.63,0.010±0.002,0.013±0.002,0.81±0.16,5.90±1.26,,0.006±0.002,213±20.3,1.51±0.29,,0.108±0.052,0.233±0.071,372±32.9,1241±116,23.95±4.40,13.68±0.07,3.41±0.41,47.09±0.79,45.49±0.66,0.30±0.19,0.61±0.24,0.68±0.20,,1.60±0.38,,,,,227±5.6,33.10±1.30,6.84±0.76,11.52±0.79,4.43±0.43,,,57.69±6.88,2.89±0.50,,,343±9.8,,207±16.0,,283±5.3,60.58±6.62,550±24.0,,,,,,,,,,,,,,,2.93±0.42,4.10±0.58,7.49±1.23,6.67±1.26,1.38±0.16,0.57±0.09,5.47±0.49,3.80±0.61,1.05±0.03,4.87±0.59,4.24±0.57,7.10±1.36,10.11±1.15,19.02±2.19,4.69±0.51,4.60±0.28,4.44±0.18,2.83±0.26,14.34±1.86,10.83±1.05,2.55±0.78,0.02±0.01,,1.54±0.37,0.68±0.23,,5.38±3.28,,,,,,,,,0.45±0.09,0.28±0.12,1.30±0.32,,,,,,,,0.27±0.12,,,,,,,,,0.04±0.01,0.06±0.01,,,,,,,,,,59.65±5.21,0.14±0.011,1.24±0.075,0.01±0.000,,6.56±0.08,32.19±1.27,62.19±1.80,550±8.7,2.99±0.15,,,,,,,,,,,,,,,,,,,,,,
B006,"Cowpea, white (Vigna catjang)",1.0,9.32,21.25,2.83,1.14,11.70,8.91,2.79,53.77,1340,0.34,0.09,1.51,1.66,0.26,4.28,249,,,0.93,,,0.32,,3.06,2.70,,,,,0.65,1.70,,78.52,,,,,,8.21,250,0.4,,,84.1,0.004,0.017,0.68,5.04,,0.007,213,1.35,,0.226,0.228,378,1243,26.55,12.52,3.57,47.51,46.33,0.13,0.39,0.67,,1.18,,,,,228,34.43,6.34,12.19,4.05,,,67.63,2.49,,,354,,203,,285,70.12,557,,,,,,,,,,,,,,,3.25,4.4,7.96,7.14,1.53,0.6,5.63,4.1,0.92,5.31,5.06,7.44,11.01,18.2,4.09,4.05,4.8,3.25,17.23,1.29,15.94,0.02,,1.21,0.82,,1.35,,,,,,,,,0.52,0.41,1.64,,,,,,,,0.52,,,,,,,,,0.05,0.08,,,,,,,,,,63.57,0.12,1.13,0.01,,6.86,32.64,65.43,573,2.98,,,,,,,,,,,,,,,,,,,,,,
B007,"Field bean, black (Phaseolus vulgaris)",1.0,9.57,19.93,2.73,0.92,23.40,17.99,5.41,43.46,1155,0.35,0.07,1.88,0.85,0.35,0.66,291,,,4.35,,,0.24,,2.69,0.07,,,,,0.51,21.50,,48.99,,,,,,,207,0.53,,,78.16,0.01,0.021,1.03,4.5,,0.001,197,2.38,,0.073,0.184,457,1272,32.55,1.35,2.42,41.22,40.07,0.2,0.53,0.42,,1.15,,,,,142,36.97,3.33,2.61,2.68,,,80.07,,,,398,,69.82,,188,80.07,468,,,,,,,,,,,,,,,3.21,4.57,8.91,6.79,1.36,0.59,5.88,4.12,0.73,5.24,5.47,7.49,10.47,17.14,4.74,4.43,5.76,4,1.28,1.1,0.18,,,3.83,0.44,,6.84,,3.18,,,,,,,3.87,0.59,6.47,,,,,,,,,,,,,,,,,,,,,,,,,,,,180,0.12,0.38,0.01,,2.51,42.15,51.63,759,1.63,,,,,,,,,,,,,,,,,,,,,,
B008,"Field bean, brown (Phaseolus vulgaris)",1.0,8.74,19.90,2.74,0.98,22.40,17.32,5.08,45.24,1184,0.32,0.07,2.04,0.97,0.37,0.76,292,,,4.24,,,0.25,,2.74,0.06,,,,,0.53,20.70,,53.18,,,,,,,254,0.73,,,75.2,0.01,0.018,0.9,4.99,,0.001,173,2.38,,0.057,0.283,429,1245,22.82,1.41,2.44,43.47,42.3,0.2,0.29,0.68,,1.17,,,,,149,39.16,3.66,3.01,3.04,,,127,,,,389,,70.06,,198,127,460,,,,,,,,,,,,,,,3.23,4.59,8.88,6.75,1.38,0.52,5.72,3.97,0.78,5.16,5.37,7.71,10.07,17.28,4.25,4.43,5.61,3.85,1.26,1.1,0.16,,,2.24,0.52,,4.52,,2.67,,,,,,,2.68,0.64,5.14,,,,,,,,,,,,,,,,,,,,,,,,,,,,172,0.16,0.31,0.01,,2.8,46.17,51.14,773,1.71,,,,,,,,,,,,,,,,,,,,,,
B009,"Field bean, white (Phaseolus vulgaris)",5.0,8.61±0.36,19.84±1.04,3.09±0.15,0.94±0.02,22.99±0.83,17.45±2.27,5.54±2.28,44.53±1.42,1173±24,0.37±0.082,0.07±0.009,1.96±0.09,0.92±0.19,0.38±0.017,0.68±0.11,289±27.0,,,4.26±0.10,,,0.25±0.02,,2.65±0.59,0.07±0.00,,,,,0.52±0.06,22.65±1.15,,58.47±4.55,,,,,,,256±33.2,0.52±0.24,,,77.24±10.17,0.019±0.014,0.014±0.005,0.94±0.09,5.50±0.72,,0.001±0.001,190±15.1,2.41±0.33,,0.034±0.020,0.261±0.100,448±71.4,1360±33.0,21.52±1.34,1.70±0.04,2.80±0.18,44.32±1.37,42.25±0.52,0.10±0.01,0.41±0.06,0.56±0.23,,1.07±0.28,,,,,142±6.0,37.22±1.84,2.81±0.22,2.31±0.48,1.92±0.26,,,61.57±6.06,,,,426±6.2,,76.61±8.35,,186±6.9,61.57±6.06,503±12.8,,,,,,,,,,,,,,,2.82±0.76,4.41±0.36,8.48±0.66,6.13±0.68,1.40±0.18,0.57±0.09,5.76±0.32,3.97±0.31,0.89±0.07,4.96±0.36,5.19±0.37,7.01±0.73,10.61±0.60,16.59±2.32,4.04±0.28,4.24±0.31,5.51±0.40,3.84±0.21,1.23±0.05,0.97±0.07,0.31±0.08,,,3.12±0.73,0.89±0.44,,1.67±0.88,,2.56±0.30,,,,,,,3.97±1.00,0.60±0.14,5.52±0.50,,,,,,,,,,,,,,,,,,,,,,,,,,,,170±6.2,0.13±0.015,0.33±0.046,0.01±0.001,,2.47±0.18,43.19±2.38,53.83±1.78,791±15.8,1.75±0.18,,,,,,,,,,,,,,,,,,,,,,
B010,"Green gram, dal (Phaseolus aureus)",6.0,9.77±0.67,23.88±0.61,3.04±0.03,1.35±0.20,9.37±0.38,7.75±0.39,1.62±0.19,52.59±0.45,1363±10,0.35±0.071,0.12±0.016,1.84±0.23,1.68±0.17,0.19±0.011,0.65±0.06,92.11±5.11,,,2.05±0.08,,,0.06±0.01,,1.66±0.15,,,,,,0.23±0.02,8.30±0.85,,113±22.6,2.98±1.73,,,,,122±2.7,619±61.9,2.47±0.24,,,43.13±5.14,0.002±0.001,0.006±0.001,0.97±0.11,3.93±0.30,0.002±0.001,0.002±0.001,155±17.2,0.98±0.06,2.03±2.80,0.162±0.140,0.129±0.045,416±22.4,1268±85.3,50.14±8.92,10.14±0.33,2.49±0.12,42.01±0.79,41.06±0.64,0.10±0.01,0.30±0.02,0.55±0.20,,0.95±0.41,,,,,208±6.3,39.24±4.70,,,,,,35.85±4.30,,,,377±14.8,,157±14.9,,247±9.5,35.85±4.30,534±28.2,,,,,,,,,,,,,,,2.55±0.26,4.07±1.11,7.90±0.99,6.09±1.06,1.05±0.23,0.43±0.10,6.20±0.61,3.36±0.60,1.24±0.42,5.21±1.28,4.59±0.33,6.51±0.58,12.10±2.16,17.43±2.22,3.70±0.53,3.67±0.67,5.01±0.53,2.95±0.44,2.46±0.74,1.94±0.66,0.52±0.39,,,2.16±0.71,1.50±0.30,,1.33±0.26,,,,,0.75±0.15,,,,1.54±0.22,,,,0.04±0.01,,0.40±0.23,,0.08±0.01,0.04±0.02,,,,0.14±0.02,,,,,,,,,,,,,,,,,6.44±0.53,0.07±0.014,0.32±0.057,0.90±0.121,0.02±0.019,3.29±0.22,12.19±0.37,55.33±1.51,170±15.0,1.08±0.08,,,,,,,,,,,,,,,,,,,,,,
B011,"Green gram, whole (Phaseolus aureus)",6.0,9.95±0.42,22.53±0.43,3.22±0.04,1.14±0.17,17.04±0.38,14.59±0.42,2.44±0.15,46.13±0.64,1229±10,0.45±0.027,0.27±0.011,2.16±0.13,2.02±0.24,0.35±0.034,1.35±0.16,145±5.4,,,3.15±0.33,,,0.13±0.02,,2.08±0.22,,,,,0.26±0.04,0.33±0.02,12.63±1.23,,187±20.7,5.63±2.50,,,,,137±33.5,889±106,3.24±0.39,,,92.43±10.68,0.012±0.006,0.021±0.009,1.00±0.14,4.89±0.46,,0.002±0.002,198±39.2,1.05±0.08,2.96±4.83,0.174±0.058,0.103±0.014,353±33.6,1177±74.3,23.32±6.03,12.48±0.07,2.67±0.13,39.75±5.41,39.21±5.42,0.10±0.02,0.14±0.02,0.30±0.11,,0.54±0.11,,,,,233±7.6,41.32±4.98,,,,,,27.22±5.09,,,,430±10.8,,180±6.7,,274±10.9,27.22±5.09,611±12.8,,,,,,,,,,,,,,,2.85±0.26,4.17±0.37,7.45±0.50,6.60±0.33,1.21±0.20,0.74±0.03,6.21±0.39,3.20±0.18,1.02±0.14,5.45±0.37,4.94±0.77,6.62±0.30,10.99±0.94,18.59±1.15,3.78±0.39,4.07±0.49,5.50±0.82,2.83±0.27,12.29±0.30,10.57±0.27,1.72±0.12,,,5.98±0.84,1.84±0.13,,1.34±0.29,,,,,2.31±0.45,,,,4.06±0.64,,,,3.76±0.55,,0.76±0.11,,4.29±0.71,0.36±0.10,,,,5.52±0.86,,,,,,,,,,,,,,,,,90.74±5.49,0.11±0.053,0.30±0.076,1.57±0.308,0.03±0.018,3.03±0.11,12.38±0.97,51.77±0.25,375±12.3,1.28±0.07,,,,,,,,,,,,,,,,,,,,,,
B012,"Horse gram, whole (Dolicus biflorus)",6.0,9.28±0.57,21.73±0.29,3.24±0.11,0.62±0.04,7.88±0.02,6.22±0.03,1.66±0.03,57.24±0.50,1379±9,0.32±0.002,0.24±0.033,1.82±0.26,1.58±0.06,0.21±0.017,0.59±0.07,163±5.3,,,1.80±0.06,,,0.06±0.01,,2.06±0.16,,,,,,0.27±0.02,10.24±1.40,,67.26±9.84,2.92±1.81,,,,,58.57±9.13,267±42.8,4.69±1.04,,0.001±0.001,269±34.9,0.027±0.010,0.054±0.024,1.29±0.09,8.76±1.16,0.007±0.002,0.005±0.008,152±18.1,3.13±0.41,6.72±3.83,0.124±0.056,0.273±0.077,298±22.5,1065±42.4,29.49±6.79,12.14±0.17,2.71±0.21,48.31±1.68,47.96±1.68,0.10±0.03,0.15±0.03,0.10±0.01,,0.35±0.05,,,,,114±2.1,13.59±0.76,,4.45±0.21,2.65±0.19,,,68.89±1.85,,,,207±3.8,,51.68±3.81,,135±2.3,68.89±1.85,258±6.4,,,,,,,,,,,,,,,2.70±0.28,3.72±0.83,6.79±0.81,6.24±0.57,0.73±0.30,0.75±0.19,8.08±0.60,3.32±0.10,1.08±0.25,4.16±0.96,4.60±0.75,5.87±0.27,11.24±1.19,18.54±1.69,4.03±0.34,3.72±0.34,5.19±0.75,3.18±0.26,181±9.1,144±7.7,38.36±3.08,,,37.04±2.71,0.37±0.12,,0.68±0.44,,,,4.61±0.46,,,,,,0.39±0.17,,,,,,3.32±0.37,,,,,,,,,,,,,,,,,,,,,,,332±27.7,0.04±0.015,1.59±0.235,,,3.41±0.30,11.57±0.29,47.56±1.15,339±31.3,2.30±0.44,,,,,,,,,,,,,,,,,,,,,,
B013,Lentil dal (Lens culinaris),6.0,9.71±0.48,24.35±1.10,2.23±0.13,0.75±0.04,10.43±0.39,8.60±0.42,1.83±0.23,52.53±1.05,1349±11,0.34±0.034,0.16±0.005,1.81±0.02,1.32±0.03,0.18±0.022,1.25±0.20,49.99±4.91,,,1.31±0.12,,,0.02±0.01,,1.37±0.11,0.23±0.05,,,,,0.16±0.01,3.75±0.79,,5.92±3.05,,,,,,6.34±0.82,812±93.3,1.60±0.14,1.19±0.76,,44.32±4.74,0.006±0.002,0.009±0.003,0.96±0.11,7.06±0.55,,0.003±0.003,74.69±7.78,1.16±0.12,0.34±0.39,0.079±0.036,0.101±0.015,310±5.3,786±55.3,49.50±18.40,10.27±0.07,3.61±0.26,46.39±2.28,44.44±2.17,0.80±0.16,0.30±0.01,0.85±0.02,,1.95±0.17,,,,,79.74±3.82,11.28±0.91,,,,,,112±7.6,,,,266±15.4,,70.14±4.07,,91.02±3.30,112±7.6,336±18.9,,,,,,,,,,,,,,,1.93±0.32,3.74±0.91,7.10±0.86,6.12±0.71,0.54±0.19,0.55±0.07,5.10±0.73,3.31±0.24,0.81±0.07,5.02±0.39,4.45±0.70,7.92±0.44,12.69±1.67,18.31±0.61,3.67±0.26,3.63±0.31,4.90±0.64,2.95±0.21,10.46±1.00,8.42±1.07,2.04±0.42,,,2.77±0.94,0.18±0.07,21.37±4.24,0.70±0.20,0.12±0.11,0.13±0.03,,0.07±0.03,,1.52±0.41,0.11±0.02,,0.03±0.01,0.02±0.01,0.23±0.05,0.07±0.03,0.02±0.01,0.12±0.01,0.13±0.02,0.02±0.01,0.32±0.20,0.87±0.09,,0.76±0.08,,1.14±0.42,,,,,0.02±0.01,0.02±0.01,0.02±0.01,0.06±0.02,0.06±0.02,,0.11±0.02,,0.03±0.01,,7.17±0.74,4.10±1.57,14.94±2.10,0.07±0.015,0.57±0.066,0.08±0.018,,5.74±0.18,3.32±0.16,75.75±4.23,218±6.2,1.63±0.14,,,,,,,,,,,,,,,,,,,,,,
B014,"Lentil whole, brown (Lens culinaris)",6.0,9.20±0.77,22.49±0.58,2.39±0.35,0.64±0.02,16.82±1.30,14.16±1.33,2.66±0.42,48.47±1.12,1251±23,0.40±0.073,0.22±0.026,2.54±0.12,1.84±0.22,0.46±0.022,1.74±0.16,132±6.7,,,14.52±1.68,,,0.03±0.00,,1.64±0.18,0.30±0.03,,,,,0.19±0.02,7.27±0.69,,6.85±2.24,,,,,,10.29±1.09,924±89.0,2.60±0.43,0.46±0.47,,76.13±7.23,0.022±0.013,0.015±0.004,0.98±0.07,7.57±0.67,0.016±0.013,0.004±0.002,101±13.9,1.55±0.26,2.08±0.25,0.076±0.057,0.201±0.062,274±27.4,756±63.6,33.14±18.27,11.20±0.08,3.60±0.23,43.03±1.05,41.41±0.92,0.78±0.22,0.15±0.06,0.71±0.11,,1.63±0.33,,,,,70.01±2.45,11.20±0.99,,,,,,102±5.3,,,,221±8.1,,55.40±3.46,,81.22±2.82,102±5.3,277±9.7,,,,,,,,,,,,,,,2.07±0.14,4.17±0.05,7.36±0.34,6.78±0.51,0.84±0.03,1.18±0.04,4.61±0.68,3.35±0.05,0.76±0.04,4.85±0.06,5.75±0.61,7.44±2.06,12.48±1.70,17.25±1.68,4.78±0.08,5.01±1.49,5.51±0.21,2.40±0.77,10.74±0.61,8.71±0.71,3.04±1.44,1.56±0.28,,0.04±0.01,0.50±0.14,25.17±1.15,1.57±0.44,10.13±0.01,0.35±0.02,,0.28±0.05,,2.72±0.72,0.28±0.09,,0.25±0.09,0.08±0.02,,0.08±0.01,0.72±0.07,0.20±0.04,0.24±0.08,0.12±0.01,0.84±0.13,1.42±0.19,,1.28±0.09,,1.76±0.15,,,,,0.09±0.01,0.02±0.01,0.05±0.01,0.10±0.01,0.20±0.07,,0.34±0.08,,0.13±0.01,,13.77±1.70,8.18±0.97,274±21.9,0.21±0.031,0.92±0.099,0.02±0.009,,4.66±0.13,4.94±0.04,74.08±0.96,564±16.4,1.95±0.24,,,,,,,,,,,,,,,,,,,,,,
B015,"Lentil whole, yellowish (Lens culinaris)",2.0,9.75,22.87,2.20,0.61,16.66,14.15,2.51,47.91,1246,0.42,0.22,2.56,1.68,0.47,1.63,121,,,17.68,,,0.03,,1.58,0.30,,,,,0.19,5.25,,7.76,,,,,,12.64,939,1.02,,,76.66,0.012,0.012,0.88,7.91,0.016,0.004,86.38,1.56,1.62,0.299,0.145,261,764,56.28,10.87,3.31,43.58,42.08,0.5,0.23,0.77,,1.5,,,,,66.76,9.41,,,,,,92.18,,,,217,,57.16,,76.17,92.18,274,,,,,,,,,,,,,,,2.26,4.12,7.47,6.43,0.84,1.06,4.67,3.49,0.75,4.75,5.59,7.74,12.93,16.48,4.89,4.5,5.68,2.81,13.88,10.76,3.38,1.35,,0.1,0.68,23.29,1.31,12.95,0.43,,0.25,,2.65,0.23,,0.07,,2.56,0.12,0.05,0.17,0.22,0.09,0.61,1.46,,1.21,,,1.53,,,,0.07,0.06,0.06,0.12,0.11,,0.24,,0.16,,,,266,0.24,0.96,0.04,,4.47,4.96,73.59,585,0.89,,,,,,,,,,,,,,,,,,,,,,
B016,Moth bean (Vigna aconitifolia),6.0,8.14±0.49,19.75±0.38,3.14±0.18,1.76±0.09,15.12±0.49,14.50±0.44,0.62±0.10,52.09±0.96,1291±16,0.45±0.070,0.09±0.005,1.87±0.08,1.41±0.06,0.16±0.009,2.12±0.21,349±10.8,,,9.77±0.17,,,0.29±0.02,,5.04±0.44,0.26±0.02,,,,,0.79±0.05,22.75±1.22,,148±21.2,,,,,,3.57±1.03,622±72.9,0.54±0.42,,,154±17.0,0.003±0.001,0.019±0.007,0.64±0.06,7.90±0.17,,0.005±0.002,205±13.5,1.07±0.02,,0.059±0.025,0.180±0.014,362±31.7,1356±53.2,18.82±3.46,26.34±0.10,1.92±0.08,48.00±0.72,46.64±0.76,0.10±0.01,0.62±0.03,0.64±0.11,,1.36±0.11,,,,,320±7.9,97.75±3.22,7.94±0.27,4.79±0.50,2.83±0.28,,,72.25±5.74,,,,609±18.7,,240±7.8,,434±10.8,72.25±5.74,848±24.6,,,,,,,,,,,,,,,2.80±0.29,4.17±0.57,7.85±0.73,6.63±0.60,0.97±0.20,0.43±0.06,5.85±0.70,3.63±0.11,0.92±0.04,4.90±0.47,5.00±0.42,7.68±0.76,10.54±0.81,16.89±1.33,3.68±0.31,3.95±0.48,5.04±0.38,2.92±0.37,36.11±6.26,28.72±1.91,10.15±0.37,,,2.25±0.33,0.71±0.28,,4.25±1.68,,,,,,,,,0.09±0.01,0.55±0.13,2.56±0.86,,,,,,,,,,,,,,,,,,,,,,,,,,,,48.87±2.40,0.18±0.007,1.62±0.061,0.02±0.002,,10.40±0.29,27.32±1.35,93.84±1.32,609±9.3,3.12±0.20,,,,,,,,,,,,,,,,,,,,,,
B017,"Peas, dry (Pisum sativum)",6.0,9.33±0.61,20.43±0.79,2.41±0.09,1.89±0.08,17.01±0.63,14.55±0.73,2.47±0.17,48.93±0.45,1269±13,0.56±0.049,0.16±0.013,2.69±0.15,1.26±0.03,0.26±0.045,0.53±0.12,110±9.3,,,15.21±0.77,,,0.07±0.01,,2.50±0.24,,,,,,0.32±0.02,11.45±1.24,,474±35.6,23.41±7.12,,,,,65.71±8.07,933±94.1,0.52±0.19,,,75.11±13.93,0.010±0.007,0.009±0.004,0.68±0.06,5.09±0.45,0.005±0.003,0.003±0.003,123±8.1,1.08±0.09,1.83±3.36,0.113±0.084,0.111±0.021,334±18.3,922±67.4,50.07±3.23,23.40±0.07,3.10±0.14,45.07±2.32,43.04±2.09,0.61±0.04,0.48±0.26,0.94±0.08,,2.03±0.26,,,,,193±10.2,48.50±3.39,,,,,,398±31.2,,,,728±31.5,,145±12.8,,242±9.7,398±31.2,873±41.5,,,,,,,,,,,,,,,2.34±0.09,3.87±0.46,7.02±0.38,7.12±0.51,0.68±0.19,0.82±0.15,4.76±0.23,3.65±0.15,0.86±0.19,4.67±0.66,4.51±0.44,8.09±0.30,11.34±0.72,17.52±0.81,4.19±0.16,3.73±0.19,4.83±0.38,3.25±0.19,8.89±1.04,6.75±0.73,2.35±0.64,2.98±0.68,,1.32±0.44,0.82±0.52,83.15±7.96,3.48±1.84,,0.07±0.01,,,,0.11±0.07,,,0.08±0.03,0.07±0.01,2.08±0.54,,,,,1.68±0.32,,,,,,,,,,,,,,,,,,,,,,,30.65±1.97,0.10±0.017,0.61±0.082,0.17±0.060,,6.13±0.11,2.91±0.09,84.85±1.82,413±17.8,1.40±0.20,,,,,,,,,,,,,,,,,,,,,,
B018,"Rajmah, black (Phaseolus vulgaris)",2.0,8.69,19.01,3.35,1.62,17.74,15.16,2.58,49.59,1247,0.21,0.19,2.61,1.91,0.23,0.63,332,,,27.98,,,0.05,,1.62,,,,,,0.21,5.05,,6.38,,,,,,1.95,86.67,0.75,,,134,0.032,0.006,0.87,6.17,0.012,0.002,160,1.19,,0.034,0.283,386,1362,18.65,9.4,3.08,40.46,38.45,,0.18,1.84,,2.02,,,,,216,21.97,,,,,,105,,,,386,,541,,238,105,927,,,,,,,,,,,,,,,2.44,3.91,6.84,6.01,0.79,0.72,5.32,3.91,1.22,4.83,4.68,5.81,12.96,18.89,3.42,3.23,5.1,3.1,48.66,45.46,3.2,,,2.72,1.2,,3.71,,,,,,,,,4.7,2.69,5.66,,,,28.35,5.9,2.3,,,,,,,,,,,,,2.25,,,2.13,,,,,,358,0.1,1.44,0.02,,2.59,16.5,63.2,470,2.3,,,,,,,,,,,,,,,,,,,,,,
B019,"Rajmah, brown (Phaseolus vulgaris)",6.0,9.68±0.79,19.50±0.84,3.36±0.19,1.68±0.07,16.95±0.27,14.33±0.19,2.62±0.16,48.83±0.59,1245±12,0.26±0.035,0.21±0.005,2.37±0.12,2.06±0.05,0.21±0.016,0.77±0.13,330±29.6,,,25.82±3.22,,,0.08±0.02,,1.58±0.13,,,,,,0.23±0.03,5.50±0.85,,7.18±1.82,,,,,,2.16±0.50,90.26±14.96,0.92±0.20,,,134±17.6,0.025±0.015,0.024±0.024,0.89±0.12,6.30±0.61,0.006±0.005,0.002±0.002,164±22.3,1.19±0.09,1.48±0.18,0.081±0.043,0.287±0.122,396±32.5,1366±113,12.70±5.51,10.47±0.10,2.60±0.17,40.32±2.28,38.05±2.28,,0.39±0.16,1.88±0.49,,2.27±0.53,,,,,215±13.1,26.74±3.42,,,,,,91.76±2.33,,,,344±7.7,,552±26.6,,242±14.1,91.76±2.33,896±26.7,,,,,,,,,,,,,,,2.71±0.22,4.27±0.50,7.93±0.43,6.67±0.18,0.97±0.26,0.62±0.21,5.91±0.56,4.35±0.21,1.04±0.13,5.21±0.69,4.59±0.34,5.96±0.25,11.35±0.95,16.60±0.73,3.90±0.12,3.63±0.27,5.81±0.44,3.24±0.14,43.41±8.69,33.48±4.15,8.16±0.95,,,2.40±0.85,0.73±0.34,,3.48±2.08,,,,,,,,,3.96±1.08,2.74±0.26,6.12±1.25,,,,,4.86±0.82,2.58±0.17,,,,,,,,,,,,,2.11±0.49,,,2.40±0.36,,,,,,353±4.7,0.05±0.019,1.41±0.312,0.02±0.008,,2.50±0.13,16.44±0.26,64.18±2.25,481±12.0,2.85±0.65,,,,,,,,,,,,,,,,,,,,,,
B020,"Rajmah, red (Phaseolus vulgaris)",3.0,9.87±0.30,19.91±1.44,3.28±0.21,1.77±0.04,16.57±0.63,13.86±0.43,2.70±0.20,48.61±0.65,1252±14,0.30±0.020,0.19±0.018,2.42±0.15,1.82±0.10,0.21±0.033,0.77±0.18,316±20.1,,,26.73±3.93,,,0.07±0.02,,1.56±0.13,,,,,,0.23±0.01,4.90±0.85,,6.76±2.55,,,,,,1.60±0.24,103±29.2,0.65±0.16,,,126±8.1,0.029±0.013,0.013±0.004,0.78±0.08,6.13±0.77,0.003±0.000,0.003±0.004,173±9.7,1.24±0.11,,0.054±0.035,0.203±0.085,409±32.4,1324±195,22.45±5.37,10.45±0.05,2.69±0.34,40.07±0.51,38.55±0.28,,0.23±0.04,1.29±0.23,,1.52±0.26,,,,,225±6.0,30.51±5.16,,,,,,87.84±14.82,,,,374±20.7,,557±23.2,,256±10.9,87.84±14.82,931±28.9,,,,,,,,,,,,,,,2.70±0.30,4.23±0.38,7.78±0.71,6.71±0.81,0.88±0.40,0.70±0.18,5.90±0.56,4.18±0.65,1.05±0.27,5.07±0.71,4.57±0.53,6.10±0.85,10.50±0.85,16.01±2.17,3.78±0.49,3.40±0.58,5.74±0.90,3.12±0.37,41.44±8.25,38.84±7.80,2.60±0.44,,,2.19±0.62,0.67±0.47,,3.76±1.34,,,,,,,,,3.80±1.44,2.42±0.33,5.93±0.22,,,,,4.76±0.96,2.76±0.33,,,,,,,,,,,,,2.10±0.55,,,2.79±0.57,,,,,,360±9.9,0.07±0.040,1.42±0.565,0.03±0.010,,2.60±0.20,16.23±0.15,64.67±2.18,465±19.0,2.79±0.40,,,,,,,,,,,,,,,,,,,,,,
B021,"Red gram, dal (Cajanus cajan)",6.0,9.20±0.61,21.70±0.50,3.26±0.03,1.56±0.03,9.06±0.30,6.67±0.23,2.39±0.15,55.23±0.83,1384±10,0.45±0.046,0.11±0.006,2.09±0.14,1.27±0.08,0.24±0.026,0.31±0.04,108±8.7,,,2.12±0.08,,,0.13±0.02,,0.63±0.09,0.06±0.01,,,,,0.19±0.02,42.25±7.70,,11.69±1.31,,,,,,127±26.3,484±90.6,0.83±0.48,,,71.73±6.41,0.007±0.003,0.003±0.002,1.14±0.14,3.90±0.46,0.003±0.001,0.004±0.003,119±15.3,1.12±0.08,1.56±0.34,0.131±0.080,0.198±0.053,328±17.2,1395±118,14.36±4.16,18.01±0.12,2.63±0.10,50.60±1.41,48.53±1.24,0.10±0.02,0.20±0.02,1.78±0.17,,2.08±0.14,,,,,222±11.6,35.22±3.19,,,,,,89.94±4.43,,,,600±29.5,,51.44±7.77,,257±14.3,89.94±4.43,651±36.2,,,,,,,,,,,,,,,3.16±0.27,3.42±0.43,6.73±0.56,6.16±0.28,0.87±0.22,0.67±0.12,8.76±1.02,3.26±0.17,0.71±0.11,4.38±0.30,4.49±0.87,5.87±0.34,10.26±1.05,21.50±1.33,3.23±0.18,3.94±0.53,4.26±0.43,2.32±0.25,1.41±0.11,1.20±0.13,0.22±0.08,,,0.48±0.18,0.56±0.23,3.28±1.69,0.55±0.22,2.02±0.57,0.08±0.01,,0.13±0.02,0.04±0.01,,,,0.36±0.03,,,0.05±0.01,0.40±0.13,,,0.05±0.01,,,,2.87±0.16,,,,,,,,0.01±0.01,0.10±0.01,0.05±0.01,,,0.09±0.02,,0.02±0.01,,,,15.94±0.87,0.33±0.052,0.81±0.120,0.67±0.139,,7.39±0.25,9.46±0.74,68.59±1.39,277±23.4,1.56±0.19,,,,,,,,,,,,,,,,,,,,,,
B022,"Red gram, whole (Cajanus cajan)",6.0,9.30±0.45,20.47±0.72,3.53±0.03,1.38±0.08,22.84±0.43,19.69±0.30,3.15±0.34,42.48±0.77,1146±10,0.74±0.028,0.15±0.015,2.42±0.18,1.56±0.13,0.42±0.033,0.65±0.04,229±19.0,,,2.78±0.05,,,0.65±0.07,,1.53±0.31,0.11±0.02,,,,,0.80±0.06,91.83±7.96,,25.25±6.15,,,,,,149±21.0,579±44.8,2.21±0.40,,0.001±0.001,139±11.8,0.022±0.005,0.020±0.007,1.32±0.15,5.37±1.36,0.004±0.001,0.008±0.005,155±23.1,1.34±0.29,2.22±0.47,0.087±0.054,0.161±0.031,312±38.3,1303±103,15.41±7.61,19.03±0.11,2.99±0.25,40.27±2.16,38.97±1.91,0.10±0.01,0.20±0.02,1.00±0.07,,1.30±0.09,,,,,236±11.0,40.95±3.31,,,,,,78.55±6.71,,,,585±40.3,,51.67±4.67,,277±13.1,78.55±6.71,637±41.6,,,,,,,,,,,,,,,3.28±0.13,3.38±0.49,6.88±0.48,7.07±0.37,0.92±0.32,0.91±0.07,8.71±0.82,3.38±0.21,0.75±0.17,4.17±0.65,4.35±0.41,5.98±0.33,10.41±0.95,20.27±0.94,3.33±0.25,3.93±0.47,4.40±0.41,2.54±0.25,1.65±0.11,1.33±0.15,0.32±0.16,,,4.13±0.51,1.53±0.42,4.03±1.62,1.55±0.27,2.20±0.52,0.59±0.03,,0.63±0.05,0.41±0.12,,,,0.59±0.03,,,0.12±0.02,1.50±0.23,,,1.16±0.25,,,,8.32±0.85,,,,,,,,,,0.54±0.13,,,0.24±0.03,,0.15±0.02,,,,204±3.8,0.24±0.072,0.64±0.174,0.61±0.142,,6.60±0.22,10.49±0.74,69.10±1.35,604±10.8,1.89±0.09,,,,,,,,,,,,,,,,,,,,,,
B023,Ricebean (Vigna umbellata ),1.0,11.12,19.97,3.54,0.74,13.37,10.04,3.33,51.26,1265,0.46,0.14,2.32,0.98,0.13,2.65,122,1.11,,8.26,,,0.90,,1.43,,0.05,,0.18,,1.06,21.85,,6.88,,,,,,,29.02,,,,200,0.002,,0.75,4.76,,,201,1.68,,,,270,1196,,10.62,2.29,45.38,44.05,0.2,0.73,0.4,,1.33,,,,,50.69,14.81,17.97,28.06,18.26,,,357,,,,62.93,,,,172,357,62.93,,,,,,,,,,,,,,,3.23,3.8,7.86,6.75,1.12,1.02,7.56,3.52,0.82,5.23,4.76,5.58,10.12,17.32,4.28,4.2,4.83,3.12,391,70.36,321,,,20.05,3.86,,0.4,,0.03,,0.11,0.09,,0.03,,0.02,,,0.32,0.01,,,0.01,,,,,,,,,,,,,,0.22,,,0.01,,,,,,11.58,0.05,5,,,0.85,3.13,25.45,486,,,,,,,,,,,,,,,,,,,,,,,
B024,"Soya bean, brown (Glycine max)",6.0,5.51±0.13,35.58±0.66,4.74±0.31,19.82±0.26,21.55±0.66,16.56±0.30,5.00±0.52,12.79±0.97,1596±11,0.59±0.069,0.24±0.002,2.12±0.14,1.97±0.25,0.43±0.012,0.73±0.09,297±26.1,,,66.22±5.10,,,1.04±0.04,,2.28±0.18,0.58±0.10,0.05±0.01,,,,1.29±0.04,45.80±8.48,,35.47±13.69,,,,,,3.50±1.01,262±22.4,1.45±0.39,,0.001±0.000,239±26.6,0.003±0.003,0.049±0.012,1.29±0.22,8.29±0.51,,0.001±0.001,259±40.2,2.69±0.37,1.15±0.30,0.157±0.108,0.154±0.039,483±38.9,1613±75.6,19.00±5.48,2.07±0.05,4.01±0.51,9.16±1.10,6.65±1.34,0.20±0.02,0.63±0.25,1.68±0.39,,2.51±0.43,,,,,2381±26.3,566±54.7,47.10±6.29,67.89±4.22,29.84±4.91,,22.79±2.11,4499±230,35.99±5.33,,,9969±135,,1310±97.8,,3092±75.9,4558±230,11279±188,,,,,,,,,,,,,,,2.40±0.28,4.57±0.33,8.27±0.17,7.67±0.11,1.46±0.11,1.56±0.08,4.73±0.77,3.47±0.17,1.59±0.26,5.04±0.59,4.32±0.61,6.62±0.50,11.47±1.19,18.27±1.26,3.79±0.31,4.40±0.20,4.91±0.66,3.21±0.30,122±5.3,8.19±0.22,114±5.1,,,31.91±4.04,1.34±0.17,,0.82±0.25,,1.45±0.14,,1.75±0.06,0.41±0.10,1.28±0.02,,,1.07±0.02,5.88±0.48,2.52±0.28,8.23±0.11,1.77±0.33,,,,1.67±0.20,1.47±0.57,1.47±0.09,6.51±0.25,,,,,,,,31.71±1.94,56.30±2.41,,,,,,,7.24±0.08,8.05±0.65,,106±2.8,0.33±0.087,2.01±0.456,0.04±0.016,,14.48±0.38,10.38±0.26,88.47±1.53,443±24.6,7.39±0.85,,,,,,,,,,,,,,,,,,,,,,
B025,"Soya bean, white (Glycine max)",1.0,5.47,37.80,4.52,19.42,22.63,17.04,5.59,10.16,1579,0.61,0.23,2.28,1.97,0.45,0.77,288,,,69.81,,,1.06,,2.50,0.30,0.04,,,,1.33,46.20,,28.5,,,,,,2.82,282,0.71,,,195,0.007,0.018,0.79,8.22,,,189,2.27,,0.156,0.169,494,1634,16.85,2.83,3.47,9.46,7.26,0.2,0.56,1.44,,2.2,,,,,2338,523.44,43.3,65.49,30.95,,25.35,4723,68.1,,,9754,,1318,,3002,4817,11071,,,,,,,,,,,,,,,2.55,4.59,8.14,7.18,1.55,1.44,5.01,3.88,1.68,5.53,4.33,7.33,11.4,16.78,3.89,3.24,4.62,3.32,119,8.18,111,,0.08,33.52,1.32,,0.89,,1.48,,1.87,0.35,1.31,,,1.04,4.12,2.45,7.42,2.47,,,,1.47,1.41,1.58,5.93,,,,,,,,28.53,47.81,,,,,,,6.93,7.23,,111,0.31,1.81,0.05,,14.4,10.4,88.09,460,7.51,,,,,,,,,,,,,,,,,,,,,,
C001,Agathi leaves (Sesbania grandiflora),1.0,74.43,8.01,2.42,1.35,8.60,6.00,2.60,5.21,295,0.26,0.33,1.18,0.53,0.22,7.75,120,121,,4.02,,,1.48,0.22,0.18,,0.60,,0.18,,1.77,269,,12941,559,,,,,12582,36087,,3.92,0.001,901,,0.007,0.25,4.36,0.013,,96.64,1.24,0.41,0.003,0.068,52.52,674,30.7,18.12,0.53,3.95,3.72,0.1,0.1,0.03,,0.23,,,,,346,74.53,23.95,24.96,20.61,,16.91,40.76,,,,125,,407,,490,57.67,532,,,,,,,,,,,,,,,2.39,2.8,7.58,7.62,1.28,0.85,6.03,5.39,1.77,5.99,7.22,4.58,10.61,15.78,5.47,4.63,4.44,3.76,179,8.06,171,,2.46,7.26,7.59,,3.27,,1.66,,,,0.99,,0.36,0.41,0.2,10.9,0.35,0.84,,,0.25,0.42,0.51,,,,1.21,1.01,,,,,,,,,,,,,,,,89.25,,,,,4.42,1.37,5.94,63.33,0.69,,,,,,,,,,,,,,,,,,,,,,
C002,"Amaranth leaves, green (Amaranthus gangeticus)",6.0,86.85±1.21,3.29±0.57,2.52±0.32,0.65±0.07,4.41±0.10,3.21±0.08,1.20±0.09,2.28±0.62,128±17,0.01±0.000,0.19±0.028,0.71±0.06,0.41±0.09,0.21±0.010,2.46±0.25,70.33±8.10,83.54±10.54,,16.01±2.74,,,0.41±0.05,,0.26±0.10,,,,,,0.44±0.05,280±15.0,,8397±1005,164±32.3,,,,,8553±1813,20473±1060,3.91±0.77,,0.002±0.001,330±74.2,0.027±0.009,0.005±0.002,0.21±0.08,4.64±0.85,0.004±0.000,0.009±0.004,194±53.2,1.24±0.23,,0.024±0.023,0.017±0.008,73.22±12.66,572±152,20.97±2.01,16.08±3.71,0.86±0.31,1.02±0.02,0.70±0.01,0.09±0.01,0.19±0.02,0.04±0.02,,0.32±0.02,,,,18.47±4.66,143±5.4,16.15±1.99,2.57±0.38,4.74±1.26,9.09±1.70,,16.05±2.51,31.26±2.04,1.57±0.20,,,111±8.6,,247±10.9,,194±3.2,48.87±2.73,358±17.3,,,,,,,,,,,,,,,2.12±0.35,4.39±0.65,8.04±0.79,5.48±0.35,1.38±0.06,0.82±0.14,5.68±0.65,4.16±0.36,1.01±0.08,5.03±0.82,6.55±0.66,6.10±0.49,9.22±0.71,12.75±1.46,5.59±0.53,4.45±0.43,4.62±0.28,3.69±0.38,779±232,198±29.7,582±203.6,,2.70±0.16,3.64±1.13,5.03±1.57,,3.78±1.44,,0.79±0.32,,,1.08±0.32,,,,0.48±0.22,0.54±0.22,1.82±0.76,1.59±0.50,,,,,,,7.93±0.95,,,,,,,,,,,,,,,,,,,,23.81±2.42,,,,,1.07±0.02,2.69±0.09,16.76±1.29,5.42±0.25,,,,,,,,,,,,,,,,,,,,,,,
C003,"Amaranth leaves, red (Amaranthus gangeticus)",1.0,85.56,3.93,2.61,0.63,4.91,3.72,1.19,2.37,140,0.010,0.269,0.62,0.37,0.22,2.95,81.95,86.20,,15.10,,,0.44,,0.21,,,,,,0.46,312,,7439,118,,,,,8457,21449,3.03,,0.002,245,0.028,0.023,0.22,7.25,,0.009,177,2.15,,0.013,0.026,75.98,564,22.55,14.58,1.37,1.05,0.77,0.24,0.04,,,0.28,,,,20.33,159,17.75,2.24,3.99,7.01,,14.48,31.48,1.39,,,112,,214,,210,47.34,326,,,,,,,,,,,,,,,2.01,4.31,8.2,5.58,1.63,0.96,4.77,4.04,1.2,5.24,6.56,5.83,9.14,12.86,5.12,4.07,4.5,3.01,823,185,438,,2.79,2.99,4.52,,2.98,,0.92,,,1.24,,,,1.42,0.57,1.25,2.41,,,,,,,7.91,,,,,,,,,,,,,,,,,,,,27.63,,,,,1.08,2.85,16.34,4.9,,,,,,,,,,,,,,,,,,,,,,,
C004,"Amaranth leaves, red and green mix (Amaranthus gangeticus)",4.0,86.37±0.38,3.09±0.14,2.55±0.20,0.53±0.03,4.60±0.36,3.23±0.18,1.37±0.23,2.87±0.35,132±6,0.01±0.000,0.22±0.030,0.69±0.04,0.37±0.03,0.19±0.015,2.41±0.24,69.08±6.27,77.24±7.57,,15.25±1.37,,,0.42±0.10,,0.25±0.05,,,,,,0.45±0.10,284±9.4,,7390±1361,148±30.0,,,,,8464±1753,20181±1961,3.59±0.47,,0.002±0.000,269±34.0,0.024±0.008,0.012±0.002,0.17±0.08,5.28±0.75,0.004±0.001,0.007±0.006,146±25.9,1.43±0.44,,0.010±0.004,0.030±0.020,68.23±5.66,597±118,21.62±2.82,17.55±2.59,1.03±0.31,1.10±0.12,0.95±0.04,0.03±0.02,0.12±0.10,,,0.15±0.11,,,,18.37±3.07,144±12.5,19.16±3.23,2.83±0.36,5.03±1.01,7.93±1.14,,12.28±3.08,32.72±2.99,1.59±0.28,,,118±11.1,,214±13.8,,197±14.8,46.59±2.31,332±23.5,,,,,,,,,,,,,,,2.15±0.15,4.33±1.25,8.40±0.89,5.26±1.33,1.44±0.39,1.06±0.22,5.88±0.10,4.39±0.60,1.08±0.11,4.98±1.37,7.89±0.65,6.61±1.05,9.91±1.40,13.04±2.34,5.93±0.67,4.93±0.67,4.89±0.15,3.76±0.13,676±157,188±6.5,489±159,,2.76±0.26,2.87±0.88,5.97±1.14,,2.39±1.48,,0.64±0.09,,,1.39±0.42,,,,0.67±0.33,0.58±0.09,2.07±0.30,1.69±0.36,,,,,,,8.35±0.49,,,,,,,,,,,,,,,,,,,,26.84±1.29,,,,,1.06±0.02,2.71±0.14,16.91±1.45,4.89±1.20,,,,,,,,,,,,,,,,,,,,,,,
C005,"Amaranth spinosus, leaves, green (Amaranthus spinosus)",4.0,86.46±0.48,3.54±0.31,2.94±0.21,0.36±0.02,5.10±0.32,3.89±0.26,1.20±0.07,1.61±0.40,110±5,0.01±0.000,0.13±0.011,0.63±0.02,0.33±0.02,0.22±0.051,3.07±0.09,41.44±3.48,82.56±8.24,,15.23±0.28,,,0.28±0.02,,0.03±0.01,,,,,,0.28±0.02,443±3.6,,1861±203,126±16.3,,,,,1594±315,4174±815,2.87±0.87,,,359±39.7,0.035±0.015,0.002±0.001,0.23±0.07,6.37±1.59,0.001±0.001,0.008±0.008,202±68.2,1.07±0.31,,0.032±0.015,0.024±0.004,72.46±21.03,569±78.0,28.97±2.54,15.66±1.50,1.57±0.50,0.83±0.03,0.69±0.02,0.01±0.01,0.13±0.02,,,0.14±0.02,,,,8.28±1.05,63.62±3.29,6.89±0.47,0.85±0.09,2.22±0.40,3.27±0.17,,7.88±0.67,7.79±0.32,0.34±0.10,,0.45±0.10,39.00±2.30,,147±10.4,,85.13±4.42,16.46±0.79,186±10.8,,,,,,,,,,,,,,,1.95±0.24,4.05±0.18,7.66±0.48,4.99±0.15,1.25±0.03,0.71±0.09,5.00±0.82,4.40±0.30,0.89±0.21,4.18±1.06,8.42±1.34,5.78±0.81,10.87±1.05,11.77±0.21,6.10±0.48,5.39±0.71,5.29±0.33,3.43±0.40,1073±158,81.78±11.52,991±147,6.11±0.59,2.58±0.28,11.15±1.10,3.84±0.95,,,,,,,,,,,0.61±0.13,4.06±0.44,1.97±0.77,,,,,,0.74±0.20,1.47±0.10,,,,,,,,,,,,,,,,,,,,,24.15±1.32,,,,,0.72±0.01,5.71±0.17,33.33±2.14,7.40±0.68,,,,,,,,,,,,,,,,,,,,,,,
C006,"Amaranth spinosus, leaves, red and green mix (Amaranthus spinosus)",2.0,86.64,2.80,3.20,0.34,5.57,3.82,1.75,1.45,99,0.01,0.15,0.72,0.31,0.20,2.91,44.23,77.30,,15.04,,,0.28,,0.04,,,,,,0.28,448,,1748,160,,,,,1487,4540,3.61,,,372,0.028,0.005,0.33,4.58,0.001,0.014,187,1.84,,0.021,0.02,85.02,588,19.41,16.27,1.11,0.86,0.73,0.01,0.12,,,0.13,,,,9.54,64.58,6.35,0.7,1.61,3.19,,9.5,7.36,0.49,,0.42,36.85,,131,,85.96,17.77,168,,,,,,,,,,,,,,,1.9,3.03,7.57,4.74,1.1,0.75,4.34,4.44,1.17,4.12,8.34,5.4,9.74,11.98,6.1,5.31,5.23,3.42,1045,90.2,955,6.19,2.52,15.45,4.67,,3.39,,,,,,,,,0.72,4.41,2.67,,,,,,0.89,1.7,,,,,,,,,,,,,,,,,,,,,26.19,,,,,0.77,5.54,32.38,7.15,,,,,,,,,,,,,,,,,,,,,,,
C007,Basella leaves (Basella alba),2.0,92.68,1.57,1.09,0.45,2.21,1.64,0.57,2.01,82,0.06,0.15,0.46,0.48,0.18,1.07,90.31,63.35,,9.18,,,0.15,,0.04,,0.03,,,,0.16,236,,2962,241,,,,,2473,5824,2.69,2.75,0.002,93.89,0.046,0.006,0.12,4.2,0.006,0.006,153,1.29,,0.006,0.044,37.26,337,6.17,18.74,0.39,1.69,1.67,0.01,0.01,0.01,,0.02,,,,,89.46,11.97,,,,,12.32,38.96,,,,80.67,,123,,101,51.28,203,,,,,,,,,,,,,,,2.2,3.3,7.68,5.16,0.9,0.79,4.17,4.01,1.88,3.88,7.42,5.18,9.22,12.97,5.71,4.83,4.61,3.44,170,35.47,133,,8.18,0.33,1.4,,4.72,,0.03,,0.07,,,,,,0.05,1.12,0.41,2.65,,,,,,,,,,4.01,,,,,,,,,,,,,,,,23.98,,,,,1.17,2.25,9.91,49.57,0.06,,,,,,,,,,,,,,,,,,,,,,
C008,Bathua leaves (Chenopodium album),2.0,88.77,2.50,1.71,0.44,4.01,2.34,1.68,2.56,116,0.06,0.51,0.54,0.41,0.17,1.25,42.55,41.03,,1.01,,,0.25,,,,,,,,0.25,224,,1795,132,,,,,1075,3469,,0.82,0.001,211,,0.001,0.1,2.66,0.001,,48.41,1.58,0.18,0.003,0.008,37.55,438,1.4,10.75,0.98,1.59,1.07,0.01,0.51,,,0.52,,,,1.87,96.94,7.52,3.51,7.48,2.74,,8.61,,,,,50.68,,169,,120,8.61,219,,,,,,,,,,,,,,,1.76,4.83,8.99,3.77,1.77,0.89,5.73,4.95,1.08,6.07,6.52,5.04,10.04,13.68,7.18,4.72,4.16,3.98,1077,228,850,3.08,8.64,0.46,5.53,,1.32,,0.4,,,0.09,,,,,0.23,0.31,0.01,,,,,,,,2.88,,,,,,,,,,,,,,,,,,,42.24,,,,,0.57,3.01,8.99,18.48,0.63,,,,,,,,,,,,,,,,,,,,,,
C009,Beet greens (Beta vulgaris),6.0,86.68±1.35,2.38±0.35,2.69±0.12,0.75±0.02,3.64±0.13,2.20±0.10,1.43±0.19,3.86±1.63,145±23,0.02±0.01,0.17±0.05,0.43±0.08,0.29±0.07,0.13±0.03,4.66±0.66,11.52±1.39,35.83±5.51,,1.65±0.52,,,0.15±0.03,0.17±0.05,,,,,,,0.21±0.03,69.45±5.24,,1495±329.1,146±53.2,,,,,1703±146,3340.97±143.39,,3.53±1.92,0.01±0.01,151±46.9,,0.004±0.001,0.14±0.01,5.80±0.57,0.011±0.006,,120±7.8,1.16±0.04,0.26±0.12,0.036±0.030,0.02±0.011,36.02±4.80,530±49.0,47.75±17.81,111±34.1,0.16±0.03,2.18±0.05,2.05±0.03,0.03±0.02,0.10±0.01,,,0.13±0.02,,,,5.11±0.11,160±0.6,11.83±0.23,,5.65±0.19,5.17±0.18,,7.13±0.22,72.38±0.41,,,,101±0.6,,207±0.6,,188±0.5,79.51±0.62,308±0.4,,,,,,,,,,,,,,,1.59±0.16,2.62±0.14,5.17±0.20,4.34±0.65,0.76±0.24,0.92±0.06,3.63±0.05,3.76±0.40,0.82±0.15,4.27±0.07,6.19±0.32,2.91±0.50,6.91±0.71,12.10±0.67,4.25±0.13,3.96±0.13,3.76±0.52,2.96±0.20,127±21.6,34.98±5.06,92.38±19.84,,2.27±1.28,0.32±0.16,3.17±1.54,,62.38±17.90,,,,,,,,,,,,,,,,0.24±0.00,,0.41±0.00,,,,,,,,,,,,,,,,,,,,,2.85±0.56,,,,,0.86±0.00,3.21±0.00,15.56±0.00,19.01±2.53,0.43±0.00,,,,,,,,,,,,,,,,,,,,,,
C010,"Betel leaves, big (kolkata) (Piper betle)",6.0,84.93±0.85,2.51±0.29,2.33±0.18,0.75±0.02,2.12±0.20,1.32±0.16,0.80±0.05,7.37±0.66,202±14,0.03±0.012,0.08±0.012,0.45±0.05,0.51±0.09,0.04±0.007,2.18±0.25,15.96±2.25,18.40±2.49,,3.78±0.40,,,0.04±0.01,,0.05±0.01,,0.02±0.01,,,,0.05±0.01,207±10.9,,4253±1026,60.31±18.37,,,,191±39.0,4186±524,13735±1594,2.01±0.51,1.17±0.85,0.002±0.001,207±14.9,0.026±0.010,0.003±0.001,0.24±0.05,3.00±0.77,0.005±0.002,0.012±0.006,107±22.4,2.57±0.77,0.21±0.13,0.004±0.004,0.050±0.023,51.73±4.83,649±9.0,12.15±2.80,16.80±0.03,0.47±0.17,6.61±0.06,6.24±0.04,0.20±0.01,0.17±0.02,,,0.37±0.03,,,,24.45±2.39,175±7.4,39.33±3.06,,5.21±1.10,6.02±0.97,,21.36±3.47,72.07±4.38,,,,110±4.8,,146±12.8,,250±11.6,93.43±4.18,256±11.6,,,,,,,,,,,,,,,0.80±0.09,2.05±0.26,7.87±0.65,2.30±0.41,0.72±0.17,0.42±0.26,4.58±1.11,4.25±0.60,1.00±0.45,3.46±0.36,8.68±0.82,4.94±0.51,12.59±0.61,13.33±1.59,7.50±1.22,5.43±0.79,6.16±0.69,3.48±0.27,493±113,151±7.5,342±116,,2.27±0.61,0.58±0.31,6.25±0.62,0.27±0.03,10.74±2.70,145±13.5,,,0.12±0.02,,,,,,0.07±0.01,6.79±0.24,0.64±0.11,,,,,,,,,,,,,,,,,,,,,,,,,,,89.68±3.06,0.01±0.000,,,,4.09±0.02,3.53±0.05,32.83±0.21,57.98±14.04,0.42±0.03,,,,,,,,,,,,,,,,,,,,,,
C011,"Betel leaves, small (Piper betle)",4.0,85.92±0.16,2.62±0.28,2.59±0.18,0.75±0.04,1.97±0.13,1.17±0.12,0.80±0.09,6.16±0.33,183±2,0.02±0.010,0.07±0.009,0.47±0.07,0.47±0.04,0.04±0.005,1.28±0.15,16.56±2.67,24.51±8.66,,2.27±0.25,,,0.02±0.01,,0.05±0.00,,0.02±0.00,,,,0.03±0.01,204±4.9,,5783±460,79.80±13.41,,,,427±64.0,4676±622,16563±1292,1.85±0.43,1.68±0.00,,196±13.7,0.019±0.005,0.002±0.001,0.29±0.02,2.87±0.29,0.004±0.003,0.005±0.006,89.94±14.98,1.79±0.62,,0.002±0.002,0.043±0.017,55.72±3.36,678±5.2,5.40±1.71,14.04±2.32,0.39±0.06,5.54±0.03,5.14±0.02,0.20±0.02,0.20±0.02,,,0.40±0.03,,,,14.65±2.55,177±10.0,37.34±2.31,,4.15±0.69,5.07±1.26,,17.93±2.52,64.74±3.26,,,,104±8.4,,172±8.9,,238±15.9,82.67±2.65,277±16.9,,,,,,,,,,,,,,,0.81±0.03,2.59±1.26,7.86±1.60,2.27±0.13,0.76±0.23,0.38±0.10,4.73±1.81,4.57±0.42,0.69±0.18,3.93±1.61,7.61±1.58,4.59±0.57,11.69±0.47,12.99±1.39,7.88±1.42,5.13±0.87,6.21±0.96,3.37±0.28,577±139,183±8.1,393±138,,1.65±0.31,0.27±0.14,5.39±0.40,0.32±0.04,12.62±2.15,51.07±9.78,,,0.28±0.04,,,,,,0.25±0.02,0.91±0.06,0.16±0.01,,,,,,,,,,,,,,,,,,,,,,,,,,,87.01±3.81,0.01±0.000,,,,3.86±0.03,3.39±0.06,31.61±0.36,45.34±13.15,0.40±0.02,,,,,,,,,,,,,,,,,,,,,,
C012,Brussels sprouts (Brassica oleracea var. gemmifera),1.0,84.39,4.26,1.47,0.50,4.29,3.35,0.94,5.09,185,0.06,0.16,0.50,0.47,0.19,2.45,85.01,89.45,,0.26,,,0.21,,,,,,,,0.21,23.60,,1653,35.64,,,,,360,2564,,0.57,0.001,53.99,0.002,0.001,0.08,1.54,0.004,,32.99,0.41,0.06,0.013,0.012,98.56,639,2.01,18.51,0.57,4.42,4.31,0.04,0.05,0.08,,0.17,,,,,187,39.75,,,,,,88.69,,,,43.82,,41.11,,226,88.69,84.92,,,,,,,,,,,,,,,1.79,3.58,5.04,3.5,1.34,0.67,3.23,4.3,0.93,4.74,4.63,7.63,12.36,20.82,4.54,8.89,5.45,2.37,12.4,4.67,7.73,,2.63,2.24,4.07,,11.56,,,,,,,,,,,,,,,,1.25,1.02,0.82,,,,,,,,,,,,,,,,,,,,,16.45,,,,,4.01,0.93,38.2,18.32,0.25,,,,,,,,,,,,,,,,,,,,,,
C013,"Cabbage, Chinese (Brassica rupa)",1.0,93.19,1.58,0.73,0.13,2.01,1.55,0.45,2.36,75,0.01,0.05,0.38,0.58,0.19,1.08,54.51,19.32,,0.39,,,0.25,,,,,,,,0.25,111,,58,1.5,,,,,5.5,103,,,,58.46,0.001,,0.05,0.39,,,11.51,0.19,,,,33.05,258,1.85,20.28,0.19,1.42,1,0.2,0.1,0.12,,0.42,,,,,29.26,3.76,,,,,,15.97,,,,11.68,,43.33,,33.01,15.97,55.01,,,,,,,,,,,,,,,1.97,5.72,5.69,5.78,1.06,0.94,3.27,4.01,1.24,5.4,6.37,5.84,10.84,21.42,3.82,3.76,5.82,2.05,16.55,1.85,14.77,,67.54,0.41,5.65,88.3,85,,0.03,,,,,,,,,,,,,,,,,,,,,,,,,,,,,,,,,,,,,27.97,,,,,2.06,0.13,17.27,16.85,,,,,,,,,,,,,,,,,,,,,,,
C014,"Cabbage, collard greens (Brassica oleracea var. viridis)",1.0,89.53,3.63,0.81,0.27,2.98,2.04,0.94,2.79,126,0.03,0.05,0.26,0.49,0.24,1.38,63.46,40.76,,0.18,,,0.20,,,,,,,,0.20,125,,143,2.68,,,,,104,358,2.29,,0.001,170,0.001,0.002,0.06,2.67,,0.004,45.9,1.27,,0.004,0.03,54.67,292,2.35,22.98,0.35,2.35,1.59,0.41,0.24,0.11,,0.76,,,,,47.57,7.61,2.19,1.77,2.73,,,37.19,,,,54.33,,62.6,,61.87,37.19,117,,,,,,,,,,,,,,,1.62,3.81,6.67,3.62,1.11,0.91,4.56,4.04,1.24,5.64,7.68,4.32,11.13,21.91,5.61,5.35,4.2,2.78,9.42,0.8,8.62,0.03,45.82,0.81,0.55,58.3,89.66,2.98,0.03,,,,,,,,2.89,2.64,,1.57,,,0.98,0.67,1.42,,,,,,,,,,,,,,,,,,,,,70.89,0.06,,,,2.55,0.28,16.43,12.08,,,,,,,,,,,,,,,,,,,,,,,
C015,"Cabbage, green (Brassica oleracea var. capitata f. alba)",6.0,91.85±0.97,1.36±0.07,0.67±0.06,0.12±0.01,2.76±0.20,1.91±0.18,0.85±0.10,3.25±0.91,90±16,0.03±0.005,0.05±0.001,0.24±0.02,0.24±0.01,0.13±0.016,1.41±0.14,46.36±4.48,33.25±4.21,,0.21±0.02,,,0.05±0.03,,,,,,,,0.05±0.03,113±0.5,,3.98±1.34,,,,,,20.48±2.21,273±7.3,,,,51.76±4.44,0.004±0.002,0.001±0.001,0.03±0.02,0.35±0.16,,0.001±0.001,17.99±3.22,0.20±0.09,,0.002±0.001,0.009±0.003,30.15±6.48,233±59.0,1.08±0.16,14.98±2.78,0.16±0.03,1.54±0.21,0.53±0.13,0.52±0.08,0.26±0.09,0.23±0.08,,1.00±0.11,,,,,34.59±2.95,6.02±0.60,2.29±0.30,1.60±0.12,2.05±0.29,,,30.05±1.84,,,,42.80±1.94,,48.61±2.63,,46.54±3.63,30.05±1.84,91.40±3.88,,,,,,,,,,,,,,,1.56±0.36,3.56±0.61,5.31±0.79,3.12±0.88,1.06±0.22,0.90±0.23,2.56±0.64,3.76±0.56,0.93±0.04,4.83±1.23,6.26±0.95,4.57±1.62,10.55±1.92,26.30±5.17,3.24±0.74,3.98±0.85,4.02±0.76,2.11±0.29,2.88±0.67,0.53±0.40,2.35±0.42,0.04±0.03,64.87±12.68,0.82±0.44,0.22±0.09,90.09±3.28,90.00±6.27,2.04±0.94,0.02±0.01,,,,,,,,3.96±0.41,2.52±0.34,,1.48±0.16,,,1.79±0.33,2.66±0.21,0.35±0.09,,,,,,,,,,,,,,,,,,,,,54.92±4.47,,,,,2.46±0.04,0.27±0.03,16.10±1.16,11.77±0.14,,,,,,,,,,,,,,,,,,,,,,,
C016,"Cabbage, violet (Brassica oleracea var. capitata f. rubra)",2.0,91.94,1.39,0.71,0.21,2.21,1.58,0.62,3.54,97,0.04,0.05,0.27,0.25,0.17,1.43,34.81,43.49,,0.19,,,0.03,,,,,,,,0.03,117,,44.5,2.2,,,,,31.17,339,,,,48,0.004,0.002,0.02,0.24,,0.001,26.87,0.19,,0.002,0.004,22.14,201,1.08,24,0.13,1.33,0.54,0.43,0.18,0.19,,0.8,,,,,42.43,7.59,3.24,1.99,3.17,,,41.14,,,,52.26,,60.18,,58.42,41.14,112,,,,,,,,,,,,,,,1.62,3.56,5.31,2.85,0.85,0.63,2.21,2.67,0.82,5.47,6.17,4.67,11.53,28.6,3.04,4.34,4.22,2.29,2.7,0.26,2.45,0.02,61.73,0.78,0.62,37.25,88.78,2.43,0.05,,,,,,,,4,2.81,,1.67,,,1.71,2.75,0.39,,,,,,,,,,,,,,,,,,,,,59.94,,,,,2.54,0.25,15.8,12.81,,,,,,,,,,,,,,,,,,,,,,,
C017,Cauliflower leaves (Brassica oleracea var. botrytis),6.0,87.64±1.33,3.90±0.87,1.22±0.12,0.42±0.02,3.43±0.26,2.37±0.20,1.06±0.12,3.39±0.70,148±22,0.05±0.010,0.05±0.011,0.21±0.01,0.34±0.02,0.23±0.016,1.38±0.03,42.99±3.13,52.84±0.94,,4.15±0.46,,,0.08±0.03,,,0.11±0.02,,,,,0.08±0.03,144±29.6,,152±21.2,1.97±0.39,,,,,146±15.6,1742±9.4,0.46±0.16,,0.001±0.000,96.70±16.41,0.014±0.007,,0.14±0.01,2.42±0.32,0.006±0.002,0.003±0.003,41.50±1.86,0.50±0.05,,0.006±0.003,0.013±0.009,62.82±2.98,374±14.1,1.05±0.16,24.31±5.03,0.31±0.06,2.15±0.07,1.53±0.03,0.32±0.01,0.24±0.02,0.05±0.03,,0.61±0.04,,,,2.76±0.27,85.30±6.47,14.28±1.21,3.92±0.24,3.31±0.43,5.33±0.56,,,20.80±0.81,,,,84.83±4.23,,139±9.5,,115±7.7,20.80±0.81,224±11.8,,,,,,,,,,,,,,,1.88±0.19,3.37±0.16,5.36±0.29,4.01±0.08,0.99±0.09,0.68±0.04,4.16±0.41,4.01±0.04,1.12±0.34,4.93±0.38,6.82±0.41,5.89±0.88,11.76±1.28,22.09±2.64,3.96±0.14,4.63±0.51,5.14±0.16,0.77±0.99,172±25.8,10.10±1.36,162±25.5,,62.21±0.97,0.35±0.23,1.82±0.10,3.45±0.16,48.86±1.42,4.20±0.07,,,0.88±0.08,,0.08±0.01,,,0.69±0.01,2.39±0.35,,1.70±0.60,,,,0.26±0.02,0.59±0.03,0.60±0.01,,,,,,0.50±0.01,,,,,,,,,,,,0.09±0.01,0.18±0.01,,28.94±0.36,0.04±0.004,,,,1.96±0.02,0.44±0.03,15.55±0.51,13.60±0.13,,,,,,,,,,,,,,,,,,,,,,,
C018,"Colocasia leaves, green (Colocasia anti-quorum)",6.0,83.61±0.59,3.42±0.29,2.30±0.11,1.38±0.09,5.60±0.18,4.32±0.16,1.29±0.12,3.69±0.49,182±9,0.08±0.013,0.07±0.015,0.80±0.07,0.27±0.07,0.29±0.031,12.10±1.25,159±18.5,40.71±7.47,,1.70±0.31,,,0.07±0.01,,,,,,,,0.07±0.01,318±37.3,,5222±1363,136±28.9,,,,,5758±1836,26820±3413,,2.74±1.45,0.001±0.001,216±50.8,0.004±0.003,0.003±0.002,0.29±0.06,3.41±0.50,0.007±0.004,,59.44±16.08,1.30±0.42,0.25±0.07,0.015±0.011,0.026±0.012,57.88±5.60,404±104,4.30±1.13,12.08±1.93,0.82±0.21,2.72±0.09,2.10±0.03,0.20±0.04,0.10±0.01,0.33±0.03,,0.63±0.07,,,,,334±7.5,52.40±3.04,17.92±1.43,14.16±2.89,7.55±0.70,,17.24±2.64,30.39±2.21,,,,353±12.1,,335±13.5,,426±9.1,47.63±4.33,689±24.8,,,,,,,,,,,,,,,3.40±1.66,3.51±1.02,7.45±0.50,4.26±0.62,1.79±0.48,1.07±0.30,4.43±0.74,4.53±0.25,1.01±0.30,4.64±1.52,9.40±2.53,5.84±0.43,8.55±3.08,15.25±1.91,4.66±0.50,5.01±0.18,4.52±0.32,3.78±0.21,701±112,208±13.2,492±105,,19.37±1.49,3.95±1.20,56.27±5.95,,212±3.0,,,,,,,,,0.47±0.02,,,0.06±0.01,,,,0.03±0.01,0.02±0.01,0.04±0.01,,,,,0.02±0.01,,,,,,,,,,,,,,,,124±1.8,,,,,3.66±0.12,10.50±0.29,23.67±0.26,14.41±0.42,0.39±0.05,,,,,,,,,,,,,,,,,,,,,,
C019,Drumstick leaves (Moringa oleifera),3.0,75.65±1.49,6.41±0.35,2.46±0.18,1.64±0.12,8.21±0.19,6.12±0.08,2.10±0.11,5.62±1.44,282±27,0.06±0.006,0.45±0.042,0.82±0.09,0.39±0.04,0.87±0.074,2.26±0.09,42.89±5.31,108±16.7,,14.33±0.19,,,0.30±0.01,,0.05±0.01,,0.02±0.01,,,,0.31±0.01,479±26.6,,15580±3760,235±19.4,,,,,17542±1425,38765±7172,1.15±0.07,1.60±0.01,0.001±0.000,314±71.0,0.020±0.003,,0.44±0.26,4.56±1.09,0.004±0.001,0.019±0.013,97.09±10.17,1.26±0.60,,0.036±0.000,0.024±0.015,109±20.7,397±2.1,5.95±3.28,9.34±2.11,0.72±0.19,2.51±0.12,2.49±0.12,,0.02±0.01,,,0.02±0.01,,,,44.09±6.76,370±28.2,69.53±7.14,,32.64±2.89,43.59±4.28,,,102±8.0,,,,222±54.4,,446±87.7,,560±41.6,102±8.0,668±52.7,,,,,,,,,,,,,,,2.06±0.21,3.10±1.17,6.70±0.59,4.38±0.29,0.92±0.17,0.75±0.04,6.45±0.58,3.75±0.47,1.27±0.23,4.38±1.28,7.18±0.84,5.56±0.61,11.94±1.80,16.87±2.55,4.60±0.17,4.00±0.37,4.79±0.55,2.87±0.23,120±14.9,13.69±1.54,107±16.0,,19.22±2.39,,88.40±4.34,105±3.9,101±21.2,,,,0.28±0.05,,,,,0.93±0.08,0.05±0.01,0.58±0.02,0.07±0.00,,,,,,,,,,,,,,,,,,,,,,,,,,,29.90±14.48,0.01±0.010,0.03±0.013,,,4.27±0.14,2.02±0.03,28.92±1.03,128±9.0,0.48±0.05,,,,,,,,,,,,,,,,,,,,,,
C020,Fenugreek leaves (Trigonella foenum graecum),5.0,86.73±0.66,3.68±0.36,1.69±0.19,0.83±0.02,4.90±0.21,3.20±0.14,1.70±0.09,2.17±0.32,144±10,0.11±0.015,0.22±0.023,0.70±0.05,0.49±0.03,0.38±0.106,4.82±0.62,75.26±9.18,58.25±17.08,,2.36±0.30,,,0.36±0.14,,,,,,,,0.36±0.14,428±32.3,,2275±754,28.28±9.53,,,,,9245±974,12755±1221,2.01±0.21,,0.001±0.000,274±27.8,0.039±0.004,0.006±0.003,0.18±0.04,5.69±1.37,0.006±0.001,0.007±0.002,63.67±18.51,0.84±0.34,,0.017±0.014,0.034±0.013,53.05±7.08,226±63.0,1.29±0.51,47.01±4.23,0.54±0.06,1.48±0.05,0.60±0.07,0.71±0.08,0.17±0.03,,,0.88±0.08,,,,22.49±2.23,130±8.6,30.27±2.37,6.85±0.63,4.44±0.67,4.67±0.34,,9.09±1.23,11.06±1.16,,,,82.83±5.58,,362±11.4,,199±9.0,20.15±1.30,445±13.0,,,,,,,,,,,,,,,2.40±0.23,4.47±0.55,7.50±0.63,5.88±1.09,1.28±0.10,0.74±0.19,5.52±0.23,4.90±0.61,0.99±0.13,6.27±0.60,6.06±1.35,5.45±0.97,13.48±2.09,11.12±2.92,5.21±0.45,4.92±0.89,3.94±0.88,3.55±0.26,34.29±9.84,9.08±4.26,25.21±5.80,,32.26±11.71,8.41±1.41,130±1.8,189±1.8,16.47±2.19,,,,0.67±0.16,,2.64±0.71,,,0.59±0.10,0.86±0.45,1.57±0.23,0.58±0.12,0.58±0.05,0.15±0.02,,,1.80±0.08,,1.43±0.33,2.46±0.46,,0.04±0.01,,,,,,,,,,,,,,,,,105±6.3,0.03±0.021,,,,1.39±0.03,2.37±0.14,28.31±0.78,18.67±0.41,,,,,,,,,,,,,,,,,,,,,,,
C021,Garden cress (Lepidium sativum),2.0,84.02,5.62,2.48,0.80,2.60,1.77,0.83,4.48,208,0.03,0.06,1.20,0.22,0.20,12.01,58.10,42.75,,0.55,,,0.74,,,,,,,,0.74,458,,1354,16.63,,,,,88.72,5048,,3.89,0.005,217,0.001,0.006,0.23,6.19,0.015,,79.24,1.2,0.34,0.005,0.042,45.55,379,8.08,25.35,1.52,2.17,1.25,0.1,0.72,0.1,,0.92,,,,,23.82,2.32,0.49,1.28,0.76,,0.93,7.3,,,,34.61,,24.1,,28.68,8.24,58.71,,,,,,,,,,,,,,,1.42,4.51,9.23,4.54,1.95,0.67,4.72,4.95,1.26,6.17,7.15,4.41,12.48,15.7,5.79,5.06,4,3.5,115,30.47,84.15,,7.13,5.64,85.23,,152,,,,,,,,,0.05,0.04,0.45,0.02,,,,,0.6,,,,,12.21,,,,,,,,,,,,,,,,,16.19,,,,,1.77,12.14,13.48,16.64,0.62,,,,,,,,,,,,,,,,,,,,,,
C022,"Gogu leaves, green (Hibiscus cannabinus)",4.0,87.42±0.41,1.86±0.16,0.98±0.08,1.09±0.03,4.59±0.39,3.24±0.16,1.35±0.30,4.06±0.18,152±2,0.13±0.006,0.06±0.009,0.58±0.04,0.70±0.04,0.33±0.012,3.38±0.20,74.94±12.55,29.65±9.71,,4.28±0.14,,,0.46±0.16,,0.43±0.17,,,,,,0.50±0.15,433±1.6,,5276±985,18.72±10.90,,,,,5285±856,16088±3497,2.30±0.29,,,145±15.3,0.061±0.014,0.004±0.002,0.23±0.08,7.65±1.74,,0.005±0.002,83.09±15.88,2.03±0.32,,0.012±0.007,0.050±0.013,41.99±6.83,260±5.4,2.38±0.33,12.34±2.36,0.65±0.08,1.16±0.06,1.15±0.06,,0.01±0.01,,,0.01±0.01,,,,25.70±2.61,170±7.5,27.48±2.77,6.90±1.10,7.41±1.42,6.86±0.77,,16.63±0.41,21.97±1.52,1.25±0.40,,,150±5.5,,434±19.0,,245±10.6,39.85±1.61,584±23.3,,,,,,,,,,,,,,,2.61±0.11,3.64±0.79,7.60±0.37,5.61±0.26,1.31±0.11,0.73±0.13,5.04±0.28,4.63±0.16,1.07±0.25,4.55±1.16,7.30±1.61,6.04±0.39,11.78±1.43,12.63±0.43,5.17±0.45,4.31±0.14,4.88±0.63,3.40±0.19,177±13.2,33.01±3.67,144±14.4,7.51±0.90,3.99±1.24,11.56±1.04,40.77±5.23,102±0.8,25.25±1.54,,,,,,,,,0.40±0.17,0.50±0.15,0.19±0.03,2.72±0.58,,,,,,0.36±0.11,1.60±0.25,0.62±0.10,,,,,,,,,,,,,,,,,,,199±11.9,,,,,4.55±0.25,6.25±0.43,72.17±1.15,48.43±0.66,,,,,,,,,,,,,,,,,,,,,,,
C023,"Gogu leaves, red (Hibiscus cannabinus)",1.0,87.98,1.85,0.97,1.07,3.89,2.66,1.23,4.24,153,0.12,0.05,0.56,0.71,0.31,3.43,88.63,35.43,,4.27,,,0.47,,0.32,,,,,,0.50,438,,4782,20.5,,,,,5143,15934,2.74,,,129,0.04,0.009,0.16,9.56,0.001,0.005,75.75,1.75,,0.01,0.05,36.38,161,3.25,14.08,0.63,1.17,1.16,,0.01,,,0.01,,,,27.56,173,22.69,6.81,7.64,5.8,,18.49,26.39,1.05,,,132,,435,,243,45.93,567,,,,,,,,,,,,,,,2.72,4.34,8.6,6.03,1.76,0.86,5.65,5.1,1.04,6.02,6.79,6.92,12.21,12.82,5.57,4.69,4.79,3.8,187,31.86,155,6.86,3.42,11.82,34.63,105,22.4,,,,,,,,,0.51,0.61,0.18,3.61,,,,,,0.32,1.71,0.53,,,,,,,,,,,,,,,,,,,208,,,,,4.04,5.94,75.89,43.17,,,,,,,,,,,,,,,,,,,,,,,
C024,"Knol-Khol, leaves (Brassica oleracea var. gongylodes)",2.0,86.20,3.12,1.42,0.35,2.76,1.81,0.95,6.16,178,0.06,0.15,0.86,0.27,0.28,13.57,41.55,71.11,,0.59,,,0.53,,,,,,,,0.53,295,,15.62,2.77,,,,,12.04,154,,7.98,0.004,368,,0.005,0.07,2.51,0.006,,66,0.7,0.29,0.105,0.018,55.02,309,10.5,26.8,0.42,4.57,4.47,,0.05,0.05,,0.1,,,,,67.77,32.78,2.48,1.42,2.39,,5.84,13.07,,,,43,,111,,107,18.91,154,,,,,,,,,,,,,,,1.96,4.31,7.2,4.27,1.37,0.95,4.93,4.45,1.05,5.7,6.76,5.3,10.33,18,5.31,5.39,4.48,2.9,2.92,1.88,1.04,,5.47,3.87,38.98,,26.96,,0.07,,,,,,,0.55,,0.08,,0.39,,,,,,,,,,0.42,,,,,,,,,,,,,,,,6.16,,,,,3.9,0.29,23.38,47.33,0.88,,,,,,,,,,,,,,,,,,,,,,
C025,Lettuce (Lactuca sativa),3.0,92.27±0.99,1.54±0.48,1.11±0.10,0.27±0.03,1.79±0.24,1.32±0.04,0.47±0.28,3.01±0.56,91±16,0.05±0.013,0.09±0.008,0.17±0.02,0.11±0.01,0.08±0.016,2.15±0.09,30.69±6.48,11.91±3.07,,0.10±0.04,,,0.01±0.01,,,,,,,,0.01±0.01,91.08±2.20,,1858±322,5.64±2.79,,,,,1285±167,7532±1363,0.90±0.12,1.43±0.31,0.003±0.001,56.71±2.07,0.020±0.010,0.002±0.000,0.14±0.05,2.73±0.59,0.004±0.002,0.008±0.000,43.22±17.56,0.38±0.15,0.08±0.04,0.004±0.002,0.010±0.002,44.10±11.69,279±77.6,5.56±1.89,17.53±2.53,0.51±0.22,1.72±0.09,1.50±0.14,0.17±0.04,0.05±0.01,,,0.22±0.05,,,,8.22±0.57,78.22±8.55,10.96±0.96,,8.47±1.09,10.15±1.25,,9.05±1.53,13.16±2.32,,,,74.85±12.1,,134±17.8,,116±11.9,22.22±3.42,208±29.6,,,,,,,,,,,,,,,1.74±0.19,3.49±1.44,6.90±1.45,5.22±0.37,0.95±0.37,0.87±0.10,3.61±1.49,4.50±0.57,1.23±0.41,4.95±0.58,6.51±1.32,4.77±0.70,11.32±1.55,16.10±3.52,5.68±0.33,4.51±0.41,3.80±1.00,3.00±0.57,364±82.7,72.08±35.77,292±47.2,,9.24±0.60,1.99±0.15,63.28±2.19,12.74±1.73,60±3.3,,,,,,,,,,,3.61±0.20,,1.19±0.09,,,2.77±0.31,0.12±0.02,0.07±0.01,0.20±0.02,0.05±0.02,3.07±0.08,,0.07±0.01,,,,,,,,,,,,,,,,19.47±1.92,,,,,0.42±0.01,1.73±0.04,6.39±0.17,42.28±7.52,0.11±0.05,,,,,,,,,,,,,,,,,,,,,,
C026,Mustard leaves (Brassica juncea),3.0,88.17±0.56,3.52±0.21,1.47±0.11,0.51±0.05,3.92±0.06,3.04±0.03,0.87±0.03,2.41±0.46,127±9,0.08±0.011,0.18±0.015,0.58±0.07,0.26±0.01,0.16±0.007,1.70±0.21,110±6.6,60.32±1.32,,5.40±0.33,,,0.56±0.06,,0.02±0.00,,,,,,0.57±0.06,192±4.1,,2939±562,8.13±3.96,,,,,2619±372,6397±1014,1.74±0.05,3.65±0.32,0.004±0.000,191±23.8,0.039±0.005,0.001±0.000,0.24±0.07,2.84±0.12,0.007±0.000,0.008±0.001,51.63±4.38,0.41±0.07,,0.010±0.001,0.015±0.001,71.62±16.63,403±62.5,8.03±0.33,19.14±3.67,0.68±0.09,1.45±0.09,1.41±0.07,,0.02±0.01,0.02±0.02,,0.04±0.03,,,,12.60±1.33,110±4.2,17.09±0.16,,2.35±0.16,,,16.25±1.15,11.31±0.57,,,,83.12±3.94,,240±8.7,,142±4.4,27.56±1.48,323±12.4,,,,,,,,,,,,,,,1.91±0.23,3.22±0.15,6.57±0.01,5.42±0.34,0.74±0.09,1.02±0.13,3.53±0.67,4.08±0.57,1.31±0.14,3.52±0.43,6.60±0.38,5.74±1.04,10.86±1.05,18.67±1.11,5.31±0.37,4.65±0.63,5.11±0.53,3.21±0.17,1.69±0.04,1.49±0.09,0.20±0.05,,4.62±0.95,4.07±0.86,0.68±0.32,,22.73±0.64,,,,,,,,,2.44±0.26,1.66±0.19,0.31±0.09,2.68±0.38,,,,,1.74±0.07,1.44±0.17,,,,0.03±0.01,,,,,,,,,,,,,,,,,38.02±1.14,0.01±0.008,0.01±0.00,0.01±0.004,,2.05±0.06,0.57±0.04,16.16±0.28,34.69±2.32,0.48±0.15,,,,,,,,,,,,,,,,,,,,,,
C027,Pak Choi leaves (Brassica rapa var. Chinensis),1.0,93.56,1.41,1.10,0.25,1.91,1.44,0.47,1.78,67,0.02,0.22,0.66,0.31,0.96,10.25,98.50,55.60,,0.10,,,0.03,,,,,,,,0.03,39.85,,2655,5.5,,,,,2450,5111,3.16,3.29,3.098,150,0.028,0.002,0.06,3.78,0.014,0.005,45.28,0.36,0.08,0.02,0.024,25.95,250,0.79,33.73,0.16,1.62,1.1,0.1,0.2,0.22,,0.52,,,1.53,2.18,33.69,1.58,,,,,,23.03,,,,60.03,,77.96,,38.98,23.03,138,,,,,,,,,,,,,,,2.48,3.78,7.98,6.26,1.96,1.12,5.89,5.03,1.23,5.67,5.86,6.58,9.58,12.86,4.87,4.76,4.61,3.48,14.35,2.15,12.2,,35.85,1.01,1.82,4.75,79.88,3.14,,,,,,,,,,,,,,,,,,,,,,,,,,,,,,,,,,,,,,,,,,,2.02,0.93,14.35,18.05,,,,,,,,,,,,,,,,,,,,,,,
C028,Parsley (Petroselinum crispum),3.0,77.76±1.13,5.55±0.34,2.25±0.17,1.14±0.12,3.87±0.05,2.79±0.15,1.09±0.12,9.43±1.05,305±18,0.19±0.022,0.10±0.005,0.36±0.01,0.20±0.03,0.19±0.011,13.47±1.03,197±13.9,133±16.3,,5.55±0.18,,,0.35±0.05,,,,,,,,0.35±0.05,322±3.3,,3574±455,11.92±7.28,,,,,2710±349,6558±578,,4.04±0.97,0.007±0.002,288±48.7,0.001±0.000,0.002±0.000,0.19±0.04,5.51±2.25,0.052±0.016,,49.18±13.89,0.91±0.01,0.49±0.22,0.015±0.007,0.043±0.017,78.56±15.86,466±62.2,10.24±1.91,53.08±0.46,1.29±0.14,7.05±0.07,6.36±0.10,0.29±0.02,0.20±0.03,0.20±0.02,,0.69±0.03,,,,15.18±1.18,235±9.1,58.05±2.44,6.04±0.09,13.80±0.36,16.67±0.31,,14.42±0.54,18.52±0.74,,,,221±4.7,,255±4.2,,345±11.8,32.94±1.09,476±8.6,,,,,,,,,,,,,,,1.76±0.16,4.78±0.24,7.82±0.82,5.75±0.86,1.32±0.13,0.87±0.05,5.31±0.39,4.91±0.39,1.68±0.06,6.19±0.33,7.18±0.42,4.53±0.18,11.18±0.12,12.86±0.09,5.06±0.02,4.63±0.55,4.56±0.21,3.00±0.44,128±8.1,11.50±1.06,116±7.5,113±0.6,1.36±0.29,0.83±0.12,113±0.6,,104±13.5,,,,,1.18±0.09,,,0.41±0.02,0.02±0.01,0.27±0.04,1.52±0.31,0.33±0.02,16.14±1.41,,,,0.01±0.01,,,,,,,,,,,,,,,,,,,,,,46.58±1.38,,,,,2.08±0.04,16.48±0.38,13.64±0.26,54.32±0.54,1.03±0.08,,,,,,,,,,,,,,,,,,,,,,
C029,Ponnaganni (Alternanthera sessilis),2.0,79.43,5.29,2.65,0.71,6.74,5.63,1.11,5.17,213,0.02,0.10,0.32,0.21,0.19,11.18,48.42,103,,0.65,,,0.52,0.02,,,0.04,,,,0.54,574,,5201,105,,,,,5288,24206,,2.68,0.004,388,0.002,0.014,0.21,3.88,0.008,,80.39,0.66,0.34,0.002,0.041,58.26,457,17.19,39.36,0.99,4.1,3.66,0.11,0.33,,,0.44,,,,,148,17.43,2.93,8.73,27.61,,9.77,23.61,,,,107,,143,,204,33.38,250,,,,,,,,,,,,,,,1.87,4.89,8.77,5.01,1.58,0.93,5.41,5.35,1.18,5.95,6.83,4.67,9.32,14.56,6.02,5.4,4.46,3.25,465,165,299,,5.82,0.83,,,246,,0.41,,1.57,,,,,,0.03,4.31,,0.31,,,4.98,0.75,0.56,,,,,,,,,,,,,,,,,,,,,53.08,,,,,1.07,6.11,24.72,32.02,0.88,,,,,,,,,,,,,,,,,,,,,,
C030,"Pumpkin leaves, tender (Cucurbita maxima)",6.0,85.82±1.04,4.21±0.41,2.24±0.21,0.74±0.03,2.25±0.09,1.56±0.13,0.69±0.15,4.75±1.01,185±15,0.07±0.010,0.13±0.025,1.49±0.09,0.36±0.01,0.17±0.022,3.40±0.29,33.82±4.70,12.33±0.17,,3.19±0.18,,,1.24±0.04,0.28±0.01,3.25±0.10,,0.02±0.01,0.03±0.01,,,1.69±0.05,243±11.1,,6139±982,45.28±17.23,,,,,1455±146,8247±720,4.70±0.90,,0.001±0.001,271±73.6,0.053±0.016,0.005±0.002,0.29±0.06,5.58±0.39,0.011±0.005,0.009±0.008,84.21±9.97,1.14±0.60,,0.031±0.016,0.027±0.014,64.54±10.74,423±64.2,1.38±0.25,12.20±2.49,0.90±0.25,2.20±0.03,2.10±0.02,,0.10±0.02,,,0.10±0.02,,,,19.86±0.55,188±11.0,32.53±3.60,5.74±0.72,13.53±1.27,6.74±0.15,,9.79±1.11,6.91±0.48,0.97±0.07,,,14.95±1.29,,298±9.3,,267±12.6,17.67±1.38,313±8.6,,,,,,,,,,,,,,,1.63±0.53,5.27±0.07,8.85±0.22,4.90±0.17,0.99±0.27,0.85±0.07,6.40±0.12,4.52±0.30,1.76±0.05,5.82±0.11,5.62±1.10,6.02±1.00,11.79±1.10,14.36±0.04,5.50±0.35,5.25±0.54,4.65±0.19,3.46±0.22,13.61±1.91,5.06±1.41,8.55±0.96,30.67±1.03,7.74±2.63,14.35±1.44,30.67±1.03,20.22±1.26,54.07±0.72,,,,,,,,,0.25±0.03,0.40±0.03,0.19±0.01,0.28±0.05,,,,,,0.54±0.06,,,,,,,,,,,,,,,,,,,,,20.33±1.63,0.03±0.009,,,,0.33±0.02,2.52±0.08,18.32±0.77,38.27±1.20,,,,,,,,,,,,,,,,,,,,,,,
C031,Radish leaves (Raphanus sativus),6.0,91.19±0.53,2.22±0.23,1.50±0.21,0.51±0.05,1.82±0.10,1.18±0.04,0.63±0.07,2.77±0.34,109±9,0.06±0.005,0.13±0.024,0.47±0.06,0.14±0.01,0.16±0.032,4.39±0.12,53.14±5.32,65.76±18.69,,1.39±0.08,,,0.06±0.02,0.04±0.03,,,,,,,0.08±0.03,185±3.3,,1741±190,22.71±10.72,,,,,2591±572,9339±854,1.95±0.47,4.91±0.52,0.003±0.001,234±53.1,0.051±0.014,0.005±0.003,0.29±0.08,3.82±0.52,0.003±0.000,0.014±0.005,57.96±15.93,0.90±0.59,,0.019±0.022,0.025±0.010,50.08±15.00,304±4.2,33.05±26.21,17.39±3.22,0.49±0.12,2.09±0.07,1.80±0.03,0.14±0.03,0.05±0.02,0.10±0.01,,0.29±0.05,,,,9.62±0.95,110±4.6,27.54±2.05,,,,,8.05±0.66,18.88±1.89,,,,45.49±4.42,,203±10.7,,147±6.9,26.93±1.99,248±13.5,,,,,,,,,,,,,,,1.96±0.41,3.59±0.82,6.89±1.11,5.34±0.50,1.01±0.35,0.86±0.14,6.00±3.77,3.99±0.87,1.39±0.52,4.26±1.65,7.90±0.77,4.80±0.73,9.71±0.80,17.10±3.08,5.50±0.39,4.04±1.25,4.73±0.62,3.05±0.48,53.83±15.04,23.46±3.89,30.37±13.72,6.04±0.69,3.15±1.60,1.66±0.37,6.04±0.69,22.96±0.89,139±3.2,,,,1.40±0.07,,0.04±0.01,,,0.26±0.03,0.41±0.01,,0.58±0.04,,,,3.26±0.59,8.23±0.66,69.50±2.60,,4.57±0.45,,,,,,,,,,,,,,,,2.89±0.35,0.19±0.04,,27.57±7.13,,,,,2.15±0.03,0.94±0.03,17.44±0.41,56.23±10.05,0.08±0.02,,,,,,,,,,,,,,,,,,,,,,
C032,Rumex leaves (Rumex patientia),2.0,93.18,1.62,1.27,0.33,1.27,0.93,0.34,2.33,82,0.03,0.14,0.33,0.25,0.09,1.30,41.01,53.76,,0.10,,,0.46,0.03,0.45,0.18,,,,,0.51,126,,2370,18.98,,,,,2754,8290,3.15,2.75,0.001,131,0.048,0.002,0.25,3.67,0.005,0.007,48.33,0.82,0.47,0.015,0.02,32.4,336,5.37,19.95,0.46,1.55,1.1,0.11,0.21,0.14,,0.45,,,,6.95,49.83,4.14,,,,,6.95,11.73,,,,45.68,,143,,60.92,18.68,188,,,,,,,,,,,,,,,2.84,3.57,6.82,4.46,0.88,0.59,7.92,4.69,1.24,3.97,7.99,5,10.22,15.67,7.48,3.99,5.79,2.53,93.76,45.96,47.81,1.64,9.68,3.91,1.64,,2.58,4.06,,,,,,,,0.1,0.77,3.83,0.41,,,,,10.73,86.33,,,,,,,,,,,,,,,,,,,,,16.13,,,,,0.13,7.47,3.81,30.07,0.31,,,,,,,,,,,,,,,,,,,,,,
C033,Spinach (Spinacia oleracea),6.0,90.31±0.46,2.14±0.14,2.47±0.38,0.64±0.03,2.38±0.24,1.52±0.15,0.86±0.10,2.05±0.31,102±7,0.16±0.016,0.10±0.009,0.33±0.03,0.22±0.03,0.15±0.011,4.14±0.27,142±10.3,30.28±4.71,,0.26±0.03,,,1.27±0.03,0.01±0.01,0.06±0.00,0.03±0.00,,,,,1.29±0.02,325±2.3,,3850±926,17.23±5.40,,,,,2605±521,9553±1491,1.51±0.47,,,82.29±6.51,0.028±0.005,0.002±0.001,0.17±0.05,2.95±0.68,0.001±0.001,0.047±0.017,86.97±8.58,1.12±0.42,,0.008±0.004,0.025±0.004,32.59±8.08,625±5.9,2.09±0.22,42.55±4.12,0.46±0.09,1.62±0.20,1.38±0.24,0.07±0.03,0.18±0.04,,,0.24±0.04,,,,17.01±0.72,147±6.3,9.54±1.17,1.29±0.25,4.13±0.29,3.99±0.39,,8.77±0.84,32.87±1.74,1.19±0.12,,,75.06±4.22,,220±8.3,,183±8.1,42.83±2.54,295±12.2,,,,,,,,,,,,,,,2.18±0.16,4.31±0.29,8.70±0.59,4.68±0.13,1.33±0.05,0.84±0.06,5.38±0.46,4.70±0.26,1.53±0.11,5.83±0.38,6.78±0.42,5.41±0.36,9.24±0.71,14.77±1.57,5.70±0.25,4.70±0.59,4.40±0.22,3.95±0.32,592±36.7,241±18.8,351±30.8,15.79±2.95,67.34±14.43,5.44±0.79,15.79±2.95,254±7.9,1.64±0.25,,,,2.26±0.51,,,,,4.30±0.56,,3.09±0.40,,2.55±0.86,,2.70±1.03,0.35±0.06,0.08±0.02,0.49±0.03,,,,,1.36±0.32,,,,,,,,,,,,,,,,233±8.9,,,,,0.77±0.03,5.44±0.13,17.39±0.14,12.01±0.34,,,,,,,,,,,,,,,,,,,,,,,
C034,"Tamarind leaves, tender (Tamarindus indica)",3.0,71.69±0.06,5.84±0.01,1.25±0.06,0.49±0.01,10.70±0.02,9.34±0.01,1.36±0.01,10.04±0.02,299±1,0.12±0.020,0.03±0.007,0.79±0.02,0.30±0.04,0.14±0.010,3.29±0.60,91.82±9.56,28.22±8.82,,2.62±0.00,,,0.69±0.03,,1.18±0.25,,,,,,0.81±0.01,249±6.6,,58.83±10.16,1.88±0.26,,,,,168±21.2,4002±389,,,,66.93±0.96,0.002±0.001,,0.56±0.04,2.84±0.70,,,42.10±0.80,0.64±0.05,,,,86.86±2.14,465±4.0,2.45±0.39,13.43±0.07,0.93±0.03,7.01±0.02,6.85±0.02,0.05±0.02,0.12±0.02,,,0.17±0.00,,,,16.14±0.46,150±2.2,,1.20±0.23,4.08±0.43,4.27±0.40,,9.29±0.35,33.01±2.46,,,,76.79±1.82,,230±3.5,,176±3.1,42.30±2.81,306±1.9,,,,,,,,,,,,,,,2.19±0.05,4.20±0.04,8.70±0.67,4.69±0.21,1.26±0.10,0.63±0.03,4.86±0.59,4.64±0.34,1.47±0.06,5.65±0.38,6.63±0.61,5.58±0.20,8.29±1.27,13.45±1.16,5.81±0.50,4.68±0.85,4.32±0.27,3.93±0.28,150±13.9,72.63±14.02,77.44±22.84,,,6.46±4.33,,,195±7.0,44.76±19.99,,,,,,,,,0.23±0.02,,,,,,,,,,,,,,,,,,,,,,,,,,,,,27.65±4.01,,,,,4.81±0.10,0.64±0.12,46.05±3.16,33.87±0.12,,,,,,,,,,,,,,,,,,,,,,,
D001,Ash gourd (Benincasa hispida),6.0,92.17±0.42,0.79±0.06,0.70±0.08,0.14±0.02,3.37±0.23,2.52±0.26,0.85±0.13,2.84±0.22,73±4,0.03±0.003,0.01±0.001,0.12±0.02,0.37±0.03,0.18±0.058,2.01±0.15,14.11±1.85,11.41±1.31,,1.35±0.18,,,0.01±0.00,,0.13±0.02,,,,,,0.02±0.01,27.15±0.45,,,,,,,,,,,,,,,,,,,,,,,,,,,,,,,,,,,,,,,,,,,,,,,,,,,,,,,,,,,,,,,,,,,,,,,,,,,,,,,,,,,,,,,,,,,,,,,,,,,,,,,,,,,,,,,,,,,,,,,,,,,,,,,,,,,,,,,,,,,,,,,,,,,,,,,,,,,,,,,,,,,,,,,,,
D001 ,,,,,,,,,,,,,,,,,,,,,,,,,,,,,,,,,,,18.29±4.23 ,5.76±2.93 ,,,,,,66.67±10.19,0.04±0.02 ,,,19.39±1.46 ,0.006±0.002 ,0.001±0.001 ,0.04±0.01 ,0.47±0.20 ,0.003±0.000 ,0.001±0.000,19.95±6.83 ,0.09±0.03 ,,0.008±0.004 ,0.008±0.004 ,29.07±8.45 ,372±82.0 ,1.15±0.18 ,0.77±0.14 ,0.13±0.06,1.20±0.06 ,1.01±0.01 ,0.12±0.04 ,0.05±0.02 ,0.02±0.02 ,,0.19±0.06,,,,0.81±0.10 ,17.99±1.16 ,5.90±0.20 ,0.55±0.11 ,,,,0.86±0.27 ,6.57±0.35,,,,74.89±5.14 ,,1.58±0.24 ,,25.26±1.06 ,7.43±0.40 ,76.47±5.06,,,,,,,,,,,,,,,2.58±1.06 ,4.31±0.72 ,5.67±0.45 ,3.39±0.69 ,1.56±0.37 ,0.83±0.17 ,3.22±0.70 ,3.65±0.38 ,0.72±0.30 ,5.11±0.62,5.66±0.64 ,7.83±2.40 ,10.67±1.94 ,17.95±1.22 ,5.59±1.14 ,3.99±0.66 ,4.06±0.25 ,2.88±0.73,4.89±0.85 ,3.28±1.29 ,1.61±0.90 ,,36.91±1.03 ,0.57±0.04,,,,,0.03±0.02 ,,,,0.34±0.11 ,0.93±0.73,,,,,,,,,,,,,,,,,,,,,,,,,,,,,,,,10.47±1.25,,,,,0.16±0.01 ,0.45±0.02 ,2.38±0.13 ,14.60±0.32,,,,,,,,,,,,,,,,,,,,,,,
D002,"Bamboo shoot, tender (Bambusa vulgaris)",1.0,94.56,1.33,0.55,0.35,1.55,1.06,0.49,1.67,68,0.06,0.06,0.25,0.22,0.13,5.93,17.05,15.74,,0.41,,,,,0.01,0.05,,,,,,1.13,,2.5,,,,,,,11.6,0.03,,,10,0.004,,0.14,0.33,0.014,,8.28,0.42,,,0.008,39.63,422,2.58,1.12,0.37,0.6,0.51,0.07,0.02,,,0.09,,,,,35.75,1.84,,1.72,1.77,,,7.45,,,,42.23,,9.24,,41.09,7.45,51.46,,,,,,,,,,,,,,,1.73,2.19,6.24,4.82,1.04,0.49,5.57,3.9,0.95,3.69,4.85,4.63,14.57,11.85,4.48,7.85,5.12,3.94,85.7,75.01,10.69,2.6,12.53,0.1,2.6,30.26,103,,,,,,,0.36,,,,0.25,,,,,,,,,,,,,,,,,,,,,,,,,,,,9,,0.01,0.01,,2.44,1.27,15.49,19.78,0.05,,,,,,,,,,,,,,,,,,,,,,
D003,"Bean scarlet, tender (Phaseolus coccineus)",5.0,85.51±1.22,2.86±0.27,0.96±0.03,0.99±0.06,4.50±0.25,3.76±0.14,0.74±0.21,5.16±1.45,179±21,0.13±0.016,0.12±0.016,0.52±0.08,0.42±0.03,0.31±0.021,12.26±1.53,45.26±0.73,6.61±1.00,,1.40±0.17,,,0.15±0.03,,,,,,,,0.15±0.03,60.10±3.36,,98.51±21.39,2.67±0.33,,,,,35.52±3.88,1055±156,,0.30±0.07,,43.48±18.32,,0.001±0.000,0.17±0.01,0.73±0.04,,,43.75±1.66,0.37±0.02,,0.039±0.016,0.027±0.013,62.13±3.09,164±8.3,0.02±0.01,1.46±0.54,0.57±0.05,4.56±0.05,3.53±0.02,0.38±0.02,0.51±0.03,0.14±0.02,,1.03±0.04,,,,3.08±0.41,191±5.4,40.33±0.41,8.93±0.31,13.20±0.25,9.38±0.64,,8.72±0.25,38.09±1.54,,,,203±2.3,,227±1.5,,266±6.1,46.81±1.57,429±3.7,,,,,,,,,,,,,,,3.23±0.20,3.96±0.35,8.31±0.26,6.70±0.28,1.46±0.16,0.62±0.09,5.13±0.23,4.43±0.42,0.88±0.16,4.54±0.27,5.62±0.35,6.07±0.08,11.88±0.95,16.07±0.00,4.76±0.37,4.68±0.24,5.50±0.39,2.83±0.14,20.97±3.63,5.72±1.98,16.88±3.26,35.70±1.14,21.45±0.79,1.79±0.14,35.91±0.95,,174±1.0,,0.21±0.02,,,,,,,0.85±0.00,1.25±0.00,0.10±0.00,,2.15±0.00,,,0.52±0.00,1.52±0.00,3.52±0.00,,,,,,,,,,,,,,,,,,,,,12.68±0.00,,,,,1.64±0.38,5.90±0.73,19.20±1.45,17.33±2.13,0.17±0.00,,,,,,,,,,,,,,,,,,,,,,
D004,"Bitter gourd, jagged, teeth ridges, elongate (Momordica charantia)",6.0,90.87±0.56,1.44±0.17,0.86±0.04,0.24±0.01,3.78±0.16,3.10±0.19,0.68±0.07,2.82±0.32,87±6,0.05±0.005,0.04±0.009,0.27±0.03,0.33±0.09,0.05±0.009,5.76±0.52,60.28±7.22,46.53±2.81,,1.92±0.28,,,0.01±0.01,0.03±0.01,,,,0.11±0.01,,0.07±0.03,0.03±0.01,4.55±0.36,,282±101,5.83±2.55,,,,,122±10.9,717±179,0.37±0.20,,,21.36±3.00,0.014±0.002,0.002±0.001,0.09±0.04,1.15±0.36,0.001±0.000,0.002±0.001,32.14±5.53,0.25±0.02,,0.004±0.001,0.015±0.012,44.90±4.39,326±35.0,4.97±1.10,13.09±0.07,0.31±0.07,0.96±0.09,0.92±0.08,0.04±0.01,,,,0.04±0.01,,,,2.99±0.57,78.62±5.32,50.55±3.47,2.89±0.60,3.65±0.77,5.78±0.77,,1.03±0.30,4.55±0.40,,,2.50±0.38,17.74±1.99,,23.04±1.87,,144±8.3,8.08±0.53,40.78±3.79,,,,,,,,,,,,,,,3.53±0.39,4.74±0.28,7.40±0.52,6.13±0.20,1.55±0.08,0.94±0.13,2.60±0.37,4.83±0.33,1.28±0.10,6.49±0.29,4.90±0.90,13.97±1.79,7.65±0.63,8.50±0.49,5.45±0.27,4.74±0.38,4.11±0.68,4.77±0.40,45.40±11.17,17.53±2.08,27.87±11.44,,59.33±1.55,1.41±0.22,,,7.49±1.41,,,,,,0.04±0.01,0.74±0.39,,,0.05±0.03,,,,,,,,,,,,,,,,,,,,,,,,,,,,,49.76±1.87,,,,,0.45±0.03,1.62±0.27,11.88±0.75,13.84±1.43,,,,,,,,,,,,,,,,,,,,,,,
D005,"Bitter gourd, jagged, teeth ridges, short (Momordica charantia)",4.0,91.60±0.28,1.34±0.12,0.81±0.06,0.24±0.01,3.49±0.18,2.96±0.10,0.53±0.11,2.53±0.26,79±5,0.06±0.008,0.04±0.005,0.29±0.03,0.36±0.01,0.04±0.004,5.55±1.17,51.45±6.97,50.87±3.03,,1.90±0.15,,,0.01±0.00,0.04±0.01,,,,0.11±0.02,,0.08±0.03,0.03±0.00,4.85±0.35,,244±82.0,6.96±2.53,,,,,126±7.10,505±86,0.40±0.10,,,16.27±2.20,0.013±0.003,0.002±0.000,0.12±0.04,1.08±0.47,,0.002±0.001,31.58±2.56,0.23±0.11,,0.004±0.000,0.013±0.003,40.21±9.79,282±51.6,3.72±0.68,12.59±0.06,0.36±0.07,0.99±0.08,0.93±0.07,0.06±0.01,,,,0.06±0.01,,,,3.35±0.46,84.32±2.23,41.25±2.34,3.09±0.44,3.44±0.20,3.74±0.64,,0.96±0.33,5.36±0.39,,,1.29±0.14,17.50±0.86,,37.70±1.93,,139±4.0,7.61±0.46,55.20±2.65,,,,,,,,,,,,,,,3.17±0.33,4.71±0.36,7.19±0.33,6.63±0.50,1.49±0.12,0.98±0.39,3.15±0.48,4.72±0.39,1.42±0.20,6.51±0.41,4.79±0.42,13.01±1.46,7.83±1.58,8.74±1.41,5.26±0.33,4.75±0.38,4.26±0.89,4.61±0.32,48.83±10.78,16.28±2.12,32.55±10.52,,66.42±2.46,1.51±0.47,,,7.44±0.71,,,,,,0.05±0.04,1.21±1.15,,,0.07±0.04,,,,,,,,,,,,,,,,,,,,,,,,,,,,,50.46±2.48,,,,,0.45±0.02,1.71±0.30,12.26±1.18,14.39±1.16,,,,,,,,,,,,,,,,,,,,,,,
D006,"Bitter gourd, jagged, smooth ridges, elongate (Momordica charantia)",1.0,91.24,1.61,0.88,0.26,3.72,3.05,0.67,2.29,81,0.06,0.04,0.30,0.28,0.05,6.85,60.03,54.30,,1.83,,,0.01,0.03,,,,0.09,,0.10,0.03,4.70,,313,7.2,,,,,130,481,0.4,,,17.62,0.013,0.007,0.1,1.28,0.001,0.002,33.34,0.5,,0.003,0.047,44.75,356,5.22,11.16,0.43,0.95,0.87,0.08,,,,0.08,,,,4.25,86.82,40.28,3.16,3.47,4.14,,1.05,3.91,,,1.68,22.75,,36.5,,142,6.63,59.25,,,,,,,,,,,,,,,3.71,4.85,7.4,6.45,1.62,0.85,2.98,4.61,1.32,6.76,5.64,12.77,8.34,8.9,5.34,4.66,4.41,4.68,43.37,15.33,28.04,,65.68,1.42,,,9.15,,,,,,0.08,1.64,,,0.05,,,,,,,,,,,,,,,,,,,,,,,,,,,,,52.98,,,,,0.43,1.39,12.24,12.68,,,,,,,,,,,,,,,,,,,,,,,
D007,"Bottle gourd, elongate, pale green (Lagenaria vulgaris)",6.0,95.17±0.33,0.53±0.05,0.36±0.04,0.13±0.02,2.12±0.07,1.65±0.05,0.48±0.07,1.68±0.33,46±6,0.03±0.003,0.01±0.001,0.14±0.01,0.56±0.09,0.02±0.005,2.55±0.29,41.99±3.56,4.33±1.55,,0.74±0.02,,,0.01±0.01,,,,0.02±0.01,,,,0.02±0.01,2.10±0.23,,28.88±8.19,,,,,,44.05±11.68,95.12±13.56,0.03±0.01,,,15.42±2.54,0.004±0.001,0.001±0.000,0.05±0.01,0.26±0.03,,,10.93±1.69,0.13±0.07,,0.002±0.001,0.008±0.004,16.01±1.97,124±16.5,1.77±0.29,1.46±0.08,0.15±0.02,1.03±0.12,0.67±0.09,0.23±0.05,0.13±0.03,,,0.36±0.06,,,,1.32±0.23,31.30±3.01,4.35±0.55,0.70±0.12,2.22±0.30,1.54±0.22,,,3.54±0.58,,,,40.31±3.41,,24.63±2.30,,41.44±3.93,3.54±0.58,64.94±5.35,,,,,,,,,,,,,,,1.80±0.25,4.98±0.51,7.74±0.49,4.81±0.61,0.94±0.15,0.57±0.07,3.73±0.70,4.18±0.42,1.60±0.08,6.58±0.53,7.18±0.79,5.95±0.62,9.15±0.73,17.27±1.15,5.08±0.34,4.64±0.60,4.86±0.43,3.08±0.36,3.75±1.45,2.67±1.39,1.08±0.39,,31.16±1.71,0.16±0.02,,,64.96±1.83,,,,,,0.05±0.02,1.96±0.71,,,0.60±0.06,2.47±0.49,,,,,,,,,,,,,,,,,,,,,,,,,,,,34.76±3.15,,,,,0.22±0.01,0.92±0.06,6.40±0.10,10.64±0.73,,,,,,,,,,,,,,,,,,,,,,,
D008,"Bottle gourd, round, pale green (Lagenaria vulgaris)",5.0,94.50±0.32,0.42±0.02,0.34±0.05,0.12±0.03,2.10±0.15,1.72±0.13,0.38±0.05,2.53±0.21,57±3,0.03±0.004,0.01±0.001,0.14±0.01,0.50±0.06,0.02±0.006,2.33±0.14,49.59±3.82,4.54±1.78,,0.70±0.04,,,0.01±0.00,,,,0.03±0.01,,,,0.01±0.00,2.06±0.36,,29.64±2.98,8.60±2.23,,,,,47.13±3.49,92.56±17.23,0.05±0.03,,0.000±0.001,15.05±1.70,0.003±0.001,0.001±0.000,0.05±0.01,0.28±0.02,,,10.89±1.53,0.11±0.04,,0.001±0.000,0.013±0.004,16.99±7.45,116±20.2,1.80±0.39,1.52±0.09,0.15±0.02,1.02±0.06,0.67±0.07,0.25±0.03,0.10±0.01,,,0.34±0.04,,,,1.30±0.32,30.78±1.18,4.54±0.26,0.71±0.12,2.13±0.19,1.61±0.05,,,3.47±0.54,,,,40.53±3.68,,22.12±2.98,0.82±0.07,41.07±1.27,3.47±0.54,63.46±6.66,,,,,,,,,,,,,,,2.10±0.42,5.20±0.27,7.80±0.50,4.97±0.86,0.97±0.26,0.60±0.14,3.41±0.90,4.62±0.14,1.67±0.23,6.64±0.28,6.91±1.07,5.95±1.38,9.23±0.54,16.19±0.33,5.12±0.54,4.74±0.37,5.10±0.27,3.56±0.64,2.53±1.02,1.38±0.32,1.15±0.88,,31.12±2.36,0.14±0.02,,,65.18±2.07,,,,,,0.05±0.01,1.90±0.67,,,0.79±0.41,2.72±0.26,,,,,,,,,,,,,,,,,,,,,,,,,,,,31.83±5.61,,,,,0.21±0.01,1.00±0.06,6.02±0.20,11.83±0.27,,,,,,,,,,,,,,,,,,,,,,,
D009,"Bottle gourd, elongate, dark green (Lagenaria vulgaris)",1.0,94.63,0.49,0.40,0.13,2.11,1.74,0.37,2.25,54,0.03,0.01,0.14,0.59,0.01,2.54,46.31,3.80,,0.60,,,0.01,,,,0.02,,,,0.02,1.80,,28.98,2.5,,,,,44.82,97.02,0.03,,,16.64,0.003,0.004,0.07,0.34,,,12.9,0.15,,,0.014,26.86,171,2.05,1.35,0.18,0.97,0.58,0.33,0.06,,,0.39,,,,2.25,30.94,5.22,0.57,1.83,1.22,,6.12,2.93,,,,32.96,,19.35,0.61,42.04,9.05,52.92,,,,,,,,,,,,,,,2.16,5.19,7.88,5.02,0.88,0.7,3.71,4.62,1.46,6.98,8.94,6.19,9.33,15.69,4.95,4.85,4.74,3.65,1.7,1.32,0.38,,33.41,0.12,,,64.8,,,,,,0.04,1.84,,,0.59,2.48,,,,,,,,,,,,,,,,,,,,,,,,,,,,38.2,,,,,0.25,1.08,6.61,10.86,,,,,,,,,,,,,,,,,,,,,,,
D010,Brinjal-1 (Solanum melongena),1.0,89.95,1.77,0.83,0.39,3.57,2.37,1.20,3.49,114,0.07,0.13,0.74,0.29,0.05,1.17,37.22,1.58,,0.85,,,0.08,,,,,,,,0.08,10.30,,126,1.9,,,,,126,186,0.24,,0.002,22.17,0.004,0.001,0.25,0.49,0.002,0.011,26.75,0.29,,,0.024,39.95,302,,3.15,0.32,1.92,1.04,0.66,0.03,0.19,,0.88,,,,,50.39,34.59,5.96,1.9,1.69,,,27.94,,,,171,,38.73,,94.53,27.94,210,,,,,,,,,,,,,,,1.58,3.75,5.49,4.49,0.62,0.66,4.73,2.5,1.12,3.32,5.59,4.42,15.95,20.57,4.44,3.85,3.34,2.26,34,31.26,2.75,1.63,8.21,81.83,22.88,,,14.71,,,1.73,,0.21,,,1.39,0.83,,0.77,,,1.47,,,,,,,,,,,,,,,,,,,,,,,,13.14,,,,,0.68,1.6,8.44,14.63,,,,,,,,,,,,,,,,,,,,,,,
D011,Brinjal-2 (Solanum melongena),1.0,90.28,1.82,0.85,0.34,4.01,2.80,1.21,2.71,99,0.09,0.11,0.56,0.27,0.05,1.83,27.22,1.03,,1.01,,,0.11,,,,,,,,0.11,11.45,,130,2.8,,,,,130,167,0.05,,0.002,17.13,0.004,0.003,0.04,0.44,,,29.56,0.29,,,0.008,44.65,206,,3.92,0.23,1.99,1.01,0.79,0.04,0.15,,0.98,,,,,43.46,34.71,6.53,1.93,1.49,,,16.8,,,,132,,35.1,,88.11,16.8,167,,,,,,,,,,,,,,,1.57,3.23,4.53,4.03,0.8,0.76,4.4,2.54,0.66,4.15,3.72,5.14,16.15,20.56,3.4,3.54,3.09,2.3,35.87,33.45,2.42,0.23,7.31,47.27,26.76,,,17.75,,,1.82,,0.29,,,1.27,0.76,,0.65,,,1.43,,,,,,,,,,,,,,,,,,,,,,,,12.16,,,,,0.74,1.96,7.01,15.46,,,,,,,,,,,,,,,,,,,,,,,
D012,Brinjal-3 (Solanum melongena),2.0,90.02,1.36,0.65,0.33,4.26,3.10,1.16,3.38,102,0.050,0.109,0.60,0.29,0.07,1.32,32.29,2.34,,1.19,,,0.09,,,,,,,,0.09,12.25,,131,3.29,,,,,138,155,0.05,,0.001,14.58,0.006,0.003,0.11,0.34,,0.011,18.62,0.29,,,0.024,27.79,192,,3.12,0.2,1.44,0.51,0.52,0.32,0.1,,0.93,,,,,39.19,25.72,4.67,1.41,1.35,,,21.05,,,,143,,27.38,,72.34,21.05,171,,,,,,,,,,,,,,,1.98,3.8,5.53,3.87,0.88,0.67,5.42,3.08,0.68,5.2,3.84,4.55,14.44,20.14,3.77,3.55,3.62,2.59,32.4,30.44,1.96,1.53,10.49,48.35,36.97,,,17.94,,,1.96,,0.28,,,1.41,0.8,,0.81,,,1.5,,,,,,,,,,,,,,,,,,,,,,,,13.8,,,,,0.78,1.3,7.97,12.79,,,,,,,,,,,,,,,,,,,,,,,
D013,Brinjal-4 (Solanum melongena),4.0,90.28±1.21,1.51±0.24,0.66±0.09,0.31±0.03,4.04±0.65,3.03±0.82,1.01±0.22,3.19±0.86,100±18,0.06±0.019,0.11±0.003,0.52±0.07,0.42±0.10,0.07±0.013,1.70±0.62,36.67±7.69,2.22±0.57,,1.05±0.18,,,0.09±0.02,,,,,,,,0.09±0.02,12.75±0.33,,142±18.5,3.90±1.39,,,,,140±15.0,138±34.2,0.11±0.00,,,13.39±3.79,0.002±0.001,0.002±0.002,0.14±0.03,0.38±0.12,0.001±0.000,0.009±0.007,20.65±7.46,0.18±0.03,,0.001±0.000,0.019±0.011,31.82±5.99,268±114,,3.31±0.24,0.21±0.04,1.83±0.07,0.97±0.02,0.55±0.01,0.15±0.04,0.17±0.02,,0.86±0.06,,,,,36.90±3.89,22.79±2.22,4.34±0.60,1.60±0.40,1.27±0.21,,,25.20±3.49,,,,137±18.0,,21.11±2.58,,66.91±6.06,25.20±3.49,158±20.4,,,,,,,,,,,,,,,2.36±0.14,3.79±0.42,5.18±0.91,4.24±0.21,0.78±0.13,0.79±0.10,4.30±0.18,2.86±0.56,0.78±0.03,4.15±1.14,5.03±0.73,5.27±0.59,15.98±0.99,20.30±1.30,3.97±0.55,3.74±0.50,4.03±0.53,2.68±0.35,29.37±6.87,25.15±5.01,4.22±1.93,1.50±1.00,9.54±1.17,39.27±13.07,66.55±27.18,,,14.92±6.79,,,1.50±0.27,,0.29±0.03,,,1.40±0.04,0.84±0.07,,0.85±0.08,,,1.56±0.07,,,,,,,,,,,,,,,,,,,,,,,,12.85±1.21,,,,,0.73±0.05,1.52±0.19,7.82±0.26,14.43±1.44,,,,,,,,,,,,,,,,,,,,,,,
D014,Brinjal-5 (Solanum melongena),3.0,89.45±1.73,1.38±0.26,0.72±0.12,0.29±0.06,4.13±0.70,3.10±0.43,1.03±0.29,4.02±2.01,111±38,0.07±0.023,0.11±0.002,0.49±0.05,0.29±0.04,0.08±0.012,1.42±0.49,32.21±4.79,3.15±0.88,,1.61±0.26,,,0.10±0.02,,,,,,,,0.10±0.02,13.05±0.64,,122±10.1,2.78±1.52,,,,,123±12.7,136±3.9,0.08±0.00,,0.001±0.001,17.03±2.93,0.002±0.001,,0.11±0.03,0.36±0.04,0.001±0.000,0.009±0.008,25.36±11.97,0.16±0.02,,0.001±0.001,0.011±0.008,33.13±6.40,227±35.4,,4.03±0.55,0.20±0.05,1.84±0.33,0.85±0.21,0.67±0.13,0.10±0.06,0.22±0.15,,0.99±0.13,,,,,35.38±10.09,25.00±9.38,5.27±2.03,1.82±0.78,1.77±1.06,,,18.56±2.24,,,,121±20.0,,26.20±10.62,,69.24±23.29,18.56±2.24,147±29.2,,,,,,,,,,,,,,,1.67±0.18,3.99±0.52,6.14±0.33,3.82±0.10,0.95±0.06,0.79±0.05,4.52±0.15,3.23±0.13,0.72±0.06,5.39±0.36,4.98±0.67,5.49±0.46,14.14±1.77,21.64±2.20,3.86±0.49,3.76±0.78,3.52±0.39,3.15±0.16,33.50±6.86,29.75±5.82,3.75±1.25,2.03±2.08,7.75±2.21,18.75±2.32,45.24±40.15,,,15.48±4.63,,,2.32±0.28,,0.32±0.03,,,1.36±0.07,0.78±0.10,,0.83±0.09,,,1.32±0.04,,,,,,,,,,,,,,,,,,,,,,,,13.49±0.86,,,,,0.69±0.04,1.71±0.23,7.85±0.66,12.55±4.14,,,,,,,,,,,,,,,,,,,,,,,
D015,Brinjal-6 (Solanum melongena),2.0,90.57,1.46,0.72,0.29,3.68,3.00,0.68,3.29,97,0.05,0.11,0.51,0.30,0.07,1.65,34.21,1.49,,1.14,,,0.08,,,,,,,,0.08,21.45,,126,4.16,,,,,129,168,0.07,,0.001,17.17,0.002,0.001,0.11,0.39,0.001,0.016,18.82,0.2,,0.003,0.007,30.12,289,,3.75,0.2,2.36,1.36,0.52,0.26,0.23,,1,,,,,38.35,24.82,4.81,1.68,1.33,,,16.94,,,,117,,27.38,,70.99,16.94,144,,,,,,,,,,,,,,,2.31,3.14,5.77,3.67,0.76,0.63,4.6,2.69,0.68,3.86,5.5,4.7,15.15,22.59,4.78,3.64,3.57,4.46,36.8,30.16,6.64,2.64,10.49,16.82,87.21,,,12.95,,,1.82,,0.19,,,1.33,0.81,,0.9,,,1.35,,,,,,,,,,,,,,,,,,,,,,,,12.88,,,,,0.73,1.83,7.13,9.51,,,,,,,,,,,,,,,,,,,,,,,
D016,Brinjal-7 (Solanum melongena),1.0,91.25,1.40,0.57,0.37,3.32,2.30,1.02,3.10,98,0.05,0.12,0.44,0.33,0.07,1.32,26.58,1.08,,0.84,,,0.03,,,,,,,,0.03,13.14,,155,4.5,,,,,155,166,0.15,,0.001,19.95,0.003,,0.09,0.27,,0.004,15.26,0.16,,0.001,0.011,29.58,238,,3.45,0.16,2.27,0.89,1.01,0.3,0.07,,1.38,,,,,41.45,22.97,4.46,1.3,1.54,,,22.92,,,,136,,17.62,,71.72,22.92,153,,,,,,,,,,,,,,,2.11,3.44,6.18,4.25,0.95,0.99,4.85,3.03,0.7,4.72,7.03,5.34,14.02,17.88,4.32,4.19,4.67,3.01,33.68,28.92,4.76,1.82,8.88,92.63,25.26,,,10.18,,,1.69,,0.29,,,1.41,0.88,,0.77,,,1.26,,,,,,,,,,,,,,,,,,,,,,,,13.17,,,,,0.76,1.65,8.13,18.39,,,,,,,,,,,,,,,,,,,,,,,
D017,Brinjal-8 (Solanum melongena),3.0,89.28±0.39,1.82±0.16,0.80±0.06,0.33±0.04,4.01±0.48,2.79±0.53,1.22±0.05,3.75±0.18,117±2,0.07±0.004,0.11±0.015,0.65±0.01,0.39±0.09,0.07±0.02,1.55±0.32,33.89±6.18,1.89±0.83,,0.97±0.17,,,0.08±0.02,,,,,,,,0.08±0.02,13.94±2.56,,162±19.2,3.77±1.89,,,,,162±16.1,190±12.3,0.09±0.00,,,21±2,0.004±0.001,0.001±0.001,0.12±0.04,0.42±0.05,0.003±0.003,0.005±0.003,26.63±8.03,0.19±0.02,,0.002±0.001,0.012±0.009,35.84±3.90,284±124,,4.73±0.10,0.24±0.08,2.77±0.07,1.98±0.02,0.41±0.20,0.11±0.03,0.27±0.18,,0.79±0.06,,,,,35.37±3.38,24.72±5.85,4.66±2.18,1.92±0.16,1.50±0.11,,,25.32±4.52,,,,135±8.9,,23.15±3.45,,68.17±11.36,25.32±4.52,159±12.4,,,,,,,,,,,,,,,2.47±0.16,4.62±0.45,6.84±0.52,5.27±0.35,0.94±0.02,0.76±0.15,4.84±0.31,2.94±0.12,0.60±0.12,5.77±0.43,5.75±0.75,5.37±0.35,15.40±1.02,19.63±1.11,4.60±0.28,3.90±0.49,4.22±0.27,3.32±0.34,37.86±8.54,27.54±6.36,10.31±9.80,2.20±1.16,9.44±1.17,21.92±12.56,66.28±32.10,,,16.85±3.56,,,1.82±0.06,,0.31±0.03,,,1.43±0.06,0.84±0.03,,0.79±0.04,,,1.46±0.09,,,,,,,,,,,,,,,,,,,,,,,,12.63±1.08,,,,,0.72±0.05,1.73±0.09,8.42±0.32,11.29±5.13,,,,,,,,,,,,,,,,,,,,,,,
D018,Brinjal-9 (Solanum melongena),2.0,89.83,1.47,0.83,0.35,4.00,2.94,1.06,3.52,106,0.06,0.11,0.56,0.30,0.09,2.30,35.89,1.72,,1.02,,,0.09,,,,,,,,0.09,14.05,,160,2.89,,,,,158,232,0.02,,,18.79,0.006,0.001,0.11,0.38,0.002,0.001,26.23,0.16,,,0.003,35.71,224,,3.08,0.23,2.45,1.54,0.47,0.23,0.21,,0.91,,,,,42.11,29.38,5.86,1.55,1.59,,,25.08,,,,147,,23.6,,80.49,25.08,170,,,,,,,,,,,,,,,2.39,4.44,6.51,4.94,1.03,0.81,4.31,2.97,0.75,5.66,5.31,5.97,16.1,15.96,4.63,3.96,4.01,2.99,43.33,29.17,14.16,1.22,10.41,43.53,71.11,,,18.9,,,1.71,,0.35,,,1.43,0.89,,0.69,,,1.43,,,,,,,,,,,,,,,,,,,,,,,,11.47,,,,,0.69,1.51,8.57,11.49,,,,,,,,,,,,,,,,,,,,,,,
D019,Brinjal-10 (Solanum melongena),2.0,89.38,1.68,0.72,0.25,3.90,2.74,1.16,4.08,116,0.06,0.10,0.50,0.29,0.08,1.27,37.11,2.40,,0.88,,,0.05,,,,,,,,0.05,14.25,,161,2.39,,,,,161,162,0.12,,0.001,15.59,0.007,0.001,0.12,0.41,,0.011,22.11,0.18,,,0.016,37.36,252,,4.35,0.23,2.15,1.29,0.5,0.23,0.13,,0.86,,,,,34.8,24.25,4.35,1.37,1.23,,,21.91,,,,117,,15.18,,66,21.91,132,,,,,,,,,,,,,,,1.72,3.38,5.63,3.93,0.59,0.59,4.46,2.71,1.07,4.5,4.39,5.95,15.27,21.73,3.66,3.25,3.01,2.48,34.8,31.32,3.48,0.84,8.45,75.35,44.41,,,8.59,,,1.31,,0.28,,,1.37,0.89,,0.73,,,1.47,,,,,,,,,,,,,,,,,,,,,,,,13.05,,,,,0.71,1.78,7.86,15.03,,,,,,,,,,,,,,,,,,,,,,,
D020,Brinjal-11 (Solanum melongena),6.0,89.93±0.89,1.43±0.20,0.68±0.07,0.31±0.04,4.12±0.52,2.95±0.56,1.17±0.28,3.53±1.01,105±16,0.06±0.016,0.11±0.014,0.53±0.09,0.29±0.04,0.08±0.017,1.68±0.51,34.24±4.37,2.24±0.65,,1.01±0.24,,,0.07±0.03,,,,,,,,0.07±0.03,14.46±1.91,,152±11.5,2.02±0.63,,,,,162±22.2,227±28.0,0.06±0.01,,,15.92±2.76,0.006±0.004,0.001±0.001,0.12±0.03,0.37±0.08,0.001±0.000,0.005±0.003,20.73±5.13,0.14±0.02,,0.002±0.001,0.007±0.003,33.28±7.08,260±51.3,,3.47±0.27,0.22±0.04,2.81±0.10,1.76±0.04,0.54±0.03,0.21±0.01,0.30±0.06,,1.05±0.08,,,,,35.70±7.89,24.58±6.59,4.79±1.63,1.61±0.47,1.47±0.50,,,21.59±5.15,,,,119±23.6,,20.90±6.40,,68.14±16.35,21.59±5.15,140±28.6,,,,,,,,,,,,,,,1.79±0.28,3.35±1.00,5.24±0.90,3.15±0.64,0.81±0.18,0.79±0.12,4.75±0.28,3.04±0.38,0.73±0.28,4.36±1.45,5.71±1.69,4.98±1.07,16.71±1.98,20.98±2.17,4.28±0.76,3.49±0.92,3.82±0.71,2.88±0.68,32.83±4.23,28.92±4.34,3.91±0.92,1.47±0.76,11.27±4.36,82.70±7.81,43.85±22.27,,,17.63±6.70,,,1.74±0.12,,0.30±0.06,,,1.46±0.10,0.79±0.11,,0.85±0.04,,,1.56±0.12,,,,,,,,,,,,,,,,,,,,,,,,12.79±2.20,,,,,0.70±0.05,1.60±0.21,8.24±0.38,13.32±3.27,,,,,,,,,,,,,,,,,,,,,,,
D021,Brinjal-12 (Solanum melongena),2.0,90.94,1.60,0.58,0.27,3.89,2.70,1.19,2.73,93,0.04,0.10,0.46,0.35,0.06,1.11,27.83,2.55,,0.87,,,0.09,,,,,,,,0.09,14.32,,147,2.89,,,,,144,217,0.09,,0.001,19.85,0.007,0.001,0.14,0.37,0.001,0.012,19.26,0.18,,0.001,0.013,37.81,259,,3.88,0.25,1.97,0.75,0.82,0.14,0.27,,1.22,,,,,35.21,25.17,5.17,1.57,1.41,,,17.14,,,,111,,19.12,,68.52,17.14,130,,,,,,,,,,,,,,,2.71,3.98,5.68,4.06,1,0.51,4.43,3.33,0.71,5.42,5.07,5.25,15.62,19.92,4.18,3.04,3.46,2.51,31.81,26.14,5.67,1.17,10.49,61.07,64.57,,,12.76,,,2.47,,0.3,,,1.38,0.88,,0.71,,,1.39,,,,,,,,,,,,,,,,,,,,,,,,13.19,,,,,0.68,1.66,8.01,13.41,,,,,,,,,,,,,,,,,,,,,,,
D022,Brinjal-13 (Solanum melongena),1.0,89.14,1.49,0.64,0.31,3.92,2.61,1.31,4.51,124,0.04,0.12,0.54,0.34,0.09,2.29,30.99,1.49,,1.06,,,0.07,,,,,,,,0.07,14.29,,138,3.9,,,,,138,116,0.04,,,18.95,0.005,0.003,0.11,0.32,,0.003,18,0.15,,,0.007,26.81,260,,3,0.19,2.27,1.12,0.59,0.37,0.19,,1.15,,,,,40.89,33.26,5.71,1.49,1.61,,,15.45,,,,126,,23.51,,82.96,15.45,150,,,,,,,,,,,,,,,2.3,4.12,5.77,4.66,0.76,0.84,5.47,3.43,0.8,5.98,5.43,5.57,16.67,18.85,3.71,3.74,3.82,2.79,29.12,25.33,3.79,0.3,9.12,68.87,44.26,,,10.81,,,1.82,,0.26,,,1.39,0.86,,0.74,,,1.29,,,,,,,,,,,,,,,,,,,,,,,,13.49,,,,,0.76,1.8,8.1,7,,,,,,,,,,,,,,,,,,,,,,,
D023,Brinjal-14 (Solanum melongena),3.0,90.31±0.06,1.56±0.19,0.64±0.02,0.35±0.03,3.87±0.59,2.50±0.76,1.37±0.24,3.27±0.39,106±9,0.06±0.012,0.10±0.017,0.46±0.01,0.28±0.03,0.07±0.016,1.36±0.14,38.99±0.97,1.83±0.96,,0.89±0.05,,,0.06±0.01,,,,,,,,0.06±0.01,14.58±1.77,,137±12.2,4.12±2.23,,,,,134±21.4,493±142,0.11±0.02,,0.001±0.001,14.43±3.70,0.005±0.002,,0.11±0.02,0.32±0.08,0.001±0.000,0.010±0.005,19.19±8.62,0.15±0.07,,0.002±0.000,0.015±0.013,30.07±4.05,246±20.2,,3.71±0.25,0.19±0.06,1.80±0.16,0.92±0.01,0.40±0.02,0.28±0.07,0.20±0.20,,0.88±0.17,,,,,31.02±14.22,21.11±11.42,4.42±2.22,1.38±0.75,1.22±0.66,,,16.76±7.52,,,,108±46.4,,17.49±8.73,,59.14±29.12,16.76±7.52,125±54.9,,,,,,,,,,,,,,,2.12±0.26,3.98±0.47,5.34±0.80,4.26±0.18,0.84±0.21,0.63±0.18,4.29±0.33,2.84±0.34,0.90±0.10,4.82±0.26,5.37±0.29,5.23±0.35,16.21±0.69,19.59±2.16,3.91±0.14,4.08±0.36,3.35±0.37,2.60±0.49,32.95±6.18,27.09±7.24,5.86±1.35,1.81±0.41,8.63±1.55,66.96±10.76,48.93±13.54,,,15.19±2.69,,,1.73±0.16,,0.33±0.04,,,1.45±0.08,0.84±0.03,,0.69±0.05,,,1.40±0.14,,,,,,,,,,,,,,,,,,,,,,,,12.29±0.72,,,,,0.68±0.02,1.68±0.09,7.83±0.18,15.75±1.44,,,,,,,,,,,,,,,,,,,,,,,
D024,Brinjal-15 (Solanum melongena),4.0,89.44±0.96,1.58±0.27,0.74±0.05,0.29±0.03,3.99±0.79,2.82±0.72,1.17±0.08,3.96±0.19,114±6,0.07±0.017,0.11±0.008,0.51±0.02,0.32±0.07,0.07±0.027,1.91±0.63,32.48±9.70,2.01±0.78,,1.12±0.22,,,0.08±0.01,,,,,,,,0.08±0.01,14.04±2.02,,169±24.2,4.35±1.76,,,,,162±41.9,346±84.4,0.06±0.02,,,17.82±2.16,0.003±0.002,0.001±0.002,0.12±0.01,0.36±0.14,0.001±0.000,0.009±0.008,21.89±3.72,0.15±0.05,,0.004±0.003,0.003±0.001,30.32±4.00,215±67.5,,3.34±0.27,0.22±0.04,1.90±0.12,1.08±0.01,0.40±0.02,0.15±0.02,0.27±0.13,,0.82±0.12,,,,,36.27±6.79,23.11±4.70,4.37±0.45,1.69±0.44,1.64±0.55,,,24.66±5.89,,,,131±12.0,,19.20±4.01,,67.08±12.14,24.66±5.89,150±10.2,,,,,,,,,,,,,,,1.64±0.26,3.09±0.55,5.10±0.91,3.55±0.28,0.70±0.22,0.53±0.14,4.51±0.75,2.85±0.22,0.91±0.20,4.48±1.18,5.31±0.34,4.48±1.25,16.23±0.72,20.53±1.76,3.81±0.11,3.26±0.46,3.79±0.64,2.68±0.57,29.74±8.02,21.77±2.50,7.97±7.06,0.85±0.41,10.85±1.64,47.43±9.97,48.77±9.12,,,16.71±4.93,,,1.71±0.14,,0.29±0.02,,,1.58±0.13,0.86±0.05,,0.67±0.09,,,1.24±0.07,,,,,,,,,,,,,,,,,,,,,,,,11.52±0.65,,,,,0.72±0.06,1.58±0.28,8.59±0.23,11.01±3.09,,,,,,,,,,,,,,,,,,,,,,,
D025,Brinjal-16 (Solanum melongena),1.0,90.39,1.26,0.80,0.34,3.74,2.54,1.20,3.46,103,0.04,0.11,0.44,0.29,0.10,2.14,30.87,1.53,,0.76,,,0.09,,,,,,,,0.09,13.37,,155,1.8,,,,,155,364,0.1,,0.001,18.33,0.01,,0.07,0.32,0.001,0.003,17.06,0.18,,,0.003,29.86,294,,3.22,0.19,1.6,0.61,0.54,0.13,0.32,,0.99,,,,,44.99,29.8,5.53,1.51,1.82,,,21.95,,,,143,,23.91,,83.65,21.95,166,,,,,,,,,,,,,,,2.21,3.9,6.04,3.23,0.78,0.59,3.52,2.92,0.73,4.84,5.54,5.43,16.88,21.96,3.85,3.12,3.85,2.17,32.81,28.76,4.05,1.36,8.65,91.48,35.19,,,16.57,,,1.89,,0.31,,,1.52,0.88,,0.77,,,1.39,,,,,,,,,,,,,,,,,,,,,,,,12.16,,,,,0.66,1.58,8.13,5.82,,,,,,,,,,,,,,,,,,,,,,,
D026,Brinjal-17 (Solanum melongena),1.0,90.83,1.18,0.81,0.36,3.94,2.80,1.14,2.89,91,0.08,0.09,0.53,0.34,0.10,3.57,27.70,1.95,,1.33,,,0.07,,,,,,,,0.07,12.75,,146,1.9,,,,,146,564,0.1,,,20.83,0.004,0.001,0.12,0.5,0.002,,23.13,0.14,,,0.005,35.94,233,,3.09,0.25,1.47,0.62,0.4,0.26,0.19,,0.85,,,,,45.54,26.97,5.06,1.96,1.6,,,28.21,,,,150,,28.31,,81.14,28.21,179,,,,,,,,,,,,,,,2.24,3.79,5.6,4.7,0.8,0.84,4.35,3.08,0.89,4.97,5.19,5.61,15.45,19.39,3.94,3.28,3.83,2.99,37.14,32.46,4.68,1.72,10.12,23.51,98.93,,,12.86,,,1.79,,0.27,,,1.49,0.81,,0.74,,,1.16,,,,,,,,,,,,,,,,,,,,,,,,13.17,,,,,0.75,1.81,7.08,15.41,,,,,,,,,,,,,,,,,,,,,,,
D027,Brinjal-18 (Solanum melongena),3.0,89.07±0.78,1.47±0.15,0.66±0.02,0.33±0.06,4.38±0.25,3.23±0.15,1.15±0.18,4.10±0.88,116±18,0.04±0.012,0.10±0.010,0.57±0.05,0.30±0.04,0.07±0.025,2.16±0.36,38.27±3.60,1.97±1.44,,1.01±0.15,,,0.04±0.01,,,,,,,,0.04±0.01,13.67±0.92,,128±15.1,2.88±1.48,,,,,130±11.4,364±94.2,0.08±0.02,,0.001±0.001,16.24±4.21,0.007±0.005,0.001±0.002,0.10±0.03,0.38±0.08,0.002±0.002,0.008±0.009,15.48±1.73,0.17±0.04,,0.006±0.000,0.010±0.013,28.03±6.25,208±51.4,,3.63±0.38,0.18±0.05,2.72±0.85,1.28±0.57,0.95±0.44,0.20±0.23,0.29±0.28,,1.44±0.43,,,,,35.91±17.94,25.50±11.77,4.58±2.43,1.86±0.93,1.32±0.54,,,20.71±11.35,,,,111±53.2,,21.75±12.21,,69.18±33.52,20.71±11.35,133±64.5,,,,,,,,,,,,,,,1.67±0.26,3.14±0.60,5.45±0.42,3.29±0.03,0.60±0.31,0.49±0.15,4.41±0.13,2.51±0.35,0.89±0.21,3.31±1.31,5.51±0.60,4.98±0.30,15.68±0.24,21.38±1.48,3.82±0.07,3.39±0.80,3.87±0.26,2.83±0.12,37.58±5.39,31.76±6.44,5.82±1.35,1.68±0.89,8.79±4.17,51.60±15.25,52.70±14.73,,,17.75±6.55,,,1.75±0.18,,0.30±0.05,,,1.44±0.07,0.77±0.13,,0.48±0.17,,,1.23±0.10,,,,,,,,,,,,,,,,,,,,,,,,12.62±0.56,,,,,0.71±0.05,1.81±0.24,8.15±0.09,9.42±5.15,,,,,,,,,,,,,,,,,,,,,,,
D028,Brinjal-19 (Solanum melongena),3.0,90.41±0.55,1.26±0.06,0.66±0.05,0.31±0.02,3.97±0.18,2.81±0.42,1.16±0.27,3.39±0.36,100±8,0.04±0.007,0.10±0.012,0.53±0.08,0.26±0.08,0.09±0.023,2.54±0.64,34.32±5.55,2.53±1.07,,1.06±0.46,,,0.07±0.03,,,,,,,,0.07±0.03,11.48±1.05,,119±14.7,3.68±1.70,,,,,119±16.8,552±90.6,0.07±0.06,,0.001±0.000,16.10±1.74,0.003±0.002,0.001±0.000,0.10±0.03,0.32±0.04,0.002±0.000,0.010±0.004,18.41±2.91,0.16±0.02,,0.001±0.000,0.016±0.003,29.76±2.67,243±57.7,,3.11±0.08,0.19±0.03,2.02±0.02,1.05±0.02,0.50±0.03,0.32±0.04,0.14±0.02,,0.96±0.01,,,,,31.52±12.01,20.62±10.06,4.32±2.05,1.56±0.72,1.25±0.38,,,18.19±9.02,,,,107±48.3,,16.89±7.99,,59.27±25.07,18.19±9.02,124±56.3,,,,,,,,,,,,,,,1.93±0.31,3.73±0.59,6.23±0.69,3.90±0.97,0.84±0.32,0.63±0.16,4.63±0.87,2.95±0.42,0.83±0.21,3.75±1.73,5.70±0.36,4.34±0.88,16.98±1.41,21.76±3.24,3.64±0.15,3.73±0.57,4.28±0.01,3.16±0.41,37.84±5.68,27.09±7.24,10.75±8.72,,9.02±3.11,47.69±15.14,23.76±11.67,,,15.11±4.10,,,1.65±0.13,,0.32±0.03,,,1.53±0.14,0.76±0.12,,0.66±0.12,,,1.33±0.08,,,,,,,,,,,,,,,,,,,,,,,,13.54±1.63,,,,,0.73±0.08,1.84±0.13,8.54±0.16,10.96±5.14,,,,,,,,,,,,,,,,,,,,,,,
D029,Brinjal-20 (Solanum melongena),5.0,90.65±0.79,1.44±0.21,0.68±0.08,0.34±0.04,3.73±0.21,2.64±0.37,1.09±0.21,3.15±0.60,99±10,0.06±0.015,0.10±0.014,0.55±0.09,0.29±0.04,0.07±0.012,1.77±0.44,33.44±4.68,2.21±0.86,,1.02±0.33,,,0.07±0.03,,,,,,,,0.07±0.03,10.94±1.17,,139±12.6,4.08±1.72,,,,,139±18.5,651±37.7,0.14±0.09,,0.001±0.001,14.36±2.59,0.005±0.004,0.001±0.001,0.10±0.03,0.33±0.10,0.001±0.000,0.010±0.006,18.51±3.26,0.16±0.05,,0.001±0.001,0.009±0.007,31.21±6.76,239±29.6,,3.58±0.27,0.20±0.05,2.83±0.04,2.08±0.02,0.42±0.02,0.21±0.02,0.12±0.01,,0.76±0.03,,,,,41.95±4.84,28.44±3.75,5.61±1.03,2.03±0.47,1.89±0.42,,,20.28±4.11,,,,140±15.9,,26.55±5.05,,79.91±9.82,20.28±4.11,167±14.8,,,,,,,,,,,,,,,1.88±0.35,3.63±0.46,5.70±0.70,3.35±0.30,0.97±0.15,0.77±0.16,5.69±0.71,3.07±0.05,0.86±0.38,4.81±0.60,5.61±1.05,4.32±0.60,16.36±3.20,21.23±2.21,4.45±0.58,3.30±0.53,4.15±0.46,2.66±0.37,35.39±5.77,28.44±5.50,6.94±3.13,2.99±1.50,9.29±1.60,63.90±41.84,22.64±6.12,,9.26±1.10,13.08±3.76,,,1.75±0.13,,0.28±0.02,,,1.44±0.11,0.87±0.08,,0.75±0.09,,,1.47±0.11,,,,,,,,,,,,,,,,,,,,,,,,12.90±1.62,,,,,0.72±0.05,1.82±0.09,8.21±0.27,10.55±4.33,,,,,,,,,,,,,,,,,,,,,,,
D030,Brinjal-21 (Solanum melongena),2.0,89.83,1.36,0.69,0.35,3.85,2.57,1.28,3.93,113,0.05,0.11,0.53,0.32,0.08,1.93,32.60,1.38,,0.84,,,0.08,,,,,,,,0.08,10.50,,156,4.44,,,,,155,670,0.08,,0.002,15.27,0.007,0.003,0.09,0.34,0.003,0.009,17.3,0.23,,,0.017,34.98,252,,3.06,0.2,2.01,1.08,0.7,0.07,0.15,,0.93,,,,,45.29,32.46,6.04,2.29,2.2,,,25.84,,,,140,,30.14,,88.28,25.84,170,,,,,,,,,,,,,,,2.07,3.15,5.44,3.4,0.68,0.71,4.87,3.24,0.97,4.6,5.48,5.02,17.23,21.64,4.3,3.45,3.9,2.58,34.6,25.48,9.13,2.08,9.01,48.9,50.74,,,15.1,,,2.86,,0.3,,,1.39,0.83,,0.62,,,1.32,,,,,,,,,,,,,,,,,,,,,,,,13.19,,,,,0.71,1.78,7.52,8.24,,,,,,,,,,,,,,,,,,,,,,,
D031,Brinjal - all varieties (Solanum melongena),6.0,90.00±0.90,1.48±0.22,0.70±0.08,0.32±0.04,3.98±0.49,2.84±0.52,1.14±0.22,3.52±0.80,106±15,0.06±0.016,0.11±0.011,0.53±0.08,0.31±0.06,0.07±0.016,1.76±0.58,33.93±5.33,2.09±0.85,,1.04±0.27,,,0.07±0.03,,,,,,,,0.07±0.03,13.53±2.62,,144±18.7,3.21±1.55,,,,,146±24.0,309±188,0.08±0.05,,0.001±0.001,16.59±3.13,0.005±0.003,0.001±0.001,0.11±0.03,0.37±0.08,0.001±0.001,0.008±0.006,21±5.68,0.17±0.06,,0.002±0.002,0.011±0.009,32.56±5.91,247±59.8,,3.55±0.47,0.21±0.05,2.28±0.51,1.31±0.48,0.55±0.19,0.20±0.09,0.22±0.12,,0.97±0.21,,,,,37.54±8.01,25.49±6.41,4.92±1.34,1.69±0.49,1.52±0.49,,,21.45±5.45,,,,127±25.2,,22.65±7.19,,71.15±16.08,21.45±5.45,149±30.4,,,,,,,,,,,,,,,1.98±0.37,3.63±0.73,5.61±0.78,3.81±0.75,0.82±0.20,0.71±0.16,4.70±0.68,2.96±0.36,0.80±0.21,4.60±1.15,5.37±1.01,5.02±0.79,16.01±1.59,20.62±2.36,4.11±0.55,3.56±0.61,3.82±0.52,2.85±0.60,34.31±5.90,28.17±5.01,6.14±4.44,1.66±1.03,9.76±2.73,56.02±26.03,47.84±24.54,,9.26±1.10,15.52±5.06,,,1.81±0.33,,0.29±0.04,,,1.44±0.10,0.82±0.08,,0.75±0.12,,,1.42±0.15,,,,,,,,,,,,,,,,,,,,,,,,12.79±1.34,,,,,0.71±0.05,1.67±0.21,8.09±0.47,12.28±3.87,,,,,,,,,,,,,,,,,,,,,,,
D032,Broad beans (Vicia faba),3.0,84.20±0.17,3.85±0.13,1.05±0.08,0.15±0.01,8.63±0.15,6.61±0.07,2.03±0.09,2.11±0.11,123±4,0.12±0.01,0.10±0.03,0.76±0.00,0.45±0.03,0.23±0.01,10.03±0.75,20.46±0.04,10.98±0.97,,11.58±1.55,,,0.05±0.04,0.02±0.01,,,,,,,0.06±0.03,93.20±0.50,,106±33.5,24.25±8.69,,,,,6.38±0.62,574±5.14,,0.34±0.16,,64.37±5.06,0.001±0.000,0.002±0.001,0.20±0.01,0.94±0.20,0.003±0.000,,40.18±2.10,0.47±0.04,,0.024±0.006,0.04±0.01,67.97±8.14,362±14.1,9.03±1.67,20.74±0.65,0.61±0.06,2.06±0.06,0.84±0.03,0.61±0.02,0.41±0.02,0.20±0.02,,1.22±0.05,,,,0.45±0.06,31.80±3.07,6.55±0.08,1.10±0.10,1.29±0.21,1.42±0.20,,0.69±0.07,7.85±1.02,,,,42.97±0.63,,21.88±2.24,,42.62±3.73,8.53±0.94,64.85±2.87,,,,,,,,,,,,,,,3.16±0.63,4.28±0.12,7.63±0.15,5.66±0.50,0.65±0.81,0.55±0.03,3.86±0.59,3.40±0.66,0.88±0.02,5.41±0.16,6.43±0.01,7.61±0.01,14.41±0.64,13.83±0.38,4.80±0.10,4.51±0.35,4.54±0.21,2.83±0.13,20.25±1.21,5.81±2.00,13.00±1.34,,124±1.2,1.12±0.18,4.99±0.37,,,,,,1.68±0.62,,,,,,0.09±0.01,3.88±0.08,0.31±0.01,0.77±0.11,,,,0.04±0.01,,,,,,,,,,,,,38.05±2.13,,,16.63±0.37,,9.70±0.10,,,,89.14±6.99,,,,,0.82±0.02,3.26±0.01,13.58±0.34,5.78±0.42,0.45±0.04,,,,,,,,,,,,,,,,,,,,,,
D033,"Capsicum, green (Capsicum annuum)",6.0,93.89±0.32,1.11±0.11,0.76±0.05,0.34±0.03,2.06±0.22,1.33±0.29,0.73±0.17,1.84±0.32,68±6,0.05±0.007,0.03±0.011,0.56±0.05,0.21±0.03,0.15±0.011,4.59±0.46,51.85±3.38,123±7.8,,0.70±0.21,,,0.07±0.03,,,,,,,,0.07±0.03,24.66±2.89,,164±43.9,21.41±8.02,,,,,328±61.7,2511±776,,,0.001±0.000,14.75±2.93,0.017±0.008,0.002±0.001,0.06±0.01,0.48±0.11,0.001±0.000,0.002±0.002,11.84±1.91,0.10±0.04,,0.001±0.001,0.014±0.007,23±5.42,154±24.2,0.18±0.05,1.84±0.10,0.15±0.03,1.16±0.10,0.31±0.02,0.42±0.04,0.20±0.07,0.23±0.01,,0.86±0.11,,,,1.80±0.10,48.13±3.56,20.10±1.90,2.95±0.21,2.29±0.08,1.76±0.21,,1.42±0.23,11.29±1.34,,,,135±11.8,,37.08±5.46,,77.03±4.78,12.71±1.50,172±15.8,,,,,,,,,,,,,,,1.72±0.79,3.79±0.95,5.68±0.57,3.47±1.08,1.24±0.40,0.98±0.04,3.49±1.26,4.05±0.56,0.96±0.15,5.17±0.78,6.43±0.79,3.07±0.97,14.89±2.12,24.82±3.73,4.86±0.62,3.83±1.39,4.30±0.65,2.91±0.93,19.12±1.47,6.83±1.34,2.29±1.07,,103±1.4,0.26±0.02,185±2.9,,250±6.3,,,,0.46±0.03,0.07±0.02,,,,,0.07±0.02,0.39±0.09,2.49±0.22,1.46±0.26,,,,1.44±0.27,,,,,,1.45±0.30,,,,,,,,,,,,,,,,10.82±2.60,,,,,1.25±0.03,0.25±0.01,4.84±0.03,15.96±2.94,0.33±0.04,,,,,,,,,,,,,,,,,,,,,,
D034,"Capsicum, red (Capsicum annuum)",4.0,92.99±1.47,1.47±0.36,0.76±0.14,0.47±0.05,2.19±0.17,1.58±0.13,0.61±0.10,2.14±1.06,83±24,0.10±0.042,0.03±0.014,0.66±0.21,0.25±0.03,0.24±0.007,5.47±0.98,62.54±2.15,112±5.5,,0.52±0.11,,,0.19±0.02,,,,,,,,0.19±0.02,28.42±8.83,,165±33.2,18.28±6.66,,,,,246±47.2,3047±785,0.25±0.06,,0.001±0.001,15.76±1.11,0.008±0.002,0.001±0.000,0.07±0.01,0.38±0.05,0.001±0.001,0.001±0.000,19.57±5.45,0.24±0.12,,,0.005±0.004,30.81±5.81,224±24.7,0.34±0.05,1.70±0.14,0.34±0.06,1.01±0.05,0.08±0.02,0.34±0.03,0.26±0.02,0.33±0.01,,0.93±0.05,,,,4.83±0.34,54.51±1.15,20.15±0.40,1.01±0.06,2.44±0.31,3.45±0.34,,4.14±0.17,43.51±0.52,,,,180±1.0,,37.77±0.56,,86.39±1.81,47.65±0.52,217±1.2,,,,,,,,,,,,,,,1.16±0.15,3.61±0.17,5.40±0.21,3.67±0.12,1.10±0.14,1.13±0.15,3.16±0.40,4.14±0.17,0.92±0.12,5.17±0.26,6.53±0.22,3.36±0.24,14.28±1.32,25.17±0.94,5.69±0.32,2.97±0.16,4.84±0.29,2.89±0.13,16.28±4.34,10.73±0.98,5.54±3.61,,33.39±9.88,0.41±0.11,116±8.2,5.10±2.99,151±40.3,,,,0.58±0.00,1.02±0.00,,,,,0.84±0.00,1.58±0.00,3.82±0.00,,,,,4.18±0.00,,,,,,4.08±0.00,,,,,,,,,,,,,,,,20.30±0.00,,,,,1.09±0.12,0.35±0.25,4.19±1.53,17.68±0.52,0.47±0.15,,,,,,,,,,,,,,,,,,,,,,
D035,"Capsicum, yellow (Capsicum annuum)",4.0,93.38±0.37,1.35±0.35,0.72±0.12,0.41±0.02,2.19±0.13,1.39±0.06,0.80±0.08,1.95±0.16,78±4,0.14±0.012,0.02±0.009,0.59±0.20,0.21±0.02,0.25±0.040,6.33±0.85,66.15±2.56,127±12.5,,0.89±0.18,,,0.18±0.03,,,,,,,,0.18±0.03,35.25±12.82,,280±57.2,17.95±5.26,,,,,166±15.0,2717±203,0.23±0.07,0.03±0.02,0.001±0.000,19.13±4.17,0.036±0.015,0.003±0.001,0.09±0.02,0.69±0.12,0.007±0.002,0.001±0.000,17.23±4.30,0.17±0.05,,,0.008±0.002,43.33±10.64,242±45.6,0.28±0.09,1.56±0.18,0.26±0.08,1.10±0.03,0.12±0.01,0.38±0.02,0.25±0.03,0.35±0.03,,0.97±0.04,,,,4.03±0.05,65.88±1.32,25.21±0.80,1.68±0.10,2.66±0.18,2.84±0.22,,4.11±0.30,51.44±1.22,,,,161±1.3,,39.49±0.73,,102±2.2,55.55±1.49,201±1.3,,,,,,,,,,,,,,,1.13±0.23,3.92±0.20,5.29±0.28,3.80±0.33,1.18±0.20,1.19±0.21,2.98±0.19,4.31±0.71,0.99±0.22,5.24±0.48,5.34±0.26,3.84±0.36,14.95±1.18,24.51±0.15,5.22±0.43,2.45±0.14,4.96±0.25,2.93±0.19,18.07±2.72,11.03±1.22,7.04±3.82,,56.43±17.52,1.03±0.32,115±10.1,,127±19.5,,,,0.48±0.00,0.41±0.00,,,,,0.35±0.00,0.25±0.00,0.25±0.00,,,,,0.03±0.00,,,,,,0.37±0.00,,,,,,,,,,,,,,,,7.80±0.00,,,,,0.79±0.48,0.23±0.05,6.18±2.97,14.81±0.00,0.31±0.00,,,,,,,,,,,,,,,,,,,,,,
D036,Cauliflower (Brassica oleracea),6.0,90.76±0.22,2.15±0.15,0.91±0.10,0.44±0.03,3.71±0.27,2.66±0.35,1.04±0.13,2.03±0.22,96±5,0.04±0.003,0.07±0.007,0.31±0.02,0.62±0.09,0.13±0.020,2.47±0.29,45.95±2.95,47.14±7.47,,1.32±0.16,,,0.02±0.00,,,0.09±0.01,,,,,0.02±0.00,14.33±0.34,,31.3±7.69,5.77±2.61,,,,,1.59±0.66,50.48±4.22,0.17±0.13,,,25.16±3.47,0.007±0.003,0.001±0.001,0.05±0.03,0.96±0.34,0.004±0.001,0.001±0.000,23.08±4.37,0.23±0.08,,0.002±0.001,0.013±0.005,47.33±10.61,329±56.3,0.47±0.06,30.72±3.83,0.31±0.11,1.05±0.07,0.59±0.11,0.27±0.06,0.14±0.03,0.06±0.06,,0.47±0.10,,,,1.73±0.20,88.50±5.84,15.93±1.08,4.27±0.30,2.09±0.22,4.35±0.81,,,24.83±1.38,,,,99±9.9,,117±8.7,,117±7.8,24.83±1.38,216±14.6,,,,,,,,,,,,,,,1.80±0.19,3.84±0.45,6.01±0.86,4.13±0.41,1.01±0.10,0.56±0.10,3.88±0.49,4.02±0.33,1.06±0.06,5.81±0.89,7.96±1.00,4.15±0.94,10.61±1.49,20.70±2.88,4.15±0.31,3.45±0.76,5.15±0.61,2.89±0.34,9.82±1.49,1.88±0.83,7.95±1.59,0.25±0.05,104±1.8,4.60±0.68,11.04±0.87,4.94±0.81,282±5.6,4.25±2.38,,,0.88±0.05,,0.69±0.05,,,0.57±0.07,1.40±0.29,,1.49±0.20,,,,0.26±0.03,0.55±0.03,0.40±0.13,,,,,,,,,,,,,,,,,,0.07±0.01,0.14±0.02,,32.41±0.92,,,,,1.84±0.06,1.30±0.13,12.56±0.49,18.48±1.72,,,,,,,,,,,,,,,,,,,,,,,
D037,Celery stalk (Apium graveolens),3.0,92.87±0.22,0.98±0.13,1.50±0.16,0.24±0.04,2.09±0.13,1.57±0.07,0.52±0.16,2.33±0.23,69±6,0.03±0.007,0.04±0.008,0.48±0.05,0.42±0.02,0.06±0.010,2.09±0.08,22.48±1.33,12.30±2.89,,1.39±0.07,,,0.03±0.03,,,0.02±0.00,0.01±0.00,,,,0.03±0.03,25.87±3.13,,161±15.4,2.61±1.56,,,,,465±57.3,2439±280,1.32±0.34,0.51±0.10,0.002±0.001,38.73±3.38,0.016±0.006,0.001±0.000,0.12±0.12,1.36±0.41,0.003±0.001,0.001±0.001,17.12±6.63,0.24±0.04,,,0.011±0.001,44.84±9.18,298±10.1,3.59±1.27,10.68±0.05,0.18±0.03,1.42±0.08,0.68±0.03,0.15±0.03,0.25±0.04,0.35±0.02,,0.75±0.06,,,,,56.15±7.07,6.61±0.74,,,,,,5.94±0.81,,,,99±13.1,,32.33±2.43,,62.76±7.71,5.94±0.81,131±15.5,,,,,,,,,,,,,,,1.43±0.13,2.93±0.14,4.44±0.45,3.32±0.21,0.90±0.05,0.45±0.07,2.92±0.53,3.71±0.56,1.15±0.03,4.64±0.15,3.07±0.10,3.53±0.51,20.42±1.44,25.87±1.94,3.61±0.13,2.85±0.40,4.29±0.28,2.21±0.04,54.23±7.31,23.18±3.10,31.04±10.38,,158±3.4,,5.96±0.75,51.46±2.07,9.36±0.58,,,,0.32±0.04,,,,,,0.30±0.05,0.26±0.05,0.25±0.02,0.37±0.01,,,0.32±0.07,,0.66±0.04,,,,,,,,,,,,,,,,,,,,,2.90±0.21,,,,,4.75±0.08,0.39±0.01,4.12±0.07,25.66±2.55,0.07±0.01,,,,,,,,,,,,,,,,,,,,,,
D038,Cho-cho-marrow (Sechium edule),4.0,93.78±0.12,0.66±0.07,0.38±0.05,0.15±0.03,1.55±0.08,1.19±0.07,0.36±0.12,3.47±0.18,79±2,0.01±0.000,0.03±0.003,0.23±0.02,0.21±0.01,0.07±0.015,1.06±0.03,63.03±9.04,20.21±5.48,,5.46±0.18,,,0.01±0.01,,0.57±0.02,,0.06±0.01,,,,0.09±0.01,1.78±0.21,,8.56±1.67,1.80±1.29,,,,,1.57±0.31,24.53±9.12,,,,18.64±2.31,0.006±0.002,0.001±0.001,0.05±0.01,0.48±0.11,,,13.05±1.03,0.17±0.09,,0.002±0.001,0.008±0.005,21.61±4.89,120±20.8,0.16±0.05,1.28±0.05,0.10±0.03,1.93±0.03,1.17±0.02,0.40±0.01,0.25±0.02,0.12±0.01,,0.76±0.02,,,,,64±3.49,7.86±0.96,1.30±0.05,1.90±0.18,1.19±0.04,,,13.30±1.26,,,,12.60±1.51,,9.98±0.81,,76.12±4.59,13.30±1.26,22.58±2.22,,,,,,,,,,,,,,,1.82±0.54,4.72±0.68,8.64±0.94,3.56±0.56,1.29±0.17,0.70±0.17,4.65±0.54,4.57±0.67,0.86±0.09,6.71±0.69,7.29±0.79,4.01±1.93,13.25±2.43,16.75±1.63,4.85±0.54,4.18±0.85,5.90±0.81,3.35±0.92,1.55±0.45,1.14±0.41,0.41±0.20,0.13±0.02,60.10±4.56,,,37.30±4.21,32.49±3.30,0.51±0.26,0.38±0.06,,,,,0.36±0.04,,,0.05±0.01,0.66±0.07,,,,,,,,,,,,,,,,,,,,,,,,,,,,5.04±0.75,,,,,0.08±0.01,0.44±0.03,1.66±0.21,19.42±0.61,,,,,,,,,,,,,,,,,,,,,,,
D039,Cluster beans (Cyamopsis tetragonobola),6.0,84.65±0.83,3.55±0.38,1.68±0.13,0.37±0.04,4.83±0.54,3.55±0.48,1.28±0.13,4.91±0.58,168±15,0.05±0.006,0.03±0.005,0.71±0.05,0.35±0.03,0.12±0.008,5.35±0.70,41.24±4.35,17.96±5.83,,13.72±0.29,,,0.77±0.04,,0.31±0.04,0.04±0.00,,,0.06±0.01,,0.81±0.04,23.70±0.30,,538±164,21.49±8.50,,,,,241±32.8,1192±250,0.33±0.08,,,121±17.8,0.013±0.004,0.004±0.000,0.14±0.02,3.90±0.66,,0.001±0.001,81.74±10.44,0.39±0.12,,0.022±0.007,0.057±0.016,45.28±4.07,301±47.7,1.59±0.51,4.05±0.73,0.61±0.13,4.54±0.04,4.42±0.03,,0.10±0.01,0.02±0.01,,0.12±0.02,,,,,64.93±3.40,21.69±0.93,8.46±0.47,6.62±0.79,5.24±0.49,,,30.24±1.96,,,,84.74±4.28,,63.40±4.85,,107±5.1,30.24±1.96,148±7.0,,,,,,,,,,,,,,,1.75±0.33,2.68±1.05,4.68±0.73,3.09±0.56,0.82±0.03,1.02±0.20,2.99±0.99,3.27±0.86,0.91±0.16,3.96±1.01,7.08±1.05,6.48±0.49,18.73±3.01,11.00±1.56,4.44±0.51,3.90±0.42,4.15±0.77,4.17±0.84,16.49±1.45,8.55±0.23,8.58±1.10,0.03±0.01,92.19±1.95,1.36±0.56,6.02±1.12,45.46±1.06,227±1.8,,,,,,,,,0.04±0.01,0.78±0.04,,,,,,,,,,,2.36±0.44,,,,,,,,,,,,,,,,,,53.15±3.94,,,,,1.03±0.03,8.83±0.08,16.50±0.26,8.66±0.19,2.44±1.18,,,,,,,,,,,,,,,,,,,,,,
D040,"Colocasia, stem, black (Colocasia antiquorum)",1.0,91.15,0.76,0.91,0.34,3.01,1.81,1.20,3.83,100,0.02,0.04,0.16,0.47,0.06,3.80,30.88,5.15,,0.21,,,0.06,,,,,,,,0.06,35.75,,97.12,5.3,,,,,4.97,631,,1.16,0.001,29.46,0.015,0.002,0.05,0.77,,,11.07,2,,0.003,0.013,20.31,381,0.82,0.45,0.54,1.08,0.55,0.37,0.16,,,0.53,,,,,85.69,8.24,2.1,3.98,2.93,,1.86,13.12,,,,113,,41.36,,103,14.98,154,,,,,,,,,,,,,,,2.28,4.1,7.53,4.09,1.22,1.51,4.06,4.28,0.75,5.96,7.77,4.52,13.23,16.36,5.87,4.63,5.53,3.56,250,177,73.74,,20.3,4.65,296,,62.6,,,,,,1.89,,,3.82,4.18,3.12,,1.04,,,1.38,,1.02,,,,,,,,,,,,,,,,,,,,,15.68,,,,,3.15,2.03,16.77,25.85,0.7,,,,,,,,,,,,,,,,,,,,,,
D041,"Colocasia, stem, green (Colocasia antiquorum)",5.0,92.67±0.44,0.91±0.16,1.00±0.04,0.22±0.02,2.33±0.06,1.26±0.03,1.07±0.08,2.86±0.34,81±7,0.02±0.004,0.03±0.013,0.22±0.03,0.50±0.12,0.07±0.007,3.46±0.37,25.32±3.00,5.83±1.28,,0.14±0.03,,,0.09±0.03,,,,,,,,0.09±0.03,33.68±6.36,,99.6±19.5,1.96±0.90,,,,,2.30±1.25,597±153,,1.58±1.42,,40.21±6.92,0.020±0.006,0.002±0.002,0.08±0.03,0.55±0.22,,0.001±0.001,19.56±4.36,0.37±0.20,,0.005±0.004,0.008±0.003,30.73±6.04,414±85.6,1.48±0.76,0.60±0.15,0.20±0.08,1.14±0.20,0.89±0.19,0.09±0.02,0.16±0.08,,,0.25±0.09,,,,,53.81±5.81,7.73±0.93,1.42±0.21,2.51±0.42,2.06±0.41,,1.42±0.16,6.37±1.14,,,,82.53±6.81,,27.75±3.65,,67.53±6.04,7.78±1.21,110±10.4,,,,,,,,,,,,,,,2.37±0.51,4.26±0.53,7.20±0.53,3.33±0.97,1.20±0.19,0.80±0.20,4.14±0.48,4.22±0.34,0.73±0.10,5.96±0.35,7.37±1.23,4.70±0.63,11.84±1.78,18.86±2.51,6.69±1.43,4.14±0.75,4.94±0.80,3.08±0.47,229±48.1,172±14.4,64.37±37.16,,24.01±1.37,0.15±0.02,156±2.8,,96.99±1.38,,,,,,0.60±0.37,,,1.38±0.76,1.28±0.59,1.40±0.53,,0.30±0.04,,,0.27±0.04,,1.53±0.25,,,,,,,,,,,,,,,,,,,,,11.66±1.69,,,,,3.42±0.06,2.03±0.02,17.77±0.06,26.49±0.68,0.56±0.02,,,,,,,,,,,,,,,,,,,,,,
D042,"Corn, Baby (Zea mays)",6.0,75.44±0.98,2.69±0.23,2.79±0.21,1.33±0.23,6.09±0.50,4.47±0.28,1.62±0.31,11.66±1.40,306±18,0.15±0.054,0.07±0.032,0.53±0.07,0.94±0.16,0.16±0.046,0.79±0.08,45.53±11.69,8.59±1.48,,31.20±3.77,,,0.13±0.02,,,,,,,,0.13±0.02,75.05±0.00,,5.79±3.45,1.90±0.84,,,,,1.52±0.33,72.89±13.79,,,,76.51±13.84,0.002±0.001,0.001±0.000,0.12±0.03,1.45±0.23,,,25.47±2.17,0.19±0.03,,,,8.69±1.35,260±19.4,0.22±0.05,1.40±0.69,1.13±0.22,4.61±0.05,4.12±0.03,0.20±0.02,0.15±0.02,0.14±0.03,,0.49±0.02,,,,,180±0.6,31.08±0.93,,,,,,384±2.2,7.48±0.40,,,433±2.0,,25.69±1.05,,211±1.3,392±2.5,459±2.0,,,,,,,,,,,,,,,2.13±0.16,4.35±0.28,8.03±0.30,3.36±0.39,1.59±0.29,1.27±0.13,4.85±0.17,4.83±0.34,0.96±0.18,4.87±0.33,6.85±0.26,5.90±0.18,12.40±1.31,17.20±0.55,5.84±0.21,4.66±0.31,4.23±0.34,3.15±0.27,9.22±3.75,4.94±3.44,4.27±0.69,0.29±0.00,21.14±15.00,4.15±2.34,,5.57±2.27,60.48±19.84,4.38±1.77,0.03±0.01,,0.13±0.03,1.20±0.11,,,,0.20±0.15,0.31±0.10,0.76±0.01,0.16±0.02,,,,,,,,,,,,,,,,,,,,,,,,,,,1.91±0.08,0.02±0.000,0.01±0.000,,,3.82±0.00,4.69±0.00,20.20±0.00,26.44±1.43,,,,,,,,,,,,,,,,,,,,,,,
D043,"Cucumber, green, elongate (Cucumis sativus)",6.0,92.96±0.48,0.71±0.11,0.54±0.06,0.16±0.04,2.14±0.42,1.52±0.43,0.63±0.11,3.48±0.47,82±8,0.02±0.003,0.01±0.000,0.35±0.04,0.45±0.04,0.06±0.013,2.82±0.47,16.84±3.17,6.11±1.49,,1.26±0.22,,,0.02±0.01,,,,,,,,0.02±0.01,8.20±1.25,,2.22±1.12,,,,,,5.33±0.93,171±46.8,0.07±0.07,,,16.39±3.74,0.006±0.002,0.002±0.001,0.04±0.01,0.46±0.21,0.001±0.000,0.002±0.002,20.38±4.95,0.08±0.03,,0.002±0.002,0.008±0.002,28.34±4.85,183±36.6,0.17±0.07,6.33±0.20,0.17±0.02,0.76±0.13,0.50±0.10,0.25±0.03,0.02±0.01,,,0.27±0.04,,,,0.86±0.14,50.34±6.34,8.87±0.99,0.94±0.15,1.05±0.22,2.11±0.56,,1.98±0.29,8.58±1.17,,,,59.30±7.23,,8.63±1.02,,64.17±7.74,10.57±1.32,67.93±8.19,,,,,,,,,,,,,,,1.92±0.27,4.14±0.47,6.94±0.63,3.15±0.30,1.06±0.22,0.64±0.14,3.17±0.45,3.13±0.72,0.27±0.12,6.09±0.88,7.18±1.41,4.47±0.44,6.96±0.92,22.84±2.45,4.47±0.52,3.30±0.49,3.79±0.68,2.98±0.46,12.13±1.56,2.28±0.05,9.84±1.58,,81.51±17.01,4.13±0.44,68.75±8.77,4.97±2.73,40.70±5.40,,,,,,,,,,,,,0.88±0.39,,,,0.10±0.04,0.07±0.03,,,,,,,,,,,,,,,,,,,,,14.10±0.70,,,,,1.36±0.09,0.34±0.03,7.54±0.15,17.52±0.43,,,,,,,,,,,,,,,,,,,,,,,
D044,"Cucumber, green, short (Cucumis sativus)",6.0,93.52±0.44,0.83±0.14,0.52±0.06,0.18±0.05,2.13±0.26,1.60±0.33,0.54±0.16,2.82±0.49,73±10,0.02±0.005,0.01±0.000,0.35±0.04,0.32±0.06,0.07±0.008,2.97±0.73,14.67±1.24,6.21±2.14,,1.36±0.19,,,0.02±0.01,,,,,,,,0.02±0.01,8.00±1.51,,4.86±1.82,,,,,,4.80±1.45,172±44.8,0.05±0.05,,,19.25±3.46,0.005±0.002,0.002±0.001,0.07±0.05,0.59±0.12,0.001±0.000,0.002±0.001,18.48±5.63,0.09±0.02,,0.001±0.001,0.008±0.002,29.74±7.59,198±56.4,0.19±0.08,6.11±0.14,0.19±0.05,0.79±0.11,0.58±0.12,0.19±0.04,0.02±0.01,,,0.21±0.04,,,,1.06±0.15,52.54±6.03,8.80±0.93,1.29±0.12,1.97±0.66,2.11±0.40,,1.16±0.36,7.24±0.92,,,,35.73±3.80,,16.10±1.90,,67.77±7.52,8.40±1.02,51.83±5.32,,,,,,,,,,,,,,,1.84±0.28,3.77±0.47,6.11±0.37,3.38±0.29,0.87±0.15,0.79±0.22,4.14±0.05,3.14±0.16,0.66±0.14,5.22±0.38,7.12±0.81,4.96±1.46,7.03±0.10,24.25±3.15,4.94±0.87,3.68±0.35,3.94±0.72,2.58±0.32,10.49±1.31,2.27±0.05,8.22±1.31,,60.82±11.41,3.50±0.55,67.07±5.09,3.38±1.81,47.40±6.19,,,,,,,,,,,,,0.82±0.41,,,,0.09±0.03,0.07±0.02,,,,,,,,,,,,,,,,,,,,,13.92±0.86,,,,,1.36±0.13,0.35±0.02,7.57±0.27,16.35±0.37,,,,,,,,,,,,,,,,,,,,,,,
D045,"Cucumber, orange, round (Cucumis sativus)",2.0,92.80,0.98,0.52,0.24,2.46,1.78,0.68,3.01,82,0.02,0.01,0.36,0.34,0.04,3.13,18.77,6.24,,1.59,,,0.02,,,,,,,,0.02,7.50,,3.19,,,,,,5.55,134,0.1,,0.001,21.98,0.006,0.002,0.04,0.45,0.001,0.002,20.34,0.07,,0.002,0.009,23.17,185,0.14,8.16,0.16,0.75,0.53,0.18,0.05,,,0.22,,,,1.06,55.72,9.31,1.3,2.45,2.06,,1.98,5.42,,,,45.94,,22.76,,71.9,7.41,68.7,,,,,,,,,,,,,,,1.8,4.74,6.43,3.28,0.75,0.76,4.43,3.7,0.52,6.13,7.19,3.42,7.48,25.58,5.51,3.94,3.53,3.11,11.55,2.31,9.24,,37.31,4.4,64.48,5.7,50.82,,,,,,,,,,,,,1.23,,,,0.09,0.07,,,,,,,,,,,,,,,,,,,,,14.56,,,,,1.32,0.36,7.33,15.8,,,,,,,,,,,,,,,,,,,,,,,
D046,Drumstick (Moringa oleifera),6.0,85.39±0.64,2.62±0.22,1.27±0.09,0.12±0.01,6.83±0.22,5.60±0.26,1.23±0.06,3.76±0.70,123±11,0.04±0.002,0.07±0.007,0.62±0.03,0.57±0.07,0.12±0.011,4.29±0.43,62.75±6.71,71.86±19.13,,1.67±0.25,,,0.31±0.07,,,,,,,,0.31±0.07,358±3.4,,145±18.8,5.52±3.79,,,,,17.28±1.85,350±62.0,0.24±0.09,,,33.30±5.54,0.008±0.003,,0.10±0.02,0.73±0.18,0.007±0.003,0.002±0.001,38.10±10.53,0.19±0.03,,0.001±0.000,0.011±0.005,52.87±8.72,419±76.4,3.12±0.70,22.38±0.36,0.31±0.06,2.77±0.22,1.31±0.46,1.02±0.36,0.20±0.10,0.24±0.07,,1.47±0.50,,,,0.52±0.06,19.22±1.11,3.89±0.26,1.47±0.09,2.53±0.11,1.42±0.15,,1.36±0.08,45.05±3.01,,,,19.14±1.29,,8.07±1.01,,29.05±1.51,46.40±2.95,27.21±2.16,,,,,,,,,,,,,,,1.95±0.15,3.08±0.29,5.98±0.37,3.09±0.45,1.10±0.30,0.89±0.22,3.43±0.36,3.83±0.08,0.53±0.15,5.02±0.35,5.68±0.61,10.93±0.29,9.42±1.33,23.30±2.18,3.91±0.41,3.36±0.54,4.60±0.34,2.16±0.20,123±8.5,66.98±5.99,55.82±3.91,16.31±2.04,72.33±14.95,44.83±1.95,406±2.7,29.95±5.10,60.96±12.76,130±6.5,2.93±0.51,,,,,3.36±0.89,,,1.67±0.12,4.01±0.68,,,,,0.25±0.03,8.14±0.49,23.30±0.80,,,,0.35±0.06,2.92±0.40,,,,,,,,,,,,,,,,139±2.2,,,,,3.76±0.13,2.40±0.20,16.61±0.30,85.74±2.67,,,,,,,,,,,,,,,,,,,,,,,
D047,"Field beans, tender, broad (Vicia faba)",2.0,86.98,3.06,0.94,0.64,5.64,4.84,0.79,2.75,129,0.07,0.07,0.32,0.41,0.42,4.11,123,5.99,,7.14,,,0.08,,0.25,0.06,,,0.04,,0.11,26.45,,467,21.54,,,,83.48,555,1738,0.64,,,70.57,0.006,0.003,0.24,1.95,0.003,0.002,50.88,0.56,,0.047,0.037,73.3,345,,14.14,0.64,2.63,1.68,0.68,0.21,0.06,,0.95,,,,3.96,131,28.05,4.46,6.2,8.04,,,33.91,,,,204,,96.74,,182,33.91,301,,,,,,,,,,,,,,,2.63,4.05,8.19,4.61,0.83,0.59,4.57,3.68,0.75,5.1,5.88,6.02,13.35,14.95,4.53,4.24,5.43,3.36,34.83,8.82,26.02,16.2,52.58,5.26,59.82,,,,,,,,,,,,0.81,0.62,,,,,0.65,,,,,,,,,,,,,,,,,,,,,,,133,0.01,,,,0.74,4.59,15.17,4.81,3,,,,,,,,,,,,,,,,,,,,,,
D048,"Field beans, tender, lean (Vicia faba)",6.0,85.57±1.32,3.71±0.62,1.08±0.12,0.60±0.02,6.19±0.47,5.37±0.43,0.82±0.10,2.85±0.32,140±15,0.08±0.006,0.07±0.007,0.33±0.02,0.35±0.03,0.38±0.069,4.11±0.36,127±28.9,3.84±1.24,,7.20±0.10,,,0.08±0.01,,0.25±0.03,0.06±0.01,,,0.04±0.01,,0.10±0.01,26.35±1.83,,297±55.7,2.79±2.18,,,,74.32±6.96,556±6.0,1837±86.5,0.36±0.13,,,58.59±5.21,0.007±0.003,0.003±0.002,0.20±0.08,1.48±0.39,0.003±0.001,0.002±0.000,47.42±6.76,0.50±0.09,,0.047±0.029,0.039±0.016,76.54±12.27,314±39.0,,12.76±0.13,0.63±0.20,2.27±0.21,1.51±0.01,0.59±0.18,0.15±0.04,0.02±0.02,,0.76±0.21,,,,3.04±0.79,128±6.4,27.08±1.03,4.20±0.47,5.62±0.77,6.75±0.69,,,26.28±1.87,,,,195±9.5,,86.04±6.95,,175±7.1,26.28±1.87,281±13.8,,,,,,,,,,,,,,,2.75±0.06,4.30±0.19,8.20±0.37,5.35±0.49,0.94±0.06,0.62±0.11,4.73±0.41,3.76±0.04,0.80±0.08,5.21±0.16,5.58±0.10,6.01±0.23,13.41±1.66,16.19±1.64,4.64±0.17,4.13±0.06,5.64±0.22,3.62±0.13,35.12±6.94,8.81±0.16,26.31±6.94,12.43±2.69,58.47±7.11,4.45±0.91,54.81±2.50,,,,,,,,,,,,0.62±0.08,0.45±0.20,,,,,0.60±0.22,,,,2.50±0.09,,,,,,,,,,0.67±0.07,,,0.43±0.01,,,,,,136±7.7,0.00±0.005,,,,0.75±0.03,4.38±0.35,15.07±0.69,5.24±0.34,2.93±0.14,,,,,,,,,,,,,,,,,,,,,,
D049,"French beans, country (Phaseolus vulgaris)",5.0,89.14±0.52,2.49±0.21,1.05±0.09,0.26±0.02,4.38±0.41,3.88±0.36,0.51±0.11,2.68±0.48,102±8,0.04±0.005,0.06±0.004,0.83±0.03,0.28±0.01,0.37±0.053,4.71±0.25,47.45±8.98,15.81±4.23,,1.82±0.14,,,0.06±0.02,,0.12±0.01,0.09±0.01,,,0.03±0.00,,0.07±0.03,15.12±1.18,,235±71.8,21.21±10.10,,,,3.57±0.71,413±10.4,1501±171,0.50±0.26,,,55.99±10.70,0.007±0.002,0.004±0.003,0.11±0.03,1.25±0.31,0.002±0.000,,43.01±7.64,0.44±0.13,,0.059±0.032,0.056±0.022,59.86±11.58,324±51.1,,8.84±0.10,0.50±0.15,1.82±0.11,0.75±0.05,0.60±0.14,0.12±0.02,0.12±0.05,0.22±0.18,1.06±0.13,,,,1.42±0.38,49.22±2.45,12.87±1.42,2.31±0.34,2.35±0.45,2.89±0.37,,2.53±1.91,8.60±0.97,,,,59.21±3.46,,68.19±5.62,,71.07±3.81,11.13±2.53,127±8.3,,,,,,,,,,,,,,,3.01±0.67,3.79±0.67,7.29±0.81,4.77±0.54,0.83±0.12,0.60±0.15,4.04±0.57,4.39±0.25,0.96±0.13,5.38±0.84,5.78±0.63,5.95±0.71,11.66±0.48,15.73±1.66,4.32±0.26,4.01±0.31,5.09±0.82,3.15±0.50,36.01±7.98,4.02±0.04,31.99±7.99,14.40±0.61,92.41±12.43,13.53±1.34,67.01±0.85,,,,0.27±0.05,,,,,,,0.80±0.10,1.54±0.17,0.13±0.02,,2.61±0.28,,,0.61±0.08,1.78±0.18,3.17±0.40,,,,,,,,,,,,,,,0.05±0.02,,,,,,14.59±0.98,,,,,0.96±0.02,4.45±0.21,17.35±1.15,6.11±0.27,3.44±0.20,,,,,,,,,,,,,,,,,,,,,,
D050,"French beans, hybrid (Phaseolus vulgaris)",2.0,90.11,2.12,0.77,0.19,4.18,3.53,0.65,2.63,93,0.05,0.05,0.77,0.27,0.44,5.93,61.98,1.38,,1.85,,,0.08,,0.13,0.08,,,0.08,,0.09,15.14,,228,13.35,,,,3.18,388,1449,0.35,,,49.9,0.004,0.008,0.07,0.98,,,34.98,0.27,,0.017,0.037,45.9,317,,9.18,0.37,1.77,0.77,0.65,0.14,0.1,0.12,1,,,,1.06,50.38,11.55,1.9,1.9,,,1.98,9.88,,,,62.83,,72.13,,66.8,11.85,135,,,,,,,,,,,,,,,2.57,4.35,6.71,4.83,1.07,0.53,4.22,4.32,0.8,5.98,4.08,6.41,11.43,13.06,3.9,5.81,5.2,2.95,36.97,4.88,32.09,12.6,81.1,14.4,68.6,,,,0.31,,,,,,,0.92,1.71,0.13,,2.78,,,0.51,1.82,2.85,,,,,,,,,,,,,,,0.05,,,,,,14.12,,,,,0.98,4.09,17.65,7.51,2.9,,,,,,,,,,,,,,,,,,,,,,
D051,"Jack fruit, raw (Artocarpus heterophyllus)",5.0,85.52±0.86,1.98±0.16,0.99±0.10,0.35±0.05,7.69±0.20,7.15±0.13,0.54±0.08,3.48±0.70,110±15,0.05±0.014,0.05±0.010,0.19±0.02,0.37±0.02,0.04±0.005,4.37±0.14,35.73±5.62,17.51±6.00,,6.84±0.48,,,0.05±0.02,,,0.06±0.01,,0.08±0.01,,,0.05±0.02,22.30±0.71,,4.86±2.54,2.92±1.65,,,,,,17.66±1.17,,,,45.74±7.19,0.004±0.002,,0.24±0.07,0.31±0.04,,,26.60±9.13,0.36±0.11,,,0.008±0.006,27.78±3.89,327±18.1,,3.53±0.52,0.17±0.03,2.04±0.06,0.02±0.01,1.21±0.02,0.26±0.03,0.55±0.03,,2.02±0.05,,,,0.65±0.05,35.32±1.18,3.64±0.11,3.58±0.05,1.72±0.21,2.46±0.17,,0.63±0.02,21.79±1.05,9.38±0.34,79.52±1.02,3.94±0.23,68.67±1.56,,38.57±1.44,,47.36±1.50,115±2.3,107±2.9,,,,,,,,,,,,,,,1.86±0.21,4.90±0.48,6.60±0.53,2.99±0.14,0.79±0.11,0.65±0.09,3.96±0.76,4.16±0.56,0.53±0.08,5.65±0.18,6.13±0.30,3.68±0.50,21.99±1.65,10.62±1.45,5.59±0.44,4.06±0.46,4.40±0.57,2.95±0.41,9.60±1.48,7.24±1.39,2.37±0.33,4.81±0.55,35.40±1.54,7.80±1.06,82.78±0.99,450±30.9,,,3.03±0.86,,,,,,,,1.04±0.52,2.39±0.23,0.87±0.06,,,,,,,,,,,,,,,,,,,,,,,,,,,50.59±7.30,,,,,2.94±0.04,16.36±1.44,43.10±1.68,68.79±1.14,,,,,,,,,,,,,,,,,,,,,,,
D052,"Jack fruit, seed, mature (Artocarpus heterophyllus)",5.0,72.32±0.53,5.79±0.14,1.02±0.16,0.44±0.03,8.63±0.09,7.83±0.05,0.80±0.07,11.81±0.74,322±10,0.06±0.010,0.03±0.008,0.19±0.02,0.36±0.01,0.08±0.005,4.10±0.31,54.58±12.31,9.68±6.44,,1.40±0.19,,,0.05±0.03,,,0.06±0.01,,0.07±0.01,,,0.06±0.03,13.56±0.22,,2.13±0.82,1.56±1.11,,,,,,19.63±2.17,,,,37.56±3.36,0.001±0.001,0.001±0.001,0.21±0.07,0.37±0.15,0.001±0.001,,37.04±15.48,0.27±0.10,,,0.015±0.007,29.33±10.67,376±70.1,0.33±0.10,4.00±0.09,0.29±0.12,8.77±0.05,6.54±0.03,1.45±0.03,0.67±0.02,0.11±0.01,,2.23±0.03,,,,,123±5.6,7.49±0.48,5.48±0.31,7.44±0.84,2.81±0.26,,,13.52±0.79,,2.70±0.38,,154±4.2,,26.51±1.81,,146±5.3,16.21±0.73,181±5.3,,,,,,,,,,,,,,,1.69±0.17,5.50±0.52,7.19±0.34,3.73±0.29,0.94±0.17,0.55±0.03,6.22±0.34,5.46±0.51,0.94±0.14,6.86±0.10,4.89±0.37,3.02±0.30,15.33±1.83,11.45±0.46,5.99±0.33,4.81±0.53,5.31±0.62,5.61±0.12,38.51±7.16,31.03±2.98,7.48±4.68,1.72±0.57,19.76±1.49,7.51±0.64,82.47±1.71,427±37.5,,,0.56±0.08,,,,,,,,0.31±0.10,0.58±0.06,0.88±0.03,,,,,,,,,,,,,,,,,,,,,,,,,,,15.53±1.08,,,,,1.59±0.07,3.66±0.18,24.26±0.69,141±13.2,,,,,,,,,,,,,,,,,,,,,,,
D053,Knol - Khol (Brassica oleracea),6.0,93.14±0.27,1.58±0.24,0.79±0.03,0.35±0.02,2.75±0.07,2.31±0.09,0.44±0.04,1.39±0.21,67±4,0.04±0.012,0.06±0.014,0.37±0.02,0.38±0.03,0.19±0.033,2.46±0.11,14.76±1.64,64.70±10.78,,0.32±0.03,,,0.01±0.01,,1.61±0.10,0.05±0.02,,,,,0.17±0.01,8.90±0.77,,2.51±0.83,1.55±1.24,,,,,,28.82±2.36,,,,35.26±3.81,0.004±0.002,0.002±0.001,0.08±0.03,0.24±0.05,,,19.05±3.69,0.13±0.03,,0.004±0.002,0.006±0.003,40.77±4.47,327±63.8,,27.46±3.47,0.15±0.03,0.94±0.05,0.51±0.01,0.05±0.02,0.11±0.01,0.27±0.04,,0.43±0.04,,,,,77.30±2.05,11.42±0.29,3.39±0.42,2.29±0.31,3.01±0.18,,4.34±0.18,27.29±0.54,,,,59.04±0.71,,71.39±2.18,,97.40±2.23,31.62±0.54,130±2.3,,,,,,,,,,,,,,,0.91±0.65,3.40±0.11,4.04±0.09,2.50±1.09,0.96±0.06,0.71±0.02,1.90±0.18,3.30±0.26,0.78±0.05,5.31±0.19,5.51±0.97,5.74±1.70,9.88±0.18,36.40±1.63,3.43±0.14,3.27±0.24,4.02±0.29,2.01±0.09,2.92±0.96,1.88±0.55,1.04±0.41,,14.19±1.86,5.90±1.29,5.57±2.23,248±40.5,6.42±0.67,,0.05±0.02,,,,,,,0.57±0.15,,0.06±0.01,,0.40±0.14,,,,,,,,,0.42±0.12,,,,,,,,,,,,,,,,,5.09±1.67,,,,,1.57±0.05,0.21±0.01,8.53±0.32,16.16±1.30,,,,,,,,,,,,,,,,,,,,,,,
D054,"Kovai, big (Coccinia cordifolia)",6.0,92.78±0.61,1.39±0.23,0.58±0.07,0.24±0.08,3.00±0.26,2.19±0.18,0.81±0.11,2.01±0.54,73±10,0.04±0.004,0.02±0.002,0.55±0.03,0.27±0.03,0.08±0.012,2.96±0.33,48.68±5.10,17.62±7.24,,6.25±0.20,,,0.70±0.11,,0.14±0.01,,,,,,0.72±0.11,19.15±0.40,,170±14.3,5.74±2.43,,,,,134±9.8,498±66.2,0.06±0.02,,,34.39±5.90,0.003±0.001,0.002±0.001,0.06±0.01,0.38±0.05,,0.001±0.000,19.60±3.26,0.16±0.05,,0.001±0.001,0.010±0.002,36.90±4.81,198±34.9,,1.53±0.15,0.18±0.03,1.21±0.29,0.22±0.04,0.74±0.16,0.06±0.03,,0.19±0.13,0.98±0.29,,,,3.02±0.11,46.28±3.04,12.52±0.46,2.03±0.20,3.03±0.37,1.95±0.14,,0.98±0.47,3.37±0.51,,,,59.07±2.97,,39.75±2.95,,68.84±3.84,4.35±0.31,98.82±5.84,,,,,,,,,,,,,,,1.91±0.16,4.10±0.36,7.32±0.34,7.05±0.27,0.94±0.09,0.66±0.11,3.87±0.81,4.17±0.38,0.93±0.08,4.97±0.78,7.18±0.68,6.04±1.10,10.69±1.01,20.82±1.66,5.18±0.19,4.17±0.48,5.71±0.37,3.04±0.64,7.72±1.93,4.76±0.26,2.96±1.79,5.38±0.53,22.68±2.00,0.56±0.18,46.41±4.22,90.46±2.46,254±1.3,,0.04±0.02,0.08±0.01,,,,,,,0.44±0.03,0.35±0.05,0.05±0.02,0.14±0.01,,,,0.07±0.02,,0.13±0.02,,,,,,,,,,,,,,,,,,,,1.76±0.64,,,,,2.29±0.13,0.87±0.05,23.62±1.66,9.81±0.42,,,,,,,,,,,,,,,,,,,,,,,
D055,"Kovai, small (Coccinia cordifolia)",1.0,92.40,1.22,0.47,0.24,3.25,2.14,1.12,2.41,80,0.04,0.02,0.51,0.28,0.05,2.87,50.13,21.08,,6.06,,,0.68,,0.13,,,,,,0.70,19.10,,157,4.5,,,,,147,586,0.02,,,37.12,0.002,0.001,0.06,0.29,,0.001,18.87,0.12,,0.001,0.006,26.29,167,,2.2,0.13,1.19,0.12,0.83,0.1,,0.14,1.07,,,,2.82,55.2,10.68,2.49,1.91,2.22,,0.55,3.97,,,,83.07,,29.1,,75.33,4.51,112,,,,,,,,,,,,,,,1.83,3.88,7.14,6.38,0.9,0.69,4.16,4.2,0.85,5.05,6.57,6.45,11.71,21.11,4.67,3.61,5.19,3.31,8.15,5.01,3.14,5.63,25.89,0.41,51.63,92.82,239.14,,0.07,0.07,,,,,,,0.49,0.43,0.08,0.17,,,,0.08,,0.16,,,,,,,,,,,,,,,,,,,,1.6,,,,,2.36,0.93,25.22,8.79,,,,,,,,,,,,,,,,,,,,,,,
D056,Ladies finger (Abelmoschus esculentus),6.0,89.06±0.30,2.08±0.37,0.94±0.09,0.22±0.03,4.08±0.20,2.80±0.29,1.28±0.37,3.62±0.26,115±5,0.04±0.005,0.07±0.009,0.61±0.01,0.28±0.04,0.27±0.027,1.58±0.33,63.68±10.76,22.51±1.60,,7.46±0.41,,,0.48±0.01,,0.12±0.00,,,,,,0.50±0.01,21.52±0.29,,798±83.0,3.53±1.91,,,,,69.10±10.41,1223±118,0.47±0.15,,0.002±0.001,86.12±6.93,0.005±0.001,0.002±0.001,0.13±0.01,0.84±0.15,0.001±0.000,0.002±0.001,66.10±8.99,0.30±0.04,,0.005±0.002,0.012±0.001,57.48±6.93,263±32.5,,7.37±0.14,0.45±0.04,1.37±0.07,0.89±0.04,0.40±0.05,0.07±0.01,0.05±0.01,,0.48±0.08,,,,1.50±0.23,54.61±5.12,5.67±0.62,1.71±0.12,3.36±0.36,2.51±0.30,,0.88±0.46,7.22±1.58,,,,76.82±4.93,,32.38±2.11,,69.37±6.10,8.10±1.70,109±6.6,,,,,,,,,,,,,,,2.42±0.37,3.26±0.48,5.04±0.42,3.79±0.51,0.81±0.21,0.57±0.10,3.44±0.27,3.75±0.38,0.49±0.09,4.46±0.36,5.37±0.57,5.95±0.70,15.47±1.48,16.70±1.03,3.95±0.47,3.39±0.47,3.59±0.32,2.51±0.43,83.87±6.55,5.99±0.15,77.88±6.46,3.65±0.65,21.66±6.84,64.57±1.17,16.24±0.99,151±4.5,120±3.5,,,,,,,,,,1.62±0.19,2.80±0.61,,,,,,,,1.69±0.28,2.22±0.51,,,1.25±0.43,,,,,,,,,,,,,,,,32.51±2.82,,,,,2.80±0.12,3.72±0.25,16.23±0.67,3.63±0.24,,,,,,,,,,,,,,,,,,,,,,,
D057,"Mango, green, raw (Mangifera indica)",6.0,85.14±0.59,0.69±0.09,0.49±0.07,0.08±0.02,3.01±0.19,1.68±0.15,1.34±0.11,10.59±0.37,205±8,0.02±0.003,0.02±0.001,0.26±0.02,0.13±0.02,0.13±0.013,1.41±0.16,25.86±7.38,90.24±10.47,,7.68±0.24,,,0.90±0.14,,0.17±0.02,,,,,,0.91±0.14,14.42±0.29,,122±13.7,1.52±1.18,,11.94±0.73,,,72.37±6.60,517±53.6,0.11±0.02,,,27.00±4.93,0.010±0.003,,0.08±0.02,0.40±0.08,,,17.54±3.18,0.23±0.06,,,0.006±0.002,14.92±2.22,147±20.9,,33.15±0.10,0.09±0.02,8.32±0.46,5.80±0.54,1.84±0.23,0.52±0.30,,,2.42±0.31,,,,0.67±0.18,23.36±2.23,1.30±0.19,0.55±0.10,0.55±0.07,0.86±0.09,,2.10±0.29,7.15±1.16,,,,17.53±1.91,,12.61±2.16,,27.28±2.69,9.25±1.40,30.13±3.60,,,,,,,,,,,,,,,2.83±0.21,4.44±0.88,7.90±0.75,5.34±0.39,1.37±0.08,0.71±0.05,3.75±0.16,4.19±0.46,1.06±0.36,5.79±1.02,9.22±1.34,5.34±1.22,10.23±0.75,14.23±0.85,5.43±0.81,5.34±1.02,4.99±1.08,3.39±0.55,7.51±1.45,3.92±0.04,3.60±1.47,0.47±0.29,32.73±1.32,1.38±0.37,84.39±1.25,,,85.92±3.20,,,,0.18±0.31,0.35±0.08,,,,,0.31±0.13,,,,,,0.64±0.07,,2.16±0.55,,0.66±0.07,,,,,,,,,,,,1.74±0.46,,,,,,580±10.0,,,,,2.09±0.08,1.62±0.12,27.62±1.32,15.26±0.29,,,,,,,,,,,,,,,,,,,,,,,
D058,"Onion, stalk (Allium cepa)",6.0,88.35±0.79,2.07±0.21,1.13±0.09,0.26±0.02,5.21±0.10,3.76±0.07,1.45±0.11,2.99±0.50,107±12,0.03±0.020,0.05±0.014,0.14±0.02,0.19±0.05,0.17±0.052,6.99±2.48,57.61±11.87,27.23±4.22,,6.81±0.31,,,0.81±0.01,,,,,,,,0.81±0.01,44.33±1.52,,575±175,2.43±0.68,,,,,700±2.6,3488±11.1,2.78±1.26,1.73±0.46,0.003±0.003,31.12±7.53,0.059±0.014,0.002±0.001,0.14±0.03,3.09±0.54,0.016±0.008,0.007±0.001,66.71±8.82,0.22±0.06,,0.017±0.007,0.031±0.007,28.53±3.74,312±63.2,5.22±2.02,15.52±2.48,0.99±0.21,1.51±0.04,1.10±0.02,,0.05±0.04,0.06±0.02,0.31±0.05,0.41±0.05,,,,8.04±0.17,65.71±1.11,5.74±0.40,,6.75±0.30,5.84±0.10,,,5.52±0.10,,,,55.43±1.02,,43.55±0.58,,92.08±1.66,5.52±0.10,98.98±1.33,,,,,,,,,,,,,,,2.16±0.18,4.88±0.20,8.05±0.20,6.50±0.38,1.21±0.22,0.46±0.12,4.09±0.19,4.74±0.33,1.07±0.03,5.90±0.32,5.91±0.21,4.50±0.29,9.66±0.42,14.62±0.27,7.82±0.31,5.03±0.25,4.53±0.25,3.75±0.24,29.72±6.15,22.72±7.76,7.00±2.16,,839±6.3,1.41±0.27,76.23±2.35,82.32±3.15,,,,0.17±0.01,,,,,,0.16±0.01,0.26±0.01,0.63±0.01,1.15±0.18,,,,,1.53±0.26,1.42±0.23,1.55±0.10,,,1.31±0.02,,,,,,,,,,,,,,,,,10.73±3.22,,,,,1.14±0.02,18.49±0.02,17.32±0.08,61.02±2.54,0.54±0.04,,,,,,,,,,,,,,,,,,,,,,
D059,"Papaya, raw (Carica papaya)",6.0,92.04±0.44,0.50±0.06,0.55±0.06,0.23±0.03,2.28±0.05,1.32±0.04,0.96±0.04,4.40±0.37,100±7,0.02±0.004,0.03±0.007,0.12±0.01,0.24±0.04,0.03±0.008,1.24±0.20,29.79±2.21,20.73±2.35,,7.80±0.65,,,0.04±0.01,,,,0.11±0.01,,,,0.07±0.01,2.45±0.28,,266±55.8,7.88±0.32,,76.80±18.04,,,164±60.8,548±67.5,0.05±0.01,0.63±0.34,,22.72±1.71,0.003±0.002,,0.05±0.04,0.20±0.03,0.001±0.000,0.001±0.001,15.03±1.12,0.03±0.01,,0.001±0.001,0.002±0.000,24.11±6.35,173±29.1,1.29±1.05,7.55±0.08,0.08±0.01,3.63±0.24,,2.64±0.17,0.99±0.07,,,3.63±0.24,,,,1.35±0.34,52.81±6.87,7.78±1.60,,3.25±0.42,3.97±0.78,,,44.53±4.38,,,,66.04±7.94,,9.60±1.94,,69.15±9.33,44.53±4.38,75.64±9.60,,,,,,,,,,,,,,,0.97±0.09,1.57±0.19,3.22±0.28,3.82±0.98,0.63±0.21,3.77±0.37,3.91±1.94,2.85±0.80,1.00±0.10,3.16±0.23,5.07±0.88,3.08±0.25,11.90±0.26,14.27±1.52,4.93±0.48,2.99±0.45,3.56±0.93,4.38±1.31,9.38±1.31,4.77±0.56,4.69±0.77,2.51±0.52,28.85±0.71,2.05±0.10,57.46±3.88,31.63±1.71,22.61±0.12,,,,,,,,,,,0.55±0.03,0.23±0.05,0.05±0.01,,,0.15±0.02,0.25±0.04,,,,,,0.32±0.07,,,,,,,,,,,,,,,,5.54±0.33,,,,,3.18±0.08,2.40±0.02,9.19±0.09,22.08±1.80,0.43±0.04,,,,,,,,,,,,,,,,,,,,,,
D060,Parwar (Trichosanthes dioica),6.0,91.57±0.27,1.40±0.10,0.59±0.03,0.30±0.04,2.61±0.07,1.82±0.04,0.79±0.07,3.54±0.32,101±5,0.05±0.007,0.05±0.011,0.67±0.04,0.25±0.05,0.20±0.019,9.86±0.74,19.96±1.76,19.24±6.61,,0.69±0.11,,,0.04±0.01,,,,,,,,0.04±0.01,8.37±1.48,,322±102,10.77±3.25,,,,,13.10±1.50,965±15.0,0.33±0.06,0.68±0.38,,30.76±3.08,0.013±0.002,0.001±0.001,0.09±0.01,0.50±0.11,,,24.59±3.64,0.13±0.03,,,0.012±0.004,33.81±3.72,117±2.5,2.32±0.88,2.29±0.09,0.23±0.03,1.26±0.21,0.90±0.09,0.31±0.12,0.06±0.05,,,0.37±0.17,,,,2.96±0.28,72.84±3.17,14.99±1.86,2.26±0.16,1.43±0.07,1.45±0.19,,,13.19±0.91,,,,91.87±4.02,,20.35±1.26,,95.93±2.64,13.19±0.91,112±5.0,,,,,,,,,,,,,,,1.75±0.27,4.41±0.59,7.22±0.30,5.89±0.91,1.33±0.33,0.86±0.10,3.86±0.99,3.82±0.45,0.59±0.15,5.95±0.32,6.61±1.55,5.97±1.03,9.60±0.60,19.43±2.33,6.21±1.28,5.28±0.31,4.79±0.45,2.96±0.20,3.24±0.72,1.56±0.19,1.58±0.25,,28.36±10.14,3.26±0.70,1.61±0.31,3.29±0.96,31.10±1.95,3.13±0.64,,,0.44±0.05,0.32±0.07,,,,,0.05±0.01,0.08±0.01,,,,,0.35±0.10,0.79±0.09,0.63±0.03,1.30±0.24,1.37±0.10,,,,,,,,,,,,,,,,,,,12.14±2.10,,,,,0.12±0.01,0.95±0.02,7.60±0.10,29.19±0.64,0.29±0.03,,,,,,,,,,,,,,,,,,,,,,
D061,"Peas, fresh (Pisum sativum)",6.0,73.37±1.13,7.25±1.03,1.05±0.02,0.13±0.02,6.32±0.26,5.04±0.19,1.28±0.25,11.88±0.67,340±19,0.27±0.027,0.03±0.004,1.28±0.03,0.68±0.13,0.19±0.020,4.04±0.33,54.77±12.01,38.40±6.42,,12.91±0.28,,,0.05±0.01,,1.59±0.10,,,,,,0.21±0.01,44.22±3.85,,68.6±19.1,11.40±2.54,,,,,121±12.5,1286±259,0.20±0.06,,,28.24±3.62,0.002±0.001,0.003±0.001,0.22±0.03,1.58±0.15,,,40.11±3.29,0.46±0.06,,0.020±0.004,0.043±0.008,55.95±2.74,249±9.0,1.63±0.41,3.66±0.04,1.09±0.15,7.89±0.50,6.92±0.49,0.41±0.02,0.20±0.02,0.36±0.02,,0.97±0.02,,,,,15.88±1.57,3.13±0.18,,,,,,28.75±1.96,,,,46.75±3.62,,9.49±0.59,,19.01±1.69,28.75±1.96,56.24±4.15,,,,,,,,,,,,,,,2.15±0.38,3.33±1.04,7.63±0.64,5.72±0.54,0.63±0.12,0.64±0.13,5.02±0.24,4.08±0.37,0.84±0.08,4.23±0.98,4.23±0.32,10.05±1.51,11.61±0.94,17.38±1.96,4.28±0.27,3.78±0.85,4.53±0.38,3.06±0.48,18.42±1.34,14.18±1.03,4.65±0.69,0.15±0.02,17.69±2.27,,0.84±0.83,160±3.9,2.39±0.99,,0.61±0.29,,,,,,,2.10±0.86,1.58±0.20,,0.41±0.09,2.03±0.65,,1.82±0.13,1.95±0.86,1.74±0.20,,,,,,,,,,,,,,2.79±0.62,,,,,,,,22.17±2.86,0.01±0.000,0.05±0.011,0.01±0.000,,2.56±0.03,1.54±0.02,42.23±0.80,162±10.8,1.26±0.43,,,,,,,,,,,,,,,,,,,,,,
D062,"Plantain, flower (Musa x paradisiaca)",6.0,89.14±0.59,1.47±0.12,1.35±0.09,0.63±0.02,5.25±0.39,4.72±0.44,0.52±0.07,2.15±0.43,89±8,0.02±0.005,0.02±0.005,0.28±0.03,0.35±0.07,0.13±0.009,2.44±0.25,49.27±7.30,6.49±1.15,,1.29±0.13,,,0.19±0.01,,,,,,,,0.19±0.01,3.38±0.26,,75.7±5.0,5.90±2.93,,,,,35.36±7.72,149±19.5,0.07±0.02,,,34.06±1.85,0.005±0.002,,0.10±0.01,0.40±0.05,,,39.76±5.37,1.09±0.21,,0.004±0.002,0.009±0.003,47.31±5.74,488±46.3,2.82±0.48,7.51±0.11,0.42±0.05,2.03±0.11,1.86±0.11,0.13±0.01,0.04±0.01,,,0.17±0.01,,,,1.87±0.19,125±2.5,48.84±1.97,51.97±3.65,23.15±2.36,22.09±1.49,,1.85±0.14,29.84±1.68,,,,154±7.7,,44.08±3.08,,273±7.3,31.69±1.78,198±8.0,,,,,,,,,,,,,,,2.31±0.14,3.63±0.50,7.06±0.47,2.81±0.20,0.81±0.19,0.65±0.15,3.68±0.31,4.43±0.20,0.81±0.10,4.75±0.55,6.96±1.02,5.06±0.31,10.40±0.97,21.78±2.69,5.19±0.40,4.39±0.75,5.62±0.66,2.86±0.29,169±23.5,129±7.4,39.91±21.86,0.05±0.01,57.65±5.95,2.04±0.54,13.04±1.14,,,,,,,,,,,,0.63±0.05,0.28±0.03,0.77±0.07,,,,,,,,,,,,,,,,,,,,,,,,,,,4.43±1.07,,,,,6.28±0.25,6.19±0.21,9.59±0.31,2.52±0.23,,,,,,,,,,,,,,,,,,,,,,,
D063,"Plantain, green (Musa x paradisiaca)",6.0,76.15±0.42,1.18±0.20,1.27±0.14,0.23±0.02,3.60±0.27,2.79±0.25,0.81±0.05,17.58±0.35,334±6,0.01±0.001,0.05±0.005,0.33±0.04,0.26±0.02,0.10±0.006,0.60±0.05,18.96±1.29,23.28±2.40,,0.27±0.02,,,0.08±0.01,,,,,,,,0.08±0.01,17.42±1.83,,28.9±9.85,3.45±1.94,,,,,3.01±1.65,224±29.8,0.08±0.06,,,13.80±2.56,0.012±0.009,0.002±0.003,0.10±0.03,0.34±0.09,0.001±0.001,,35.64±5.34,0.29±0.09,0.12±0.01,0.002±0.001,0.005±0.003,31.69±5.76,402±17.8,0.82±0.79,18.57±0.13,0.23±0.05,16.29±1.65,15.43±1.15,0.76±0.59,0.10±0.11,,,0.86±0.67,,,,,53.89±2.49,3.25±0.36,,,,,,16.21±0.79,,,,72.89±2.96,,33.77±2.31,,57.13±2.83,16.21±0.79,107±4.7,,,,,,,,,,,,,,,2.45±0.19,2.59±0.54,4.98±0.51,3.70±0.25,0.80±0.08,0.67±0.10,5.32±1.40,2.93±0.25,0.68±0.13,5.51±0.46,5.94±0.89,4.46±1.11,14.43±1.76,20.43±1.81,3.83±0.38,3.14±0.52,4.45±0.49,2.09±0.47,85.25±9.52,49.83±2.70,35.42±11.56,0.13±0.03,35.87±3.43,1.27±0.54,33.35±1.74,12.62±1.49,,,,,,,0.40±0.23,,,,,,,,,0.60±0.08,1.65±0.16,0.11±0.01,0.07±0.01,,,,,0.02±0.02,,,,,,,0.08±0.01,1.89±0.20,,1.50±0.16,,,,,,25.27±3.40,,,,,2.25±0.21,1.71±0.07,16.32±0.20,40.44±0.21,,,,,,,,,,,,,,,,,,,,,,,
D064,"Plantain, stem (Musa x paradisiaca)",6.0,87.53±1.01,0.35±0.05,1.20±0.09,0.16±0.07,2.12±0.04,1.33±0.08,0.80±0.09,8.64±0.93,165±15,0.02±0.003,0.02±0.004,0.18±0.02,0.24±0.09,0.14±0.01,4.42±0.41,12.85±2.18,3.77±2.74,,0.32±0.06,,,0.02±0.01,,,,,,,,0.02±0.01,2.50±1.19,,26.3±6.75,3.68±1.72,,,,,2.39±1.25,69.31±6.73,0.13±0.02,0.05±0.03,,11.24±2.30,0.015±0.006,0.001±0.001,0.04±0.02,0.26±0.10,0.002±0.003,0.001±0.001,32.82±9.01,0.10±0.05,,0.001±0.001,0.003±0.002,16.31±1.61,373±1.7,0.45±0.272,23.17±2.40,0.14±0.10,5.15±0.70,4.51±0.34,,0.65±0.45,,,0.65±0.45,,,,,19.55±2.65,3.60±0.48,1.07±0.10,1.25±0.10,1.99±0.30,,0.65±0.17,2.06±0.16,,,,14.12±1.59,,14.38±1.65,,27.45±3.37,2.71±0.25,28.50±3.18,,,,,,,,,,,,,,,1.91±0.58,4.92±0.41,4.59±0.32,2.99±0.64,1.57±0.34,0.99±0.21,4.50±0.78,4.86±0.50,0.67±0.11,5.84±0.62,7.68±1.02,3.84±0.91,10.82±0.87,20.16±3.54,4.06±0.29,4.89±0.95,5.06±0.21,2.83±0.49,213±27.5,159±4.9,53.28±29.45,0.13±0.02,14.29±1.65,0.11±0.02,34.47±4.30,,,,,,0.49±0.08,0.04±0.01,,,,,0.04±0.02,0.29±0.08,,,,,,,,,,,,,,,,,,,,,,,,,,,,12.24±1.15,,,,,6.22±0.03,8.31±0.06,31.92±0.90,15.33±0.46,0.76±0.04,,,,,,,,,,,,,,,,,,,,,,
D065,"Pumpkin, green, cylindrical (Cucurbita maxima)",1.0,91.73,0.87,0.47,0.18,2.53,1.28,1.25,4.22,103,0.03,0.02,0.44,0.16,0.05,1.41,31.60,7.29,,1.07,,,0.86,0.02,,,,,0.01,,0.87,80.80,,394,26.6,,,,63.91,363,1319,0.09,,,24.1,0.004,,0.04,0.29,,,13.27,0.08,,,,24.51,186,0.34,5.21,0.14,3.1,0.2,1.03,1.01,0.86,,2.9,,,,1.1,41.66,7.66,0.81,0.96,1.12,,1.17,23.99,,,,38.94,,26.57,,53.32,25.17,65.51,,,,,,,,,,,,,,,2.18,4.54,5.41,3.4,0.96,0.6,2.84,3.47,0.73,5.97,4.72,5.23,12.58,20.37,3.15,3.57,4.3,4.48,57.33,49.61,7.72,1.13,159,1.13,13.51,37.98,,,,,,,,,,0.04,,0.24,,,,,1.43,,,,,,,,,,,,,,,,,,,,0.23,,,15.21,0.02,,,,0.18,0.72,2.34,22.51,,,,,,,,,,,,,,,,,,,,,,,
D066,"Pumpkin, orange, round (Cucurbita maxima)",6.0,91.85±0.45,0.84±0.21,0.58±0.09,0.16±0.02,2.56±0.11,1.44±0.14,1.12±0.08,4.00±0.64,97±8,0.03±0.005,0.03±0.003,0.41±0.01,0.18±0.01,0.08±0.015,1.63±0.26,24.14±3.70,8.04±0.87,,1.40±0.14,,,0.59±0.13,0.02±0.00,,,,,0.06±0.04,,0.60±0.13,83.70±1.92,,161±17.5,34.91±4.73,,,,90.74±12.40,149±16.8,1449±167,0.11±0.05,,,23.06±4.30,0.002±0.001,,0.06±0.01,0.36±0.11,,,10.43±2.35,0.07±0.02,,,,22.18±7.47,253±39.2,0.37±0.17,8.81±0.09,0.11±0.04,3.30±0.12,0.33±0.08,1.90±0.24,0.33±0.15,0.74±0.33,,2.97±0.15,,,,0.91±0.16,34.87±3.37,6.35±0.36,0.68±0.07,0.81±0.09,0.96±0.15,,0.98±0.09,21.04±2.02,,,,36.17±2.35,,26.57±3.25,,44.58±3.91,22.02±2.07,62.73±5.33,,,,,,,,,,,,,,,1.68±0.10,5.00±0.36,5.32±0.34,3.20±0.48,1.03±0.13,0.68±0.06,4.91±1.13,3.85±0.43,0.77±0.19,6.05±0.50,4.96±0.31,3.65±0.45,12.99±1.28,19.58±1.75,5.05±0.36,3.87±0.24,4.42±0.24,2.85±0.40,41.22±10.34,35.84±11.23,5.38±1.93,1.59±0.33,33.32±14.78,1.35±0.31,3.34±1.11,,4.56±1.56,,,,,,,,,0.06±0.02,0.08±0.01,0.28±0.08,,,,,1.63±0.21,,,,,,,,,,,,,,,,,,,,0.45±0.13,,,15.25±2.07,0.01±0.005,,,,0.17±0.01,0.73±0.02,2.48±0.10,19.72±1.81,,,,,,,,,,,,,,,,,,,,,,,
D067,"Red gram, tender, fresh (Cajanus cajan)",1.0,64.00,8.09,1.64,0.92,5.90,3.66,2.25,19.46,520,0.23,0.09,2.14,0.71,0.30,2.91,94.21,15.13,,28.96,,,0.89,,0.46,0.43,,,,,0.94,14.90,,190,,,,,,165,495,,0.11,0.002,58.58,,0.001,0.45,1.18,0.006,,56.95,0.53,0.05,0.149,0.121,141,616,2.19,2.54,1.1,14.57,14.02,0.22,0.1,0.23,,0.55,,,,,181,30.02,,,,,,51.13,,,,427,,47.24,,211,51.13,474,,,,,,,,,,,,,,,3.14,3.31,4.89,6.21,0.41,0.75,8.56,3.87,0.99,4.3,6.6,5.84,10.61,20.95,3.96,4.63,5.09,2.63,19.83,19.29,0.54,,,28.36,0.77,5.19,0.76,5.6,0.23,,0.37,0.32,,0.61,,0.46,,,1.41,0.72,,,1.62,,,,4.25,,,,,,,,,,0.33,,,0.13,,0.06,,,,6.55,0.01,0.03,0.01,,3.15,2.44,32.41,6.22,0.46,,,,,,,,,,,,,,,,,,,,,,
D068,Ridge gourd (Luffa acutangula),6.0,94.99±0.35,0.91±0.08,0.44±0.04,0.14±0.01,1.81±0.13,1.20±0.16,0.61±0.08,1.72±0.46,55±7,0.02±0.003,0.01±0.002,0.20±0.01,0.28±0.04,0.07±0.005,2.27±0.18,29.26±3.12,5.42±1.06,,0.37±0.03,,,0.02±0.00,,,,,,0.05±0.01,,0.02±0.00,11.23±0.31,,129±20.5,19.50±3.17,,,,,348±31.4,838±101,0.07±0.03,,,13.70±1.38,0.003±0.000,0.001±0.000,0.10±0.03,0.42±0.05,,0.001±0.001,16.15±2.57,0.11±0.04,,0.003±0.001,0.012±0.005,33.06±5.97,118±4.0,0.59±0.28,4.71±0.20,0.22±0.06,1.40±0.07,0.81±0.12,0.45±0.11,0.08±0.05,0.03±0.00,0.06±0.01,0.62±0.18,,,,0.83±0.17,42.19±2.81,6.33±0.68,1.22±0.16,1.56±0.18,2.37±0.15,,0.82±0.11,1.75±0.12,,,,28.66±1.37,,26.42±0.76,,54.49±3.62,2.57±0.22,55.08±2.08,,,,,,,,,,,,,,,1.87±0.14,4.60±0.14,5.34±0.09,4.78±0.37,0.98±0.08,0.40±0.10,4.21±0.38,3.68±0.11,0.72±0.09,5.95±0.30,6.47±0.39,5.15±0.88,9.98±0.63,21.06±1.69,5.04±0.30,3.39±0.52,4.33±0.07,3.27±0.28,29.55±4.23,1.22±0.10,28.33±4.20,0.07±0.01,152±4.8,11.35±1.54,12.36±1.46,32.05±1.81,,,,,,,,,,0.51±0.10,0.54±0.12,0.36±0.11,,,,,,,0.92±0.17,,,,,,,,,,,,,,,,,,,,,8.31±0.73,,,,,0.13±0.02,0.61±0.05,3.93±0.17,14.91±0.79,,,,,,,,,,,,,,,,,,,,,,,
D069,"Ridge gourd, smooth skin (Luffa acutangula)",3.0,94.27±0.62,0.98±0.13,0.53±0.06,0.13±0.01,1.85±0.28,1.31±0.17,0.54±0.10,2.24±0.41,64±8,0.02±0.004,0.01±0.001,0.21±0.01,0.25±0.02,0.09±0.007,2.22±0.29,27.36±2.98,8.10±2.67,,0.34±0.04,,,0.02±0.01,,,,,,0.04±0.01,,0.02±0.01,11.57±0.15,,127±25.8,18.83±2.68,,,,,349±23.4,851±84.6,0.10±0.07,,,14.96±2.15,0.003±0.001,0.001±0.001,0.09±0.02,0.50±0.18,,0.001±0.001,17.66±2.71,0.15±0.02,,0.003±0.001,0.014±0.002,39.25±4.18,125±4.1,,6.27±0.03,0.26±0.05,1.19±0.16,0.79±0.05,0.32±0.11,0.06±0.04,0.02±0.02,0.01±0.00,0.41±0.16,,,,0.77±0.07,30.64±2.57,6.72±0.51,1.21±0.10,1.94±0.14,1.81±0.11,,0.87±0.13,2.08±0.31,,,,29.79±2.44,,28.19±1.90,,43.07±3.45,2.95±0.44,57.98±4.32,,,,,,,,,,,,,,,2.25±0.59,4.92±0.40,5.79±0.10,4.64±0.72,1.06±0.25,0.42±0.07,4.45±0.28,4.03±0.27,0.69±0.05,5.99±0.30,6.15±0.61,4.85±0.80,9.91±0.42,21.40±3.50,5.04±0.42,3.74±0.71,4.55±0.36,3.24±0.53,35.85±6.19,1.15±0.02,34.70±6.20,0.07±0.01,112±9.2,10.13±0.80,45.56±9.92,,,,,,,,,,,0.54±0.03,0.49±0.06,0.61±0.02,,,,,,,0.92±0.04,,,,,,,,,,,,,,,,,,,,,11.30±0.93,,,,,0.13±0.01,0.65±0.04,4.05±0.12,14.98±0.80,,,,,,,,,,,,,,,,,,,,,,,
D070,"Snake gourd, long, pale green (Trichosanthes anguina)",6.0,94.81±0.28,0.98±0.33,0.42±0.04,0.25±0.01,2.27±0.11,1.69±0.15,0.58±0.08,1.27±0.15,52±4,0.03±0.003,0.03±0.002,0.34±0.02,0.27±0.03,0.10±0.017,2.50±0.30,18.34±1.87,2.72±1.15,,2.67±0.31,,,0.01±0.00,,,,,,0.04±0.00,,0.01±0.00,8.35±0.28,,38.9±8.68,3.67±2.30,,,,,61.29±2.40,190±18.8,0.06±0.03,,,24.60±4.77,0.002±0.002,0.001±0.001,0.09±0.02,0.32±0.08,,0.001±0.000,18.70±5.79,0.14±0.06,,0.002±0.001,0.012±0.005,23.27±3.04,100±18.6,,7.07±1.20,0.14±0.02,1.20±0.56,0.78±0.55,0.31±0.03,0.05±0.05,0.01±0.01,0.05±0.02,0.42±0.05,,,,,72.23±2.64,11.64±1.09,3.77±0.23,4.33±0.38,2.94±0.16,,,4.89±0.85,,,,42.96±3.58,,54.59±3.36,,94.90±3.25,4.89±0.85,97.54±6.66,,,,,,,,,,,,,,,1.64±0.12,4.11±0.62,5.22±0.07,4.13±0.28,0.90±0.13,0.65±0.05,4.11±0.36,3.40±0.37,0.60±0.09,5.66±0.48,6.07±0.42,4.83±0.75,10.04±1.07,20.81±1.49,4.46±0.43,3.85±0.78,4.79±0.43,2.62±0.28,24.22±5.03,3.88±0.66,20.34±4.78,2.53±0.74,110±8.3,1.67±0.47,54.35±1.86,,,,0.36±0.14,,,,,,0.47±0.15,0.06±0.01,0.47±0.16,0.28±0.11,,,,,,,,,,,,,,,,,,,,,,,,,,,,6.78±1.12,,,,,0.26±0.02,0.87±0.02,4.28±0.10,13.44±0.44,,,,,,,,,,,,,,,,,,,,,,,
D071,"Snake gourd, long, dark green (Trichosanthes anguina)",2.0,94.92,0.89,0.45,0.25,2.27,1.69,0.58,1.23,50,0.03,0.03,0.33,0.27,0.07,2.43,16.52,2.85,,3.08,,,0.01,,,,,,0.05,,0.01,8.40,,39.6,5.41,,,,,61.64,188,0.05,,,27.11,0.002,0.001,0.11,0.47,,0.001,21.7,0.19,,0.001,0.017,31.03,104,,5.04,0.2,1.19,0.74,0.3,0.1,0.01,0.04,0.45,,,,,72.09,11.77,4.36,4.87,2.78,,,4.77,,,,45.65,,53.71,,95.87,4.77,99.36,,,,,,,,,,,,,,,1.85,4.85,5.71,5.64,0.93,0.64,3.95,3.86,0.63,5.27,6.59,5.67,10.16,20.07,4.98,4.18,4.72,2.99,13.44,3.53,9.9,1.29,123,1.91,68.18,36.82,,,0.31,,,,,,0.45,0.07,0.4,0.32,,,,,,,,,,,,,,,,,,,,,,,,,,,,6.1,,,,,0.25,0.85,4.46,13.04,,,,,,,,,,,,,,,,,,,,,,,
D072,"Snake gourd, short (Trichosanthes anguina)",1.0,94.35,0.54,0.41,0.26,2.29,1.61,0.68,2.15,61,0.03,0.02,0.33,0.31,0.06,2.50,17.74,2.30,,3.12,,,0.01,,,,,,0.05,,0.01,8.30,,32.75,4.5,,,,,62.84,188,0.05,,,17.9,0.001,,0.05,0.2,,,15.07,0.11,,0.002,0.007,21.33,84,,2.5,0.11,1.18,0.72,0.31,0.12,0.01,0.01,0.46,,,,,76.61,10.02,3.87,5.04,4.41,,,2.96,,,,34.56,,70.55,,100,2.96,105,,,,,,,,,,,,,,,1.35,4.06,5.66,4.91,1.13,0.61,4.25,3.12,0.63,5.4,6.62,5.43,9.7,20.21,4.26,3.69,4.41,2.79,14.25,3.4,10.85,1.82,126,1.89,63.86,33.48,,,0.31,,,,,,0.31,0.09,0.52,0.24,,,,,,,,,,,,,,,,,,,,,,,,,,,,5.9,,,,,0.22,0.81,4.2,12.82,,,,,,,,,,,,,,,,,,,,,,,
D073,"Tinda, tender (Praecitrullus fistulosus)",6.0,94.41±0.32,1.02±0.04,0.51±0.03,0.17±0.01,2.00±0.04,1.68±0.06,0.32±0.02,1.90±0.37,58±6,0.02±0.000,0.03±0.005,0.56±0.02,0.39±0.03,0.06±0.008,3.26±0.72,43.23±5.74,14.20±0.88,,2.76±0.09,,,0.05±0.03,,0.03±0.01,,,,,,0.05±0.03,2.73±0.77,,8.19±2.71,2.22±1.62,,,,,7.96±1.10,49.81±2.51,0.15±0.03,,,19.68±3.27,0.004±0.001,0.001±0.000,0.08±0.01,0.41±0.03,,0.001±0.001,18.96±4.68,0.10±0.01,,0.001±0.000,0.012±0.002,30.37±2.47,56.18±3.68,0.22±0.06,20.61±4.52,0.20±0.01,1.07±0.06,0.64±0.02,0.25±0.03,0.07±0.03,,0.12±0.02,0.44±0.06,,,,1.59±0.16,36.25±2.47,7.41±1.55,0.93±0.14,1.41±0.22,1.60±0.08,,0.90±0.17,5.75±1.20,,,,46.46±5.00,,30.39±2.13,,48.97±5.84,6.28±1.61,76.11±9.46,,,,,,,,,,,,,,,1.78±0.13,4.11±0.09,6.70±0.22,4.88±0.86,0.91±0.04,0.70±0.05,3.64±0.10,3.70±0.08,0.62±0.13,5.79±0.12,4.37±0.33,7.03±1.14,10.29±0.95,19.87±3.60,3.52±0.10,3.92±0.20,5.06±0.14,2.94±0.24,3.36±1.01,1.91±0.86,1.26±0.64,,119±2.8,15.51±3.24,62.38±1.38,33.36±3.52,,,0.42±0.10,,,,,,,0.34±0.03,0.04±0.02,0.55±0.07,,0.64±0.18,,,,,,,,,,,0.14±0.02,,,,,,,,,,,,,,,2.61±0.13,,,,,1.33±0.14,0.73±0.01,7.02±0.52,5.75±0.19,,,,,,,,,,,,,,,,,,,,,,,
D074,"Tomato, green (Lycopersicon esculentum)",6.0,93.21±0.46,1.12±0.08,0.60±0.03,0.27±0.07,1.62±0.08,1.05±0.07,0.57±0.04,3.18±0.40,87±7,0.08±0.043,0.05±0.043,0.46±0.16,0.30±0.12,0.07±0.024,4.74±1.99,12.51±4.01,16.41±2.52,,1.10±0.22,,,0.37±0.27,,0.11±0.03,,0.04±0.01,,,,0.39±0.27,16.10±1.51,,38.9±8.90,2.48±1.34,35.97±13.4,,5.80±0.79,,32.33±3.91,546±59.3,,0.18±0.07,0.001±0.000,8.49±1.56,0.028±0.013,0.002±0.001,0.06±0.02,0.42±0.08,0.002±0.001,,13.57±2.84,0.12±0.04,,0.005±0.002,0.007±0.005,22.50±3.04,225±10.5,8.25±1.97,13.11±2.73,0.16±0.03,1.31±0.04,0.48±0.03,0.41±0.02,0.42±0.02,,,0.83±0.02,,,,,33.68±0.98,10.37±0.70,1.36±0.08,0.72±0.01,0.77±0.03,,0.64±0.02,35.51±1.06,,,0.77±0.16,95.45±3.03,,13.57±0.71,,46.91±0.99,36.91±1.04,109±2.6,,,,,,,,,,,,,,,2.26±1.19,2.69±0.26,3.62±0.37,4.35±0.52,1.01±0.16,0.80±0.07,3.47±0.59,2.62±0.37,0.73±0.07,3.09±0.15,2.46±0.17,3.93±0.46,10.94±0.69,30.29±4.05,3.35±0.17,2.37±0.38,3.76±0.45,2.27±0.08,8.47±2.24,6.95±1.85,1.52±0.50,,135±1.1,0.31±0.02,6.77±0.37,,,,,,0.43±0.07,,,,,,0.05±0.01,1.22±0.21,0.08±0.01,,,,,0.03±0.01,1.90±0.04,,,,,,,,,,,,,,,,,,,,,7.62±0.69,,,,,0.34±0.01,0.86±0.01,3.55±0.02,1.08±0.10,0.37±0.02,,,,,,,,,,,,,,,,,,,,,,
D075,"Tomato, ripe, hybrid (Lycopersicon esculentum)",6.0,93.79±0.42,0.76±0.03,0.43±0.05,0.25±0.02,1.58±0.16,1.27±0.13,0.30±0.05,3.20±0.30,79±6,0.04±0.004,0.02±0.007,0.51±0.02,0.18±0.01,0.08±0.006,1.09±0.10,15.41±2.70,25.27±3.52,,11.83±1.41,,,0.14±0.03,,0.67±0.07,,0.02±0.01,,,,0.22±0.03,24.12±2.96,,1568±530,10.96±2.17,2481±495,,7.32±1.16,,1513±146,5826±828,0.05±0.02,,,8.90±1.04,0.003±0.001,0.001±0.000,0.04±0.01,0.22±0.02,0.001±0.000,,11.86±2.87,0.09±0.02,,0.008±0.012,0.003±0.002,15.45±2.11,167±18.9,,11.86±2.83,0.11±0.02,1.82±0.18,,1.65±0.15,0.18±0.05,,,1.82±0.18,,,,,35.23±2.83,9.50±0.96,1.27±0.10,0.86±0.05,0.79±0.15,,0.64±0.10,29.25±3.48,,,0.62±0.10,104±12.8,,14.70±1.58,,47.65±3.66,30.50±3.59,119±13.4,,,,,,,,,,,,,,,1.58±0.18,2.29±0.71,4.18±0.93,2.55±0.58,0.67±0.16,0.95±0.19,4.54±0.91,2.52±0.63,0.52±0.11,2.74±0.97,4.21±0.72,3.23±0.91,14.26±1.75,37.44±5.55,3.64±0.34,2.43±0.56,3.40±0.64,2.66±0.39,2.89±0.68,2.12±0.73,0.77±0.44,,288±8.7,0.06±0.03,11.58±2.59,,58.82±11.29,2.86±0.78,,,,,,,,0.05±0.02,0.41±0.11,1.30±0.05,0.68±0.03,,,,,1.17±0.49,4.42±0.66,8.10±0.64,0.15±0.01,,,,,,,,,,,,,,,,,,,26.35±2.20,,,,,0.33±0.02,0.85±0.03,2.33±0.09,2.59±0.28,,,,,,,,,,,,,,,,,,,,,,,
D076,"Tomato, ripe, local (Lycopersicon esculentum)",6.0,93.62±0.16,0.90±0.07,0.52±0.08,0.47±0.06,1.77±0.04,1.44±0.11,0.33±0.08,2.71±0.08,82±4,0.03±0.004,0.03±0.004,0.52±0.01,0.20±0.03,0.09±0.005,1.18±0.11,19.46±2.99,27.47±1.77,,12.24±1.05,,,0.19±0.02,,0.75±0.05,,0.02±0.01,,,,0.27±0.02,17.18±1.73,,965±167,17.52±6.44,1736±278,,9.37±0.53,,905±58.4,4656±636,0.04±0.02,,,10.17±1.84,0.005±0.004,,0.06±0.01,0.30±0.09,,,13.65±2.13,0.09±0.01,,,,18.77±3.79,204±34.1,,9.73±2.51,0.12±0.02,1.34±0.19,,1.16±0.18,0.18±0.07,,,1.34±0.19,,,,,58.47±2.78,16.77±1.47,1.94±0.13,1.23±0.11,1.17±0.14,,1.22±0.15,56.55±6.33,,,0.89±0.23,185±12.9,,23.59±4.07,,79.56±4.04,58.66±6.57,208±13.4,,,,,,,,,,,,,,,1.36±0.27,2.69±0.38,4.71±0.57,2.33±0.38,0.68±0.34,0.94±0.14,4.30±0.77,2.71±0.40,0.64±0.07,3.26±0.63,4.72±0.84,4.13±0.51,12.71±2.23,39.25±1.68,3.86±0.51,2.87±0.63,3.67±0.45,2.68±0.29,5.58±1.44,4.32±0.84,1.27±0.80,,278±4.0,0.07±0.01,7.15±0.10,,6.77±0.30,2.65±1.34,,,,,,,,0.10±0.02,0.66±0.08,1.89±0.11,0.91±0.03,,,,,2.33±0.22,3.49±0.36,10.68±0.62,0.16±0.02,,,,,,,,,,,,,,,,,,,36.69±2.09,,,,,0.29±0.02,0.76±0.03,2.24±0.12,2.39±0.18,,,,,,,,,,,,,,,,,,,,,,,
D077,"Zucchini, green (Cucurbita pepo)",2.0,92.83,1.10,0.93,0.51,2.30,1.42,0.88,2.33,84,0.05,0.09,1.03,0.99,0.25,1.02,18.85,15.78,,0.40,,,3.90,,0.05,,,,,,3.90,41.05,,87.86,16.23,,,,,85.79,963,,,,17.26,0.002,,0.07,0.52,,,15.41,0.13,,,,21.38,178,0.21,0.4,0.29,1.61,1.47,0.12,0.02,,,0.14,,,3.29,,98.79,16.94,,,,,2.88,36.38,,,,98.72,,152,,119,37.83,251,,,,,,,,,,,,,,,1.98,4.24,5.68,4.67,0.78,0.57,4.73,3.82,0.85,5.87,6.86,3.8,10.04,22.68,3.48,4.26,4.42,2.87,17.83,2.8,15.03,,47.81,49.65,2.32,,55.3,,0.05,,,,,,,,,,,,,,,,,,1.35,,,,,,,,,,,,,,,,,,34.77,42.94,,,,,1.01,0.35,7.65,10.57,,,,,,,,,,,,,,,,,,,,,,,
D078,"Zucchini, yellow (Cucurbita pepo)",2.0,93.15,1.31,1.08,0.44,1.84,1.37,0.47,2.20,79,0.03,0.02,0.42,0.72,0.20,1.13,21.50,16.71,,0.38,,,1.47,,0.15,,,,,,1.48,53.28,,294,25.6,,,,,69.9,1177,,,,20.98,0.003,,0.11,0.34,,,10.82,0.21,,,,32.03,131,0.3,0.39,0.27,1.37,1.07,0.19,0.1,,,0.29,,,1.51,,49.25,6.08,,,,,1.45,19.87,,,,43,,71.42,,56.92,21.32,114,,,,,,,,,,,,,,,1.74,4.25,5.5,5.03,0.75,0.68,5.54,3.81,0.86,5.71,6.66,4.25,10.68,22.29,3.56,4.71,4.44,2.89,16.06,2.8,13.26,,47.81,45.17,2.32,,55.3,,0.03,,,,,,,,,,,,,,,,,,1.33,,,,,,,,,,,,,,,,,,2.62,295,,,,,0.88,0.42,8.77,11.5,,,,,,,,,,,,,,,,,,,,,,,
E001,"Apple, big (Malus domestica)",6.0,83.01±0.94,0.29±0.08,0.36±0.04,0.64±0.04,2.59±0.15,1.43±0.15,1.16±0.17,13.11±0.76,261±15,0.03±0.017,0.01±0.011,0.25±0.07,0.09±0.04,0.04±0.027,0.34±0.08,3.04±0.94,3.57±0.58,,1.46±0.51,,,0.15±0.04,,,,,,,,0.15±0.04,3.65±0.47,,,,,,,,,,,,,,,,,,,,,,,,,,,,,,9.53±0.23,,8.36±0.23,1.03±0.02,0.14±0.02,,9.53±0.23,,,,,,,,,,,,,,,,,,,,,,,,,,,,,,,,,,,,,2.26±0.25,3.56±0.19,5.17±0.12,3.01±0.22,1.23±0.13,0.75±0.13,3.39±0.36,3.85±0.28,0.86±0.12,3.50±0.26,8.22±0.20,3.19±0.21,25.16±2.09,8.92±1.09,3.58±0.43,3.28±0.16,5.64±0.20,2.67±0.25,,,,,,,,,,,,,,,,,,,,,,,,,,,,,,,,,,,,,,,,,,,,,,,,,,,,,,,,,,,,,,,,,,,,,,,,,,,,,,,
E001 ,,,,,,,,,,,,,,,,,,,,,,,,,,,,,,,,,,,36.4±5.,1.90±0.95 ,,,,,2.41±2.13 ,229±98.5,0.23±0.12 ,0.96±0.37 ,0.040±0.014 ,13.68±3.20 ,0.007±0.002 ,0.261±0.093 ,0.04±0.01 ,0.26±0.02 ,0.058±0.029 ,0.592±0.402,8.09±0.81 ,0.05±0.02 ,0.01±0.00 ,0.839±0.447 ,3.798±1.461 ,10.44±1.18 ,116±12.9 ,0.47±0.18 ,1.43±0.42 ,0.09±0.04,,,,,,,,,,,,103±1.8 ,39.27±0.63 ,11.40±0.55 ,,,,,51.13±0.74,,,,249±0.8 ,,32.63±0.84 ,,154±2.0 ,51.13±0.74 ,282±0.5,,,,,,,,,,,,,,,,,,,,,,,,,,,,,,,,,13.19±3.75 ,6.84±1.75 ,6.35±2.24 ,,49.87±13.31 ,3.73±1.04 ,436±113 ,,74.13±17.25 ,4.04±1.69,0.84±0.06 ,,,,,,,,0.39±0.11,1.63±0.13 ,0.79±0.09 ,,,,,2.96±0.49 ,0.87±0.07 ,2.87±0.41 ,1.54±0.06,1.50±0.19 ,,,,,,,,,7.99±0.64,,,1.21±0.17 ,,,,,,35.81±4.13,,,,,0.41±0.00 ,0.35±0.00 ,14.94±0.00 ,0.57±0.07,,,,,,,,,,,,,,,,,,,,,,,
E002,"Apple, green (Malus domestica)",6.0,85.54±0.98,0.46±0.07,0.31±0.04,0.50±0.05,2.54±0.26,1.72±0.22,0.81±0.16,10.65±1.00,214±17,0.01±0.023,0.02±0.016,0.21±0.06,0.12±0.04,0.08±0.016,0.41±0.09,3.43±0.68,2.90±0.32,,2.45±0.40,,,0.10±0.04,,,,,,,,0.10±0.04,2.13±0.09,,40.2±18.8,1.91±0.77,,,,,2.20±0.93,196±47.5,,,,6.53±2.48,0.002±0.001,,0.33±0.04,0.20±0.04,,,5.42±0.11,0.02±0.00,,,,7.48±0.11,94.55±2.07,0.25±0.08,1.47±0.65,0.08±0.01,8.39±0.06,,7.19±0.04,1.08±0.03,0.12±0.02,,8.39±0.06,,,,,77.85±0.61,28.51±1.14,9.74±0.36,,,,,40.99±0.84,,,,173±1.0,,49.73±0.55,,116±1.5,40.99±0.84,223±1.1,,,,,,,,,,,,,,,2.67±0.21,4.85±0.43,5.75±0.11,3.11±0.20,1.40±0.11,0.67±0.15,3.86±0.30,4.40±0.28,0.78±0.10,3.66±0.30,7.12±0.29,3.96±0.49,20.64±0.61,9.60±0.32,4.79±0.17,4.15±0.17,5.31±0.23,2.10±0.20,17.63±5.77,7.28±3.23,10.34±3.19,,30.98±13.16,2.60±1.22,124±37.3,,29.22±6.30,5.49±1.71,0.81±0.10,,,,,,,,0.27±0.05,1.44±0.14,0.71±0.12,,,,,2.45±0.37,0.55±0.13,2.42±0.45,0.55±0.03,0.64±0.14,,,,,,,,,2.92±0.46,,,0.81±0.06,,,,,,45.76±4.22,,,,,0.22±0.00,0.54±0.00,13.76±0.00,0.64±0.05,,,,,,,,,,,,,,,,,,,,,,,
E003,"Apple, small (Malus domestica)",6.0,82.91±0.48,0.31±0.05,0.24±0.02,0.53±0.05,2.06±0.12,1.44±0.09,0.62±0.12,13.95±0.48,267±8,0.01±0.001,0.01±0.000,0.09±0.01,0.09±0.01,0.03±0.004,0.47±0.06,3.52±0.37,4.00±0.72,,1.86±0.19,,,0.07±0.01,,,,,,,,0.07±0.01,2.18±0.40,,38.8±2.95,1.71±0.48,,,,,2.08±0.82,198±25.6,0.08±0.03,0.19±0.21,,5.39±0.82,0.005±0.002,,0.06±0.03,0.25±0.06,0.002±0.001,0.001±0.000,5.48±0.56,0.04±0.01,,0.003±0.002,0.002±0.001,8.39±1.20,100±9.1,0.23±0.07,1.45±0.05,0.05±0.02,9.80±0.09,,8.52±0.08,1.17±0.02,0.11±0.02,,9.80±0.09,,,,,90.18±6.12,33.40±1.55,10.58±0.96,8.68±1.10,6.23±0.63,,,46.96±6.37,,,,195±18.4,,29.52±2.69,,149±9.0,46.96±6.37,224±20.0,,,,,,,,,,,,,,,2.36±0.43,3.86±0.47,5.71±0.72,2.86±0.21,1.27±0.13,0.71±0.13,3.74±0.19,4.07±0.62,0.85±0.06,4.38±0.31,6.86±0.70,2.47±0.26,22.08±2.22,9.64±0.27,4.93±0.54,3.78±0.33,5.67±0.66,2.39±0.23,15.51±5.62,6.17±1.72,9.34±5.79,,34.22±1.90,4.17±1.37,291±5.2,,67.88±1.24,5.71±2.25,0.77±0.10,,,,,,,,0.47±0.17,1.53±0.27,0.77±0.40,,,,,2.67±0.26,0.92±0.21,2.66±0.34,1.10±0.60,1.16±0.34,,,,,,,,,6.96±1.06,,,0.96±0.14,,,,,,34.87±2.45,,,,,0.66±0.07,0.51±0.01,14.15±1.00,0.45±0.04,,,,,,,,,,,,,,,,,,,,,,,
E004,"Apple, small, Kashmir (Malus sylvestris)",1.0,82.79,0.27,0.29,0.60,2.07,1.53,0.54,13.99,269,0.01,0.01,0.09,0.12,0.04,0.44,3.97,4.24,,2.04,,,0.05,,,,,,,,0.05,2.55,,46.26,1.98,,,,,2.11,344,0.11,,,4.72,0.007,,0.06,0.21,0.002,0.001,5.19,0.05,,0.002,0.002,10.72,106,0.11,1.22,0.08,9.15,,7.18,1.6,0.37,,9.15,,,,,105,40.72,12.27,10.36,7.98,,,50.63,,,,211,,41.61,,176,50.63,253,,,,,,,,,,,,,,,2.3,4.11,6.69,3.48,1.34,0.62,4.16,4.19,0.85,4.18,6.12,2.52,18.4,9.78,4.11,5.45,5.53,1.58,14.35,7.55,6.8,,41.58,4.98,298,,71.52,5.6,0.63,,,,,,,,0.65,2.15,0.31,,,,,2.63,1.63,3.13,0.63,1.68,,,,,,,,,7.9,,,1,,,,,,38.25,,,,,0.72,0.61,15.33,0.36,,,,,,,,,,,,,,,,,,,,,,,
E005,"Apricot, dried (Prunus armeniaca)",6.0,16.68±0.59,3.17±0.29,3.46±0.14,0.74±0.03,3.32±0.13,2.72±0.11,0.60±0.04,72.63±0.27,1321±9,0.04±0.011,0.04±0.006,1.66±0.12,0.62±0.13,0.10±0.005,1.47±0.21,10.50±1.59,0.42±0.14,,3.98±0.06,,,0.07±0.01,,0.07±0.02,0.29±0.04,0.09±0.01,,0.04±0.01,,0.11±0.01,5.17±1.17,,4.98±2.79,2.33±1.08,,,,,1806±106,4313±123,2.11±0.51,0.88±0.44,,28.57±4.32,0.016±0.008,0.002±0.001,0.43±0.04,2.50±0.26,0.008±0.012,0.002±0.001,14.04±2.21,0.31±0.02,,0.018±0.011,0.055±0.016,72.02±6.39,285±5.9,2.05±0.52,3.94±0.12,0.41±0.04,70.10±2.52,44.38±2.30,16.52±0.74,6.98±0.05,2.21±0.02,,25.72±0.71,,,,,168±5.3,32.58±3.32,,,,,,118±3.4,,,,206±9.6,,79.91±4.75,,200±5.6,118±3.4,286±9.3,,,,,,,,,,,,,,,1.21±0.29,2.25±0.31,4.22±0.08,3.28±0.19,1.19±0.30,0.86±0.11,2.73±0.41,2.48±0.16,0.70±0.07,2.31±0.33,4.36±0.71,3.89±0.81,18.26±4.95,9.54±1.24,3.29±0.87,8.69±0.30,3.77±1.02,3.43±0.22,113±25.0,20.04±0.65,90.54±2.27,,119±5.6,8.67±0.53,422±3.3,156±4.4,5.42±0.68,,,,,,,,,0.83±0.08,0.12±0.02,,0.28±0.04,,,,,0.96±0.09,0.83±0.10,,2.04±0.70,,,,,,,,,,0.30±0.07,,,3.72±0.64,,,,,,57.33±3.72,0.24±0.039,,,,1.17±0.05,5.18±0.20,7.76±0.18,194±19.5,,,,,,,,,,,,,,,,,,,,,,,
E006,"Apricot, processed (Prunus armeniaca)",3.0,85.75±0.81,1.47±0.15,0.61±0.16,0.64±0.04,0.59±0.01,0.43±0.02,0.16±0.02,10.93±0.88,236±12,0.25±0.011,0.04±0.007,1.07±0.07,0.25±0.02,0.17±0.011,1.55±0.27,5.42±0.98,7.98±1.75,,4.31±0.14,,,0.01±0.01,,0.01±0.01,0.07±0.00,0.01±0.00,,0.01±0.00,,0.01±0.01,6.14±0.76,,3.07±1.49,1.98±0.62,,,,,1372±198,3357±748,0.80±0.18,0.26±0.03,,5.42±0.41,0.006±0.001,0.003±0.000,0.42±0.04,1.12±0.23,0.002±0.000,,4.29±0.21,0.06±0.02,,0.008±0.000,0.058±0.018,27.33±1.29,95±2.3,1.03±0.39,1.60±0.02,0.26±0.03,9.34±0.02,4.99±0.02,1.33±0.02,0.43±0.02,2.60±0.04,,4.36±0.04,,,,,155±5.9,30.05±2.29,,,,,,23.33±3.37,,,,165±8.6,,154±7.8,,185±7.7,23.33±3.37,319±6.7,,,,,,,,,,,,,,,1.49±0.63,2.22±0.33,4.12±0.14,4.54±0.49,0.80±0.01,0.60±0.01,2.69±0.09,2.58±0.26,0.80±0.02,2.12±0.02,5.29±0.13,2.54±0.34,17.38±0.70,13.44±1.15,3.32±0.43,8.60±0.78,3.81±0.02,1.96±0.54,44.87±8.78,15.22±0.66,29.65±8.62,,295±6.2,2.36±0.41,170±6.8,212±1.7,2.61±0.14,,,,,,,,,0.59±0.02,0.05±0.01,,0.24±0.02,,,,,2.56±0.38,2.80±0.29,,0.85±0.04,,,,,,,,,,6.48±0.70,,,2.53±0.51,,,,,,51.31±1.88,,,,,1.03±0.03,4.65±0.14,7.20±0.12,112±3.0,,,,,,,,,,,,,,,,,,,,,,,
E007,Avocado fruit (Persea americana),1.0,73.56,2.95,1.19,13.86,6.69,5.26,1.42,1.75,604,0.07,0.08,0.90,1.26,0.18,1.25,67.17,9.36,,2.10,,,0.02,,,,,,,,0.02,38.74,,25.13,2.5,,,,,12,321,,,,28.48,0.002,,0.39,0.81,,,48.14,0.74,,,,63.14,377,,2.81,0.75,1.75,0.1,1,0.44,0.21,,1.65,,,,,1237,,,,,,495,8215,,,,1078,,62.11,11.14,1237,8710,1141,,,,,,,,,,,,,,,2.38,3.45,6.27,5.84,1.66,1.58,4.24,3.48,1.04,4.48,5.38,4.45,15.56,13.37,4.25,4.48,4.46,2.64,2.78,2.02,0.76,,0.12,111,1.02,,111,,,,0.06,,,,,0.12,,,0.16,,,,0.33,,0.23,,,,0.11,,,,,0.36,,,0.34,,,11.35,,,,,,105,,,,,12.88,2.58,156,356,,,,,,,,,,,,,,,,,,,,,,,
E008,Bael fruit (Aegle marmelos),1.0,61.36,2.63,0.91,0.57,6.31,3.31,3.00,28.21,569,0.03,0.04,0.25,1.62,0.03,1.14,55.22,7.50,,1.60,,,0.60,,,,,,,,0.60,4.50,,36.12,2.2,,,,,2.5,172,0.11,0.65,0.027,47.95,0.002,0.419,0.15,0.23,0.077,2.446,34.1,0.1,0.07,0.819,0.042,37.29,409,0.72,1.56,0.14,23.55,7.2,9.58,2.65,4.12,,16.35,,0.45,2.81,3.38,103,18.55,1.58,0.93,,,4.17,107,,,,87.01,,66.18,,190,112,154,,,,,,,,,,,,,,,2.52,3.29,5.86,4.86,1.26,0.65,4.81,4.16,0.98,4.62,4.82,3.86,18.2,14.26,3.86,5.26,5.4,2.43,3.87,3.11,0.76,,0.21,1.32,0.33,,,,,,0.09,,,,,0.21,,,0.19,,,,0.41,,0.29,,,,0.19,,,,,0.31,,,0.29,,,10.26,,,,,,21.36,,,,,0.3,0.41,3.39,28.65,,,,,,,,,,,,,,,,,,,,,,,
E009,"Banana, ripe, montham (Musa x paradisiaca)",1.0,70.13,1.25,1.15,0.32,2.21,1.43,0.78,24.95,463,0.01,0.04,0.48,0.35,0.51,1.54,17.93,8.06,,0.20,,,0.08,,0.07,,,,,,0.09,2.20,,47.32,1.9,,,,3.57,53.06,260,,,,6.77,0.017,,0.12,0.4,0.002,,30.22,0.36,,,0.013,20.85,362,,1.25,0.15,18.22,3.32,6.32,7.68,0.9,,14.9,,,,,103,6.8,,,,,5.65,8.73,,,,68.33,,63.24,,110,14.38,132,,,,,,,,,,,,,,,6.76,4.94,9.22,4.51,1.18,0.64,5.52,4.66,0.81,5.82,5.25,2.52,12.92,13.91,3.35,5.11,5.99,2.3,2.8,1.33,1.47,,290,0.67,2.32,,,5.12,,,,,0.31,,,,,,,,,,,,,,,,,,,,,,,,,0.72,0.61,0.41,,,,,,10.7,,,,,1.18,1.23,10.15,12.49,,,,,,,,,,,,,,,,,,,,,,,
E010,"Banana, ripe, poovam (Musa x paradisiaca)",2.0,71.32,1.49,1.09,0.35,2.33,1.29,1.04,23.41,445,0.01,0.03,0.43,0.40,0.50,1.79,19.95,6.74,,0.24,,,0.07,,0.08,,,,,,0.08,2.60,,34.67,2.75,,,,1.71,57.33,252,,,,8.73,0.01,,0.1,0.35,0.001,0.001,43.79,0.3,,0.002,0.01,33.63,335,,1,0.17,17.26,4.72,5.43,6.12,0.99,,12.54,,,,,105,8.02,,,,,3.83,28.45,,,,65.5,,69.67,,113,32.29,135,,,,,,,,,,,,,,,6.42,3.79,9.41,4.89,1.05,0.75,5.32,5.08,0.9,6.11,5.46,3.18,13.03,16.88,6.7,4.59,5.67,2.22,2.38,2.05,0.34,0.77,285,0.9,2.87,,,4.05,,,,,0.12,,,,,,,,,,,,,,,,,,,,,,,,,0.56,0.61,0.52,,,,,,18.6,,,,,1.31,1.46,12.1,11.03,,,,,,,,,,,,,,,,,,,,,,,
E011,"Banana, ripe, red (Musa x paradisiaca)",1.0,70.28,1.29,0.95,0.29,1.98,1.26,0.72,25.21,467,0.01,0.02,0.46,0.41,0.45,1.35,18.92,6.74,,0.21,,,0.09,,0.06,,,,,,0.09,1.90,,47.08,2.5,,,,2.12,51.52,261,,,,9.56,0.008,,0.06,0.24,0.001,0.001,31.44,0.19,,,0.006,23.27,313,,1.11,0.09,18.53,3.96,6.03,4.05,4.49,,14.57,,,,,96.58,9.74,,,,,6.45,11.32,,,,61.66,,46.23,,106,17.78,108,,,,,,,,,,,,,,,6.77,4.25,8.72,4.17,1.2,0.53,5.28,4.56,0.82,6.56,4.89,2.75,13.32,17.9,5.37,4.16,5.39,1.97,4.15,3.97,0.18,1.69,296,1.92,4.15,,,4.15,,,,,0.12,,,,,,,,,,,,,,,,,,,,,,,,,0.63,0.56,0.64,,,,,,11.1,,,,,1.22,1.39,12.2,10.06,,,,,,,,,,,,,,,,,,,,,,,
E012,"Banana, ripe, robusta (Musa x paradisiaca)",6.0,71.93±0.85,1.23±0.08,0.94±0.17,0.33±0.01,1.94±0.07,1.23±0.10,0.71±0.07,23.63±0.74,440±14,0.01±0.000,0.03±0.005,0.47±0.04,0.36±0.03,0.44±0.045,1.69±0.07,16.81±1.95,4.76±1.34,,0.22±0.03,,,0.08±0.01,,0.05±0.01,,,,,,0.09±0.01,2.80±1.11,,26.9±6.18,2.33±0.87,,,,3.57±1.67,56.78±11.56,314±64.8,,,,5.07±0.94,0.007±0.005,,0.13±0.05,0.28±0.05,0.001±0.000,0.001±0.000,34.98±7.77,0.36±0.15,,0.001±0.001,0.008±0.005,24.32±4.46,306±32.7,,0.85±0.14,0.14±0.05,18.94±0.07,5.29±0.04,6.50±0.07,4.05±0.05,3.10±0.05,,13.65±0.06,,,,,106±3.6,8.15±1.46,,,,,6.61±0.44,14.28±1.77,,,,53.50±2.61,,73.44±1.80,,114±4.4,20.89±1.70,127±2.8,,,,,,,,,,,,,,,5.85±0.26,3.69±0.41,8.23±0.47,4.30±0.27,1.09±0.13,0.57±0.11,4.28±0.49,4.09±0.21,0.99±0.08,6.05±0.40,7.08±0.90,3.70±0.32,13.07±1.30,15.17±0.14,4.79±0.43,3.65±0.93,4.70±0.36,2.14±0.34,3.24±1.62,2.13±1.24,1.11±0.56,0.91±0.77,293±6.9,1.83±0.68,3.54±1.34,,,3.20±0.88,,,,0.13±0.02,0.12±0.03,,,,,,,,,,,,,,,,,,,,,,,,,0.62±0.17,0.53±0.15,0.53±0.08,,,,,,14.41±1.64,,,,,0.85±0.03,0.84±0.07,9.66±0.13,13.98±1.75,,,,,,,,,,,,,,,,,,,,,,,
E013,Black berry (Rubus fruticosus),5.0,82.94±0.42,0.92±0.10,0.52±0.04,0.63±0.02,4.35±0.25,3.44±0.16,0.91±0.13,10.64±0.35,227±6,0.01±0.002,0.02±0.005,0.40±0.09,0.21±0.12,0.05±0.011,1.65±0.19,22.95±1.38,19.45±1.54,,14.65±0.40,,,0.49±0.04,,,,0.07±0.02,0.05±0.01,,,0.52±0.04,1.82±0.04,,105±17.5,2.37±0.98,,,,,52.32±2.65,166±2.4,,,,23.81±2.70,,,0.05±0.01,0.63±0.21,,0.002±0.000,30.90±4.17,0.47±0.01,,,0.027±0.004,20.08±4.50,205±40.5,,1.21±0.33,0.11±0.03,7.61±0.27,,4.47±0.28,2.50±0.04,0.64±0.02,,7.61±0.27,,,,5.89±0.46,134±0.9,30.33±1.74,7.71±1.33,5.86±0.92,11.65±1.36,,6.15±0.53,81.56±4.26,,,,153±1.9,,80.24±2.19,,195±5.6,87.71±4.44,234±1.7,,,,,,,,,,,,,,,3.09±0.34,4.86±0.26,7.82±0.34,4.72±0.13,1.49±0.16,0.66±0.12,5.18±0.91,4.76±0.43,0.83±0.06,6.57±0.58,6.40±0.24,4.31±2.14,12.08±0.69,15.66±0.50,6.02±0.65,5.55±0.42,5.36±0.50,3.03±0.26,5.33±1.58,0.98±0.03,4.35±1.58,0.05±0.02,396±2.9,1.44±0.29,262±4.4,2.59±0.26,,,,,,,4.68±0.19,,,,0.46±0.06,,,,,,,,,3.18±0.50,3.58±0.32,4.36±0.54,,,,,,,,,11.46±0.27,0.56±0.05,,1.44±0.35,,,,,3.11±0.43,165±6.8,,,,,0.80±0.03,0.12±0.01,34.65±1.66,8.97±0.17,,,,,,,,,,,,,,,,,,,,,,,
E014,"Cherries, red (Prunus cerasus)",4.0,83.61±0.21,1.49±0.22,0.45±0.02,0.46±0.05,2.12±0.12,1.35±0.09,0.78±0.06,11.87±0.31,250±4,0.07±0.006,0.02±0.004,0.19±0.01,0.23±0.03,0.04±0.005,1.52±0.25,4.92±1.30,8.82±0.57,,4.30±0.44,,,0.07±0.02,,,,,,,,0.06±0.04,5.56±1.10,,92.9±12.4,5.69±2.12,,,,,40.78±1.15,259±36.4,0.37±0.05,,,23.88±5.01,0.010±0.003,,0.07±0.02,0.36±0.10,,,14.37±4.80,0.15±0.08,,,0.002±0.001,25.31±8.43,165±44.4,,1.64±0.09,0.12±0.04,10.72±0.05,,5.91±0.05,4.61±0.02,0.20±0.03,,10.72±0.05,,,,,84±5,33.98±1.52,6.81±0.69,,,,,95.85±2.36,,,,116±4.3,,71.55±3.27,,125±5.9,95.85±2.36,187±4.2,,,,,,,,,,,,,,,1.76±0.23,3.46±0.88,5.88±1.42,3.88±0.27,1.68±0.61,0.92±0.10,4.10±1.05,4.06±0.75,0.50±0.06,4.78±1.02,4.99±1.97,1.77±0.53,28.46±12.91,15.62±3.07,6.51±2.15,4.22±0.96,4.61±0.88,2.20±0.41,6.15±1.36,4.44±0.67,1.71±1.36,0.28±0.06,18.84±1.08,0.33±0.06,289±5.0,5.53±0.42,30.22±5.50,3.25±1.45,,,,0.65±0.13,,,,0.08±0.01,0.38±0.11,5.93±0.02,0.32±0.05,,,,,1.39±0.43,0.88±0.02,,,,0.10±0.02,2.07±0.63,,,,,,,1.66±0.29,0.07±0.01,,2.61±0.20,,,,,,126±2.1,,,,,0.56±0.01,0.07±0.00,17.65±0.18,39.88±0.57,1.60±0.02,,,,,,,,,,,,,,,,,,,,,,
E015,"Currants, black (Ribes nigrum)",1.0,83.27,1.51,0.69,0.53,4.07,2.43,1.64,9.93,227,0.03,0.03,0.35,0.28,0.09,2.41,8.48,182,,3.01,,,0.45,,,,,,,,0.45,27.52,,242,12.9,,,,,62.48,453,0.5,,0.001,40.32,0.031,,0.08,1.36,,,16.66,0.11,,,0.005,78.8,283,1.51,1.45,0.21,8.89,2.56,2.98,2.85,0.5,,6.33,,,,,51.94,24.41,,2.05,4.93,,,298,3.22,,,30.58,,8.47,,83.33,302,39.06,,,,,,,,,,,,,,,2.25,4.35,8.33,3.82,1.77,0.44,4.42,4.14,1.47,5.11,3.69,6.97,10.42,20.94,5.36,5.03,5.23,2.89,10.8,1.95,8.84,,421,2.76,389,,,382,,,,,,,,,,,,,,,,0.02,3.12,,4.65,,0.08,0.08,,,,,,,0.47,0.48,,0.7,,,,,,68.29,,,,,3.53,1.72,17.88,9.6,1.6,,,,,,,,,,,,,,,,,,,,,,
E016,Custard apple (Annona squamosa),1.0,71.55,1.62,0.68,0.67,5.10,3.17,1.93,20.38,414,0.13,0.09,0.69,0.19,0.07,0.76,7.60,21.51,,0.18,,,0.19,0.01,,,,,,,0.19,58.00,,12.45,1.8,,,,,,142,,,,28.2,0.003,,0.19,0.42,,,38.47,0.15,,,,40.81,278,,3.11,0.22,13.69,0.34,9.1,4.25,,,13.35,,,,,90.45,30.45,5.67,3.87,7.56,,4.89,34.85,,,,78.56,,53.47,,138,39.74,132,,,,,,,,,,,,,,,5.25,2.26,4.88,4.26,0.99,0.48,4.16,4.37,0.86,4.86,7.08,3.87,18.32,17.32,4.86,4.82,5.12,1.97,35.1,22.28,13.35,,11.23,12.81,1.11,,6.53,,,,,,,,,,,,,,,,,,,,,,,,,,,,,,5.63,,,0.58,,,,,,13.91,,,,,0.65,2.19,3.81,15.22,,,,,,,,,,,,,,,,,,,,,,,
E017,"Dates, dry, pale brown (Phoenix dactylifera)",6.0,11.14±0.73,2.45±0.24,2.20±0.07,0.35±0.03,8.95±0.23,7.53±0.22,1.42±0.14,74.91±0.52,1340±12,0.03±0.012,0.03±0.008,1.47±0.07,0.51±0.07,0.14±0.009,0.82±0.11,18.65±1.39,4.42±0.54,,2.60±0.23,,,0.02±0.00,,,,0.03±0.00,,,,0.03±0.00,3.34±0.26,,281±77.8,8.95±1.88,,,,,2700±345,3483±551,2.47±0.62,,,71.20±4.51,0.022±0.008,0.001±0.000,0.36±0.05,3.20±0.45,0.013±0.005,0.006±0.002,73.79±6.51,0.82±0.10,,0.005±0.003,0.030±0.009,73.02±10.73,804±49.5,0.78±0.10,3.27±0.37,0.70±0.06,67.50±2.87,0.87±0.08,14.90±0.05,6.15±0.02,45.58±2.94,,66.63±2.90,,,,,78.83±3.65,18.20±1.50,,,,,,30.43±3.94,,,,140±8.4,,19.49±1.13,,97.03±4.87,30.43±3.94,159±9.4,,,,,,,,,,,,,,,1.84±0.38,1.92±0.39,5.17±0.79,2.44±0.77,1.03±0.20,1.33±0.12,3.55±0.72,3.73±0.43,0.85±0.12,2.85±0.46,6.94±0.51,4.08±0.44,12.80±0.35,15.76±1.09,6.18±0.41,5.78±0.90,5.08±0.24,2.15±0.40,2.11±0.86,1.63±0.22,0.29±0.17,,58.61±1.75,3.55±0.51,34.17±2.47,16.04±0.46,1.75±0.49,,,,0.51±0.31,0.59±0.22,1.55±0.03,,,2.90±0.53,0.25±0.03,0.64±0.21,1.18±0.87,,,,,,0.02±0.01,,,,,,,,,,,,,,,,,,5.19±0.56,,,102±7.1,,,,,1.83±0.08,1.35±0.14,29.78±0.34,134±20.5,,,,,,,,,,,,,,,,,,,,,,,
E018,"Dates, dry, dark brown (Phoenix dactylifera)",2.0,13.13,2.38,2.39,0.35,9.10,7.57,1.53,72.67,1301,0.02,0.03,1.09,0.53,0.153,0.94,12.80,3.84,,0.68,,,0.01,,,,0.06,,,,0.03,4.53,,285,4.83,,,,,2705,3280,2.43,,,66.13,0.017,0.001,0.44,4.79,0.006,0.006,75.23,0.84,,0.004,0.022,70.26,782,0.77,3.09,0.58,69.83,0.99,15.04,6.26,47.54,,68.84,,,,,91.15,22.69,,,,,,21,,,,129,,16.35,,114,21,145,,,,,,,,,,,,,,,2.06,3.05,5.23,2.81,1.25,1.26,3.46,3.27,1.83,3.3,7.02,3.9,9.68,14.85,5.96,5.62,4.86,2,1.98,0.99,0.98,,3.01,3.21,33.23,3.02,2.17,,,,1.36,1.27,1.57,,,,0.03,0.29,0.13,,,,,,0.03,,,,,,,,,,,,,,,,,,6.06,,,263,,,,,1.73,1.27,27.24,126,,,,,,,,,,,,,,,,,,,,,,,
E019,"Dates, processed (Phoenix dactylifera)",2.0,22.01,1.18,1.93,0.41,6.52,5.68,0.84,67.95,1197,0.05,0.02,0.51,0.52,0.06,2.50,24.53,15.51,,0.83,,,0.02,,,,0.04,,,,0.03,4.93,,305,86.34,,,,,2781,3288,2.43,,,15.73,0.015,0.001,0.33,0.89,0.002,0.001,14.34,0.44,,0.003,0.035,33.88,289,0.46,1.6,0.42,58.74,1.78,22.34,5,29.62,,56.96,,,,,115,34.16,,,,,,46.88,,,,124,,11.63,,149,46.88,136,,,,,,,,,,,,,,,1.62,2.29,4.98,2.97,1.05,1.35,2.59,3.64,0.8,2.85,8.53,3.66,13.63,16.39,6.7,6.43,5.94,2.09,1.96,1.56,0.4,,4.98,7.62,29.08,5.84,3.99,,,,0.22,0.63,0.16,,,2.38,0.22,,1.57,,,,,,,,,,,,,,,,,,,,,,,,2.24,,,16.91,,,,,1.73,1.22,26.3,106,,,,,,,,,,,,,,,,,,,,,,,
E020,Fig (Ficus carica),6.0,75.60±1.16,2.03±0.22,1.08±0.18,0.37±0.06,4.64±0.41,2.59±0.22,2.05±0.23,16.28±1.13,341±18,0.04±0.020,0.02±0.008,0.27±0.08,0.26±0.08,0.15±0.016,2.64±1.09,13.67±3.81,16.92±4.26,,1.47±0.15,,,0.42±0.16,,1.17±0.08,,,,,,0.54±0.17,5.75±1.51,,19.0±2.27,2.01±0.64,,,,,2.40±0.59,454±51.3,0.71±0.24,,,78.52±16.48,0.017±0.004,,0.19±0.02,0.69±0.06,,,26.18±2.34,0.07±0.01,,,0.013±0.003,21.62±1.97,231±7.2,,2.37±1.29,0.22±0.01,9.79±0.07,1.15±0.02,5.89±0.02,1.20±0.01,1.55±0.03,,8.64±0.06,,,,,71.61±0.74,7.19±0.20,8.46±0.13,3.48±0.13,2.26±0.17,,,41.38±1.12,,,,50.57±0.50,,46.52±0.54,,89.44±9.07,41.38±1.12,97.09±0.80,,,,,,,,,,,,,,,1.16±0.05,4.84±0.20,5.80±0.19,3.19±0.18,0.90±0.14,1.68±0.12,3.36±0.28,4.24±0.35,0.85±0.03,5.34±0.14,5.74±0.47,2.02±0.15,20.90±0.89,19.36±1.12,4.71±0.32,4.89±0.36,4.63±0.20,2.80±0.18,46.71±10.69,5.26±0.71,41.69±11.14,,216±2.7,1.51±0.27,23.51±2.59,134±2.3,132±3.5,,,,,,,,,,,0.04±0.00,0.01±0.00,,,,,,0.01±0.00,,,,,,,,,,,,0.03±0.00,,,0.01±0.00,,,,,,25.16±0.00,,,,,0.58±0.00,1.67±0.00,32.31±0.00,48.59±4.55,1.00±0.17,,,,,,,,,,,,,,,,,,,,,,
E021,Goosberry (Emblica officinalis),5.0,87.02±0.78,0.34±0.03,0.34±0.05,0.16±0.04,7.75±0.64,6.20±0.43,1.55±0.43,4.39±1.09,99±19,0.01±0.009,0.03±0.012,0.12±0.02,0.35±0.04,0.27±0.054,1.42±0.35,7.86±1.27,252±30.4,,0.27±0.02,,,0.11±0.01,,0.01±0.00,0.06±0.01,0.05±0.01,,,,0.12±0.02,1.64±0.31,,38.7±9.78,2.86±1.61,,,,,1.58±0.09,62.01±6.45,0.08±0.02,,,20.14±2.51,0.007±0.003,,0.12±0.08,1.25±0.08,0.004±0.002,0.001±0.001,6.50±0.93,0.11±0.02,,0.001±0.000,0.010±0.003,21.85±1.87,223±12.6,,1.37±0.19,0.05±0.01,3.95±0.05,0.56±0.03,2.10±0.02,1.29±0.02,,,3.39±0.02,,,,,26.48±3.16,11.99±0.26,,,,,,23.93±1.89,,,,47.41±2.23,,27.83±2.51,,38.48±3.26,23.93±1.89,75.24±4.62,,,,,,,,,,,,,,,2.40±0.26,1.94±0.34,4.25±0.42,4.06±0.50,0.73±0.17,0.61±0.16,4.85±2.04,3.30±0.69,0.75±0.08,2.99±0.39,6.47±1.67,3.87±0.45,14.90±2.63,23.90±2.39,5.01±0.47,4.48±0.48,4.95±0.23,2.60±0.39,7.96±0.91,5.40±0.74,2.81±1.28,,751±8.5,1.65±0.28,7.58±1.17,,44.33±6.23,14.06±1.11,1.34±0.18,,0.47±0.10,,93.12±4.37,,,0.66±0.07,0.20±0.01,0.56±0.04,0.30±0.09,,0.23±0.04,,,0.84±0.04,1.26±0.05,1.37±0.03,7.81±0.82,,,,,,,,,,,,,,,,,,,1031±3.8,,,,,0.23±0.01,0.23±0.01,11.50±0.27,49.34±3.36,0.40±0.12,,,,,,,,,,,,,,,,,,,,,,
E022,"Grapes, seeded, round, black (Vitis vinifera)",4.0,83.88±0.56,0.76±0.13,0.46±0.04,0.32±0.02,1.35±0.14,0.82±0.06,0.52±0.09,13.23±0.60,254±11,0.03±0.009,0.03±0.005,0.14±0.03,0.07±0.00,0.11±0.020,1.14±0.22,8.69±1.60,18.30±2.32,,6.19±0.19,,,0.05±0.02,,0.02±0.00,,,,0.01±0.00,,0.05±0.02,3.65±0.40,,27.8±8.85,3.59±2.20,,,,,29.36±8.37,213±29.4,,,,10.57±2.03,0.008±0.007,,0.06±0.01,0.22±0.04,0.001±0.000,,7.47±0.92,0.08±0.03,,,0.003±0.002,21.04±3.63,171±26.5,,1.93±0.19,0.05±0.02,10.02±0.05,,7.10±0.02,2.77±0.03,0.15±0.03,,10.02±0.05,,,,,72.49±3.32,15.26±1.74,4.45±0.15,8.15±1.27,5.60±1.35,,,12.73±2.37,,,,94.88±6.61,,44.44±2.81,,106±6.7,12.73±2.37,139±8.6,,,,,,,,,,,,,,,2.59±0.25,1.98±0.37,5.92±0.81,2.15±0.18,1.13±0.31,1.17±0.02,3.59±0.35,4.90±0.39,0.49±0.03,2.60±0.18,6.56±0.46,5.97±0.35,9.65±0.78,22.50±3.32,3.35±0.42,4.72±0.68,4.59±0.51,2.24±0.68,26.12±10.48,12.96±4.29,10.53±7.96,0.03±0.01,3.12±0.98,1.14±0.45,288±3.6,,,280±5.3,,,0.54±0.18,0.43±0.28,,,,2.63±0.44,0.10±0.01,0.63±0.08,0.95±0.08,,,,,0.15±0.03,0.70±0.06,,0.11±0.01,,,0.38±0.11,0.04±0.01,0.02±0.01,,,,,7.83±0.45,0.03±0.01,3.01±0.16,11.04±1.47,,0.05±0.01,,,,144±10.0,,,,,0.55±0.02,0.26±0.01,12.34±0.20,1.52±0.22,,,,,,,,,,,,,,,,,,,,,,,
E023,"Grapes, seeded, round, green (Vitis vinifera)",5.0,85.07±0.29,0.77±0.12,0.43±0.05,0.29±0.03,1.25±0.04,0.81±0.02,0.44±0.02,12.19±0.20,235±4,0.03±0.005,0.02±0.004,0.13±0.02,0.07±0.01,0.09±0.015,1.08±0.15,8.35±0.75,17.10±5.63,,3.59±0.15,,,0.07±0.02,,0.03±0.01,,,,0.02±0.01,,0.07±0.02,7.26±0.43,,31.3±8.77,4.06±1.60,,,,,30.77±11.10,208±28.8,,,,11.16±2.02,0.003±0.000,,0.07±0.01,0.24±0.10,0.001±0.000,0.001±0.001,6.87±1.10,0.07±0.01,,,0.002±0.001,19.50±3.45,166±28.0,,1.89±0.19,0.05±0.01,9.59±0.02,,7.11±0.03,2.38±0.02,0.10±0.01,,9.59±0.02,,,,,62.35±3.72,12.95±0.85,3.74±0.25,7.38±0.66,6.01±0.50,,,11.10±1.44,,,,82.21±4.28,,36.68±2.24,,92.42±3.73,11.10±1.44,119±6.3,,,,,,,,,,,,,,,2.61±0.31,2.20±0.09,6.31±0.72,2.34±0.16,1.04±0.16,1.25±0.11,3.12±0.33,5.33±0.31,0.66±0.06,2.46±0.24,7.11±0.65,6.58±0.22,10.41±0.69,21.65±1.32,3.44±0.28,4.29±1.41,4.61±0.48,2.34±0.61,25.74±6.18,18.79±2.51,7.09±4.59,0.03±0.02,3.36±0.17,1.47±0.54,286±4.1,,,276±20.9,,,1.61±0.83,2.15±0.85,,,,2.71±0.20,0.25±0.09,0.56±0.28,2.46±1.07,,,,,0.13±0.07,0.70±0.03,,0.10±0.01,,,0.52±0.24,0.03±0.01,0.02±0.01,,,,,0.46±0.29,0.03±0.01,2.10±1.21,2.93±1.88,,0.03±0.01,,,,29.60±13.81,,,,,0.47±0.01,0.24±0.02,10.29±0.15,1.27±0.11,,,,,,,,,,,,,,,,,,,,,,,
E024,"Grapes, seeded, round, red (Vitis vinifera)",5.0,84.46±1.60,0.95±0.11,0.48±0.07,0.29±0.04,1.28±0.10,0.85±0.05,0.43±0.09,12.55±1.38,244±26,0.04±0.027,0.03±0.018,0.10±0.03,0.11±0.03,0.10±0.017,1.09±0.27,7.49±1.15,20.59±3.45,,6.87±0.22,,,0.07±0.02,,0.04±0.02,,,,0.01±0.00,,0.07±0.02,5.20±0.59,,17.2±3.04,7.58±2.28,,,,,19.94±1.29,314±99.9,,,,11.27±3.54,0.003±0.002,,0.05±0.01,0.33±0.04,,0.001±0.000,7.06±0.84,0.11±0.01,,,0.003±0.002,27.91±4.51,188±10.2,,1.59±0.71,0.07±0.01,10.47±0.07,,7.80±0.02,2.57±0.04,0.10±0.02,,10.47±0.07,,,,,66.06±1.13,14.28±0.24,3.79±0.22,6.27±0.91,4.77±0.20,,,12.18±0.22,,,,83.32±0.24,,39.64±1.05,,92.04±4.41,12.18±0.22,123±1.0,,,,,,,,,,,,,,,2.34±0.19,3.49±0.30,5.86±0.40,1.92±0.13,0.94±0.16,1.14±0.12,4.14±0.53,4.87±0.72,0.69±0.13,2.83±0.25,6.32±1.55,6.50±0.24,10.87±0.98,19.45±0.92,3.18±0.14,4.72±0.27,4.79±0.19,2.49±0.30,23.92±5.49,12.77±5.37,11.15±1.27,0.06±0.01,1.82±1.39,1.57±0.22,291±33.7,,,272±75.9,,,2.84±0.00,2.63±0.00,,,,2.96±0.00,0.37±0.00,0.52±0.00,2.78±0.00,,,,,0.34±0.00,0.71±0.00,,0.09±0.00,,,0.57±0.00,0.06±0.00,0.03±0.00,,,,,2.68±0.00,0.06±0.00,0.98±0.00,7.93±0.00,,0.06±0.00,,,,14.61±0.00,,,,,0.46±0.07,0.28±0.03,10.66±0.67,1.60±0.19,,,,,,,,,,,,,,,,,,,,,,,
E025,"Grapes, seedless, oval, black (Vitis vinifera)",5.0,75.30±1.55,1.41±0.26,0.70±0.13,0.46±0.11,1.64±0.15,0.98±0.19,0.66±0.08,20.48±0.97,395±23,0.03±0.021,0.02±0.015,0.15±0.04,0.11±0.04,0.11±0.011,0.97±0.11,7.22±1.23,27.32±5.18,,6.42±0.33,,,0.05±0.03,,0.04±0.03,,,,0.04±0.02,,0.05±0.03,3.40±0.66,,19.4±3.07,8.14±1.73,,,,,19.73±1.76,321±50.6,,,0.001±0.000,15.26±3.03,0.004±0.001,0.001±0.000,0.16±0.03,0.28±0.02,,0.001±0.000,11.29±1.79,0.15±0.02,,0.007±0.003,0.043±0.013,29.02±4.16,237±11.1,,1.83±0.74,0.10±0.02,9.19±0.03,,7.08±0.01,2.01±0.02,0.10±0.01,,9.19±0.03,,,,,31.45±3.84,9.99±0.89,1.96±0.63,2.21±0.65,,,,33.96±0.80,,,,172±1.3,,11.29±1.01,,45.63±5.51,33.96±0.80,183±1.9,,,,,,,,,,,,,,,2.78±0.10,2.58±0.31,7.21±0.21,1.92±0.16,1.02±0.12,1.24±0.37,3.85±0.19,5.28±0.13,0.69±0.10,2.73±0.21,7.26±0.33,6.86±0.19,10.39±0.48,22.33±0.97,4.27±0.61,5.39±0.26,5.26±0.49,2.01±0.16,19.07±5.22,9.21±2.68,9.86±5.42,0.03±0.00,3.06±1.31,1.77±0.04,282±2.0,,,268±39.3,,,0.63±0.00,0.84±0.00,,,,2.57±0.00,0.14±0.00,0.62±0.00,2.85±0.00,,,,,0.16±0.00,0.72±0.00,,0.12±0.00,,,0.67±0.00,0.07±0.00,0.02±0.00,,,,,5.02±0.00,0.05±0.00,2.94±0.00,11.01±0.00,,0.08±0.00,,,,125±0.0,,,,,0.54±0.15,0.29±0.03,13.06±1.73,1.00±0.12,,,,,,,,,,,,,,,,,,,,,,,
E026,"Grapes, seedless, round, green (Vitis vinifera)",5.0,85.55±1.70,0.62±0.13,0.47±0.08,0.26±0.02,1.28±0.05,0.85±0.05,0.44±0.01,11.81±1.52,224±28,0.04±0.023,0.03±0.019,0.12±0.04,0.10±0.04,0.08±0.015,1.20±0.20,8.31±1.46,16.47±2.06,,3.54±0.25,,,0.08±0.01,,0.02±0.01,,,,0.01±0.00,,0.08±0.01,7.15±0.76,,25.8±7.90,6.82±3.77,,,,,25.46±6.66,216±31.3,,,,14.22±2.14,0.003±0.001,,0.23±0.33,0.24±0.02,0.001±0.001,,8.43±1.73,0.07±0.02,,,0.002±0.000,20.27±1.20,168±20.4,,1.81±1.02,0.05±0.01,9.60±0.06,,7.35±0.06,2.15±0.01,0.10±0.03,,9.60±0.06,,,,,63.79±2.99,15.71±1.40,3.61±1.46,3.99±0.57,,,,9.33±1.22,,,,80.70±1.11,,32.12±0.79,,87.11±4.50,9.33±1.22,113±1.8,,,,,,,,,,,,,,,2.87±0.32,1.98±0.12,7.15±0.15,2.38±0.12,0.91±0.01,1.33±0.17,4.17±0.16,5.25±0.21,0.69±0.18,2.70±0.03,7.35±0.85,7.01±0.57,10.39±0.78,21.53±0.31,3.46±0.42,4.84±2.08,4.69±0.46,2.40±0.02,20.06±6.25,13.79±3.59,6.27±4.37,0.04±0.01,3.47±1.39,1.56±0.77,290±2.8,,,288±21.0,,,0.85±0.01,1.81±0.09,,,,3.15±0.01,0.22±0.10,0.65±0.03,1.63±0.06,,,,,0.09±0.10,0.68±0.01,,0.08±0.01,,,0.31±0.29,0.09±0.01,0.04±0.01,,,,,0.27±0.02,0.03±0.00,2.70±0.02,3.38±2.62,,0.09±0.01,,,,33.91±2.41,,,,,0.42±0.08,0.27±0.05,14.30±0.66,0.85±0.05,,,,,,,,,,,,,,,,,,,,,,,
E027,"Grapes, seedless, round, black (Vitis vinifera)",5.0,76.90±1.40,1.24±0.25,0.49±0.05,0.35±0.03,1.15±0.19,0.83±0.04,0.32±0.15,19.86±1.58,374±25,0.03±0.019,0.03±0.029,0.13±0.05,0.11±0.03,0.08±0.011,1.27±0.23,8.89±2.54,22.79±3.45,,6.23±0.45,,,0.06±0.02,,0.04±0.01,,,,0.02±0.01,,0.06±0.02,3.00±1.16,,16.1±2.90,7.95±1.73,,,,,20.58±2.36,232±27.9,,,0.001±0.000,18.75±5.41,0.004±0.002,,0.05±0.01,0.39±0.07,,0.001±0.001,10.80±1.71,0.15±0.02,,0.003±0.002,0.005±0.002,26.68±3.14,235±9.8,,1.92±0.75,0.09±0.02,10.88±0.05,,7.49±0.03,3.29±0.03,0.10±0.02,,10.88±0.05,,,,,86.20±0.29,17.98±0.07,6.88±0.20,9.73±0.24,8.05±0.16,,,12.97±0.07,,,,109±0.4,,52.81±0.21,,129±0.4,12.97±0.07,162±0.6,,,,,,,,,,,,,,,2.32±0.18,2.74±0.07,6.44±0.19,2.55±0.16,0.85±0.11,1.15±0.12,4.79±0.13,5.05±0.23,0.76±0.14,2.70±0.07,6.05±0.18,6.46±0.35,10.60±0.36,18.37±0.78,3.76±0.27,6.93±0.17,4.83±0.37,2.06±0.19,22.11±3.87,16.09±4.81,6.02±2.63,0.27±0.03,3.98±2.07,1.42±0.08,282±0.0,,,274±66.9,,,0.60±0.00,0.87±0.00,,,,2.78±0.00,0.12±0.00,0.75±0.00,2.14±0.00,,,,,0.15±0.00,0.68±0.00,,0.10±0.00,,,0.62±0.00,0.05±0.00,0.03±0.00,,,,,8.31±0.00,0.02±0.00,2.80±0.00,11.87±0.00,,0.07±0.00,,,,122±0.0,,,,,0.53±0.05,0.28±0.02,13.56±0.94,0.69±0.09,,,,,,,,,,,,,,,,,,,,,,,
E028,"Guava, white flesh (Psidium guajava)",5.0,83.79±0.30,1.44±0.09,0.72±0.05,0.32±0.03,8.59±0.05,7.14±0.02,1.45±0.04,5.13±0.33,135±5,0.05±0.006,0.04±0.008,0.60±0.04,0.25±0.02,0.11±0.014,0.74±0.13,29.76±0.66,214±13.6,,1.68±0.23,,,0.06±0.01,0.02±0.01,,,0.04±0.01,,0.03±0.01,0.74±0.03,0.09±0.01,3.68±0.38,,19.7±4.59,5.92±3.06,,,,,298±32.8,996±108,,,,18.52±2.10,0.004±0.002,0.003±0.002,0.16±0.04,0.32±0.07,,,15.26±2.22,0.22±0.07,,,0.009±0.002,23.54±3.12,283±47.1,1.84±0.64,2.87±0.09,0.23±0.03,4.74±0.08,0.63±0.02,2.00±0.04,1.90±0.02,0.20±0.03,,4.10±0.07,,,,0.70±0.07,28.95±2.42,16.48±1.53,1.97±0.30,0.55±0.06,0.65±0.06,,,35.08±3.38,0.64±0.08,,,165±13.4,,11.08±1.05,,49.30±3.97,35.72±3.43,176±14.4,,,,,,,,,,,,,,,2.04±0.07,4.08±0.82,6.77±0.86,2.55±0.19,0.96±0.05,0.97±0.12,1.34±0.13,3.15±0.46,0.83±0.12,3.27±0.21,6.26±0.88,3.18±0.23,19.73±3.56,15.70±1.14,6.12±0.61,5.56±0.51,3.80±0.59,2.66±0.07,13.05±3.69,0.32±0.28,10.61±6.06,0.62±0.16,384±176,1.83±0.80,77.02±1.63,,2.83±0.48,1.39±0.26,,,,,2.51±0.36,,,,,,,3.61±0.30,,,,,1.44±0.10,,,,,4.57±0.55,,,,,,,,,,,,,,,0.53±0.08,96.93±3.85,,,,,0.57±0.01,0.11±0.01,43.09±1.33,55.36±2.30,,,,,,,,,,,,,,,,,,,,,,,
E029,"Guava, pink flesh (Psidium guajava)",5.0,81.22±0.45,1.19±0.19,0.81±0.06,0.25±0.03,7.39±0.38,6.12±0.29,1.28±0.09,9.14±0.27,195±6,0.03±0.010,0.03±0.005,0.59±0.07,0.20±0.03,0.16±0.027,1.25±0.23,32.17±2.69,222±27.0,,0.93±0.06,,,0.07±0.02,0.03±0.01,,,0.09±0.01,,0.01±0.01,0.25±0.04,0.11±0.01,5.35±0.61,,90.3±11.5,8.94±2.21,2843±340,,,,267±88.2,4078±477,,,,14.22±2.92,0.009±0.003,0.003±0.001,0.17±0.02,0.40±0.14,0.014±0.003,,13.26±1.32,0.16±0.03,,0.003±0.002,0.014±0.003,29.93±7.85,270±11.6,2.10±1.06,1.89±0.06,0.21±0.01,8.49±0.58,0.70±0.03,4.01±0.32,3.60±0.02,0.18±0.01,,7.79±1.29,,,,,17.96±2.31,9.22±0.63,,,,,,13.97±2.14,,,,84.36±6.35,,7.29±0.56,,27.18±2.05,13.97±2.14,91.65±6.38,,,,,,,,,,,,,,,1.84±0.21,3.94±0.27,6.01±0.60,2.76±0.17,0.89±0.23,1.02±0.30,1.55±0.28,3.77±0.22,0.77±0.04,3.36±0.20,6.52±0.86,3.31±0.27,19.16±1.61,15.59±0.74,6.98±0.98,5.67±0.35,4.19±0.33,2.63±0.33,9.57±2.04,0.64±0.12,7.44±4.10,,87.07±1.32,0.46±0.04,25.94±4.84,24.71±4.04,15.47±1.36,1.43±0.13,,,,,5.42±0.49,,,,,,,4.67±0.31,,,,,1.99±0.50,,,,,7.10±0.62,,,,,,,,,,,,,,,1.51±0.10,321±4.8,,,,,0.59±0.05,0.22±0.01,40.40±0.23,45.89±6.29,1.05±0.15,,,,,,,,,,,,,,,,,,,,,,
E030,"Jack fruit, ripe (Artocarpus heterophyllus)",5.0,78.56±0.34,2.74±0.47,0.91±0.08,0.15±0.02,3.62±0.17,2.21±0.17,1.41±0.06,14.01±0.56,302±3,0.05±0.004,0.01±0.004,0.42±0.08,0.16±0.01,0.22±0.010,4.00±0.37,32.15±2.27,6.73±1.59,,7.49±0.25,,,0.06±0.01,,,0.06±0.01,,0.09±0.01,,,0.07±0.01,37.00±3.73,,19.3±6.91,2.42±1.27,,,,,23.53±1.24,59.61±4.90,,,,35.03±4.50,0.005±0.002,,0.19±0.09,0.36±0.16,0.002±0.001,,31.84±5.19,0.35±0.17,,,0.005±0.003,23.02±9.21,279±58.8,,1.62±0.08,0.17±0.07,12.71±0.04,0.50±0.03,4.12±0.03,3.33±0.03,4.76±0.03,,12.21±0.02,,,,,30.69±2.30,1.70±0.26,1.77±0.17,2.35±0.35,1.15±0.13,,0.75±0.13,9.34±1.06,3.86±0.60,28.77±3.05,1.56±0.24,22.63±2.96,,15.44±1.58,,37.66±2.83,44.27±4.43,38.07±4.41,,,,,,,,,,,,,,,1.63±0.23,3.49±0.55,6.76±0.90,3.32±0.40,0.54±0.13,0.50±0.09,4.49±1.06,4.35±0.71,0.62±0.51,5.18±1.28,6.16±0.67,3.22±0.88,26.27±5.38,9.24±1.33,5.40±1.49,4.42±0.76,5.39±1.72,3.22±1.06,8.45±3.18,5.49±2.17,2.96±2.40,2.57±0.85,35.40±1.14,11.19±2.03,219±5.1,347±1.4,,,2.90±0.28,,,,,,,,1.54±0.36,2.48±0.42,1.23±0.45,,,,,,,,,,,,,,,,,,,,,,,,,,,53.74±1.44,,,,,1.04±0.04,19.21±1.16,34.84±1.02,52.94±3.15,,,,,,,,,,,,,,,,,,,,,,,
E031,"Jambu fruit, ripe (Syzygium cumini)",2.0,83.33,0.82,0.31,0.17,3.07,2.40,0.67,12.30,235,0.02,0.02,0.14,0.31,0.03,2.57,7.63,16.47,,0.82,,,0.04,,,,,,,,0.04,7.94,,18.49,5.68,,,,,1.55,66.5,0.45,,,25.36,0.015,,0.02,0.33,0.001,,27.97,0.04,,,0.016,9.6,103,,2.64,0.06,8.32,1.48,4.47,2.21,0.16,,6.84,,,,,43.42,19.46,3.62,,,,3.17,17.56,,,,42.4,,6.37,,66.49,20.73,48.77,,,,,,,,,,,,,,,2.38,5.21,8.52,1.99,1.85,0.93,5.63,5.32,0.83,6.99,7.04,1.54,11.99,15.22,6.59,6.09,5.54,3.23,9.6,7.24,2.37,0.16,72.26,0.42,23.69,,,,,,0.06,,0.39,,,,0.02,0.13,,,,,,,,,,,,,,,,,,,,,,,,,,,,68.47,,,,,0.76,0.14,25.45,8.65,1.55,,,,,,,,,,,,,,,,,,,,,,
E032,Karonda fruit (Carissa carandas),1.0,86.04,1.15,1.02,1.67,7.25,5.87,1.38,2.87,141,0.01,0.02,0.25,0.67,0.08,1.55,8.72,135,,1.43,,,0.04,,,,,,,,0.04,2.50,,6.12,1.14,,,,,15.64,55.89,0.99,1.84,1.813,10.81,0.002,0.62,0.71,0.87,0.021,1.406,24.45,0.24,0.07,0.006,0.01,32.62,351,1.57,2.55,0.25,2.55,0.8,1.19,0.56,,,1.75,,,,,42.89,20.47,3.45,,,,3.64,20.48,,,,45.12,,7.48,,66.81,24.12,52.6,,,,,,,,,,,,,,,3.08,2.86,4.85,1.98,1.25,1.18,3.86,3.66,0.85,4.62,5.62,4.21,15.38,15.62,3.85,3.82,4.85,3.12,5.88,3.18,2.4,,2.13,0.66,,0.55,1.07,,0.03,,,0.12,,,,0.16,,,,,,,1.21,,1.16,,,,,0.46,,,0.99,,,,0.12,0.03,0.11,0.19,,,,,,10.65,,,,,0.72,0.48,4.92,7.8,,,,,,,,,,,,,,,,,,,,,,,
E033,"Lemon, juice (Citrus limon)",6.0,91.59±0.53,0.41±0.05,0.28±0.03,0.75±0.02,,6.97±0.56,,,153±9,0.04±0.007,0.01±0.000,0.10±0.01,0.12±0.01,0.03±0.004,1.92±0.14,12.43±1.85,48.16±4.35,,0.39±0.04,,,0.06±0.01,,,,,,,,0.06±0.01,1.80±0.63,,9.68±2.22,1.72±0.50,,,,,2.62±0.34,85.99±3.36,0.11±0.04,,,22.68±2.90,0.002±0.002,,0.03±0.01,0.12±0.05,0.003±0.002,,8.90±0.55,0.02±0.00,,0.009±0.006,0.001±0.000,9.86±0.52,113±19.1,,1.21±0.23,0.08±0.02,2.59±0.06,,1.01±0.03,1.28±0.04,0.30±0.02,,2.59±0.06,,,,,147±5.2,27.67±1.91,,27.55±4.69,,,,47.40±6.45,,,,270±9.5,,83.53±3.97,,202±7.3,47.40±6.45,353±13.4,,,,,,,,,,,,,,,1.99±0.16,2.72±0.15,2.51±0.49,5.07±0.09,1.10±0.07,1.28±0.30,3.54±0.20,1.69±0.17,0.45±0.21,2.90±0.42,5.22±0.55,4.28±0.47,20.55±1.50,15.10±0.71,2.03±0.27,7.60±0.83,3.86±0.33,1.35±0.19,,,,0.80±0.24,3490±7.1,0.04±0.03,243±5.0,,338±73.8,2.36±0.21,,,,,,,,1.61±0.22,3.04±0.58,,,,,,1.59±0.11,,0.07±0.01,,,,,0.15±0.02,,2.64±0.27,0.51±0.34,17.33±0.44,,,,,,,,,,,,24.24±3.09,,,,,,,,,,,,,,,,,,,,,,,,,,,,,,,
E034,"Lime, sweet,pulp (Citrus limetta)",6.0,91.32±0.33,0.76±0.09,0.47±0.03,0.20±0.06,2.07±0.11,1.33±0.04,0.74±0.08,5.18±0.37,114±5,0.06±0.005,0.01±0.003,0.17±0.02,0.25±0.03,0.05±0.013,2.23±0.23,15.38±4.15,46.96±7.64,,0.30±0.09,,,0.07±0.02,,,,,,,,0.07±0.02,2.20±1.01,,13.2±3.54,1.89±0.44,,,,,2.54±0.30,85.13±10.71,,,,25.79±5.02,0.017±0.007,,0.03±0.00,0.11±0.02,0.000±0.000,,15.40±1.42,0.04±0.01,,0.001±0.001,0.001±0.000,20.55±1.27,182±39.4,0.72±0.46,1.17±0.45,0.05±0.01,3.94±0.03,0.52±0.03,0.70±0.02,2.60±0.01,0.12±0.01,,3.42±0.01,,,,,65.42±3.97,10.98±0.66,,,,,8.30±0.93,26.88±1.81,,,,67.81±3.12,,16.60±1.75,,76.40±4.34,35.18±2.49,84.41±4.19,,,,,,,,,,,,,,,3.40±0.31,2.12±0.09,2.66±0.27,2.31±0.17,0.97±0.59,1.33±0.04,1.32±0.23,1.29±0.17,0.48±0.09,1.73±0.22,3.39±0.72,1.30±0.81,19.78±1.90,5.41±1.07,2.16±0.39,6.81±1.29,3.40±0.46,0.80±0.19,0.57±0.30,0.24±0.15,0.34±0.16,,3416±46.1,0.48±0.34,125±5.8,,418±5.8,,,,,,,,,,,1.48±0.51,0.02±0.01,,,,,,0.08±0.01,,,,,,,22.17±21.06,1.64±0.17,13.45±0.56,,,,,,,,,,,,117±12.0,,,,,,,,,,,,,,,,,,,,,,,,,,,,,,,
E035,Litchi (Nephelium litchi),4.0,85.56±0.27,0.99±0.09,0.44±0.06,0.26±0.02,1.34±0.05,0.81±0.10,0.53±0.06,11.41±0.20,225±5,0.02±0.003,0.06±0.008,0.23±0.02,0.19±0.10,0.07±0.010,2.80±0.34,15.69±5.09,33.82±5.24,,0.33±0.09,,,0.06±0.01,,,,,,,,0.06±0.01,7.81±2.06,,27.33±9.81,1.61±0.62,,,,,1.47±0.21,129±15.1,0.54±0.07,0.21±0.11,,5.77±0.80,0.010±0.004,,0.11±0.02,0.79±0.21,,,14.58±1.67,0.04±0.01,,,0.007±0.002,23.32±3.13,161±35.6,0.46±0.22,0.54±0.14,0.24±0.09,9.30±0.06,,4.05±0.04,2.17±0.04,3.08±0.02,,9.30±0.06,,,,,68.53±3.97,14.13±0.14,,2.64±0.41,6.19±0.77,,4.04±0.37,41.60±3.12,,,,51.98±4.49,,26.91±1.89,,91.48±4.93,45.63±3.45,78.89±6.36,,,,,,,,,,,,,,,1.84±0.27,4.73±0.36,8.08±0.63,4.95±0.22,1.46±0.23,1.22±0.15,5.39±0.39,4.74±0.52,0.74±0.04,6.05±0.58,10.56±1.75,2.24±0.75,11.65±0.62,16.07±1.40,5.56±0.45,5.72±1.59,5.16±0.51,2.92±0.73,15.28±4.29,11.12±3.07,4.16±1.71,,24.21±4.56,6.06±0.72,97.11±1.87,46.55±2.64,13.53±1.04,,,,2.26±0.85,,0.70±0.30,,,,2.12±0.41,1.47±0.17,,,,,,,0.55±0.33,2.72±0.43,1.38±0.12,1.40±0.35,,,,0.53±0.10,,,,,,,,,,,,,,124±7.2,,,,,5.30±0.03,1.43±0.03,10.67±0.15,2.57±0.14,1.04±0.04,,,,,,,,,,,,,,,,,,,,,,
E036,"Mango, ripe, banganapalli (Mangifera indica)",6.0,88.44±0.55,0.54±0.10,0.42±0.04,0.55±0.03,1.88±0.15,1.01±0.08,0.87±0.11,8.18±0.49,175±9,0.03±0.005,0.04±0.004,0.26±0.03,0.12±0.02,0.12±0.02,1.60±0.11,82.05±7.90,32.97±7.14,,3.71±0.21,,,0.26±0.06,,0.20±0.04,,,,,,0.28±0.06,4.77±0.20,,3.19±1.51,1.62±0.22,,2.72±1.31,,,1168±141,1424±308,,,,15.77±1.64,0.020±0.010,,0.10±0.01,0.51±0.17,0.002±0.001,,13.35±1.07,0.22±0.08,,,0.007±0.002,11.07±2.00,144±15.3,1.91±0.745,1.34±0.06,0.12±0.04,7.77±0.07,,2.38±0.03,0.73±0.02,4.66±0.09,,7.77±0.07,,,,7.01±1.49,150±6.1,7.12±0.55,,1.90±0.23,3.96±0.64,,52.48±6.23,81.18±8.57,,,,30.72±2.87,,101±5.5,,170±6.6,134±10.3,132±7.5,,,,,,,,,,,,,,,2.69±0.29,3.73±0.48,8.18±1.05,5.69±0.24,1.57±0.13,0.78±0.19,3.20±0.17,5.10±0.44,0.94±0.32,5.92±0.91,8.21±0.31,4.26±1.36,11.58±0.78,15.60±1.03,5.88±0.57,4.07±1.13,4.14±0.35,2.21±0.49,7.94±2.05,4.72±1.64,3.23±1.71,0.29±0.05,446±9.1,0.43±0.22,76.71±1.12,,2.95±0.74,,,,,,0.43±0.12,,,0.74±0.19,0.64±0.13,1.79±0.52,,1.42±0.41,,,,0.99±0.75,,2.17±0.56,,0.92±0.50,,,,,,,,,,,,1.55±0.38,,,,,,18.39±3.44,,,,,0.87±0.04,0.47±0.01,11.41±0.68,85.83±3.60,,,,,,,,,,,,,,,,,,,,,,,
E037,"Mango, ripe, gulabkhas (Mangifera indica)",2.0,86.65,0.52,0.32,0.53,1.67,1.03,0.64,10.32,209,0.03,0.04,0.23,0.11,0.13,1.01,84.35,27.65,,3.91,,,0.19,,0.16,,,,,,0.20,4.80,,4.18,1.64,,4.58,,,666,1350,,,,19.33,0.01,,0.07,0.38,0.001,,11.53,0.11,,,0.001,10.66,115,2.05,1.39,0.06,8.13,,3.9,2.6,1.63,,8.13,,,2.33,16.5,147,8.2,1.71,1.59,3.26,,55.42,89.08,,,,27.91,,71.39,,180,145,99.3,,,,,,,,,,,,,,,2.33,3.79,9.21,3.34,1.66,0.71,3.75,5.38,1.33,6.32,9.02,4.64,11.82,14.59,5.25,3.97,4.53,2.41,7.7,4.34,3.36,0.59,432,0.7,75.46,,2.34,,,,,,0.56,,,0.67,0.93,1.41,,1.33,,,,2.12,,1.64,,0.38,,,,,,,,,,,,1.54,,,,,,22.38,,,,,0.84,0.41,12.34,80.24,,,,,,,,,,,,,,,,,,,,,,,
E038,"Mango, ripe, himsagar (Mangifera indica)",3.0,88.04±0.10,0.46±0.04,0.38±0.02,0.54±0.02,1.55±0.13,0.82±0.19,0.73±0.06,9.03±0.26,187±5,0.03±0.005,0.03±0.004,0.27±0.04,0.11±0.00,0.10±0.030,1.46±0.02,90.98±6.12,49.09±23.24,,3.73±0.11,,,0.29±0.08,,0.20±0.07,,,,,,0.31±0.09,4.40±0.26,,6.26±2.09,1.19±0.14,,5.60±3.84,,,1181±136,1423±201,,,,,,,,,,,12.07±0.78,0.17±0.04,,,0.005±0.004,12.25±4.15,137±17.7,1.90±0.49,1.31±0.02,0.12±0.07,8.06±0.07,,4.50±0.01,0.55±0.04,3.01±0.02,,8.06±0.07,,,,5.81±0.78,154±2.7,6.63±0.30,,2.01±0.13,4.99±0.27,,60.51±0.90,73.42±3.26,,,,16.00±1.74,,111±9.1,,174±3.3,134±4.2,127±10.2,,,,,,,,,,,,,,,2.18±0.33,3.80±0.44,7.55±0.42,4.74±0.56,1.69±0.17,1.04±0.03,3.70±0.33,5.23±0.36,1.16±0.49,4.87±0.76,10.14±0.58,4.41±0.94,12.41±1.44,14.99±0.30,5.99±0.47,4.11±0.74,4.44±0.37,2.82±0.77,8.09±2.53,6.94±2.12,1.71±1.40,0.30±0.06,448±0.6,0.58±0.22,73.58±2.98,,3.15±0.69,,,,,,1.29±0.67,,,0.85±0.08,1.43±0.55,1.95±0.64,,1.43±0.36,,,,1.16±0.43,,2.76±0.25,,0.85±0.15,,,,,,,,,,,,1.64±0.08,,,,,,15.45±0.72,,,,,0.88±0.06,0.44±0.02,11.39±0.73,79.46±1.30,,,,,,,,,,,,,,,,,,,,,,,
E038 ,,,,,,,,,,,,,,,,,,,,,,,,,,,,,,,,,,,,,,,,,,,,,,15.54±1.84 ,0.016±0.006 ,0.001±0.002 ,0.08±0.01 ,0.29±0.05 ,0.002±0.002,,,,,,,,,,,,,,,,,,,,,,,,,,,,,,,,,,,,,,,,,,,,,,,,,,,,,,,,,,,,,,,,,,,,,,,,,,,,,,,,,,,,,,,,,,,,,,,,,,,,,,,,,,,,,,,,,,,,,,,,,,,,,,,,,,,,,,,,,,,,,,,,,,,,,,,
E039,"Mango, ripe, kesar (Mangifera indica)",4.0,85.07±0.59,0.54±0.05,0.44±0.07,0.57±0.03,2.02±0.20,1.09±0.05,0.93±0.14,11.36±0.49,231±8,0.03±0.007,0.04±0.006,0.26±0.02,0.11±0.01,0.10±0.014,1.67±0.23,90.43±8.24,29.08±4.61,,3.68±0.38,,,0.24±0.01,,0.20±0.05,,,,,,0.26±0.02,4.75±0.33,,3.71±2.21,2.33±0.17,,6.96±3.31,,,1264±172,1438±314,,,,15.74±0.89,0.028±0.019,,0.07±0.01,0.43±0.19,0.002±0.002,,12.53±1.19,0.22±0.07,,,0.004±0.002,12.36±0.38,143±21.5,1.85±0.41,1.43±0.03,0.10±0.04,9.00±0.05,,4.80±0.02,2.65±0.01,1.55±0.04,,9.00±0.05,,,,5.71±0.83,152±8.6,7.36±0.43,,2.06±0.18,5.15±0.45,,63.91±2.81,105±6.5,,,,24.29±1.83,,90.87±8.77,,172±8.1,169±9.2,115±10.4,,,,,,,,,,,,,,,2.07±0.19,4.05±0.65,8.26±0.97,3.05±0.53,1.59±0.27,0.85±0.28,3.47±0.49,5.29±0.59,1.28±0.26,5.23±0.93,8.62±0.43,4.48±0.83,12.75±1.15,14.51±1.20,6.13±0.73,4.24±0.40,4.52±0.25,2.70±0.35,8.31±1.88,5.92±2.44,2.39±1.27,0.32±0.10,445±7.4,0.48±0.25,75.34±2.83,,3.70±0.83,,,,,,0.56±0.20,,,0.81±0.21,1.01±0.53,1.66±0.35,,0.96±0.63,,,,0.94±0.54,,2.61±0.32,,0.76±0.07,,,,,,,,,,,,1.82±0.35,,,,,,14.74±0.44,,,,,0.87±0.03,0.43±0.01,11.07±0.51,90.02±1.55,,,,,,,,,,,,,,,,,,,,,,,
E040,"Mango, ripe, neelam (Mangifera indica)",2.0,88.41,0.68,0.38,0.55,1.77,0.97,0.79,8.21,178,0.03,0.04,0.23,0.14,0.12,1.02,68.70,29.93,,3.72,,,0.24,,0.19,,,,,,0.29,5.00,,2.95,1.67,,2.51,,,1291,1376,,,,11.36,0.004,,0.08,0.36,,,10.1,0.07,,,,11.63,137,1.36,1.2,0.07,7.94,,4.42,2.71,0.81,,7.94,,,3.08,17.21,141,6.64,2.44,1.87,5.59,,56.63,89.89,,,,16.56,,98.95,,178,147,116,,,,,,,,,,,,,,,2.46,4.3,9.19,3.1,1.84,1.22,3.38,5.61,1.33,6.29,9.93,4.29,12.33,15.06,6.03,3.48,6.55,2.54,8.46,6.9,1.56,0.49,430,0.58,75.86,,3.56,,,,,,0.41,,,1.02,0.74,1.35,,1.84,,,,3.14,,1.84,,0.81,,,,,,,,,,,,1.45,,,,,,16.92,,,,,0.91,0.43,10.15,79.49,,,,,,,,,,,,,,,,,,,,,,,
E041,"Mango, ripe, paheri (Mangifera indica)",2.0,87.69,0.68,0.42,0.58,1.97,0.99,0.98,8.67,188,0.03,0.04,0.28,0.10,0.23,1.73,65.28,30.75,,3.62,,,0.35,,0.20,,,,,,0.37,4.80,,2.51,7.19,,2.49,,,1061,1210,,,,15.11,0.024,,0.11,0.51,0.001,,14.28,0.24,,,0.003,15.18,153,1.44,1.63,0.2,8.48,,4.95,2.46,1.07,,8.48,,,2.33,34.58,137,6.26,1.33,1.32,3.27,,69.02,122.79,,,,20.4,,65.92,,186,192,86.32,,,,,,,,,,,,,,,1.94,4.36,8.25,3.44,1.2,0.94,3.94,5.45,1.49,6.13,9.03,3.9,12.19,14.82,5.49,3.95,4.06,2.45,9.71,7.79,1.92,0.44,445,0.45,74.5,,3.51,,,,,,1.22,,,0.93,1.11,1.71,,1.65,,,,1.68,,2.06,,0.79,,,,,,,,,,,,1.54,,,,,,18.52,,,,,0.9,0.47,11.66,81.12,,,,,,,,,,,,,,,,,,,,,,,
E042,"Mango, ripe, totapari (Mangifera indica)",1.0,84.14,0.41,0.47,0.49,1.73,0.95,0.78,12.75,248,0.02,0.05,0.27,0.13,0.12,1.64,77.69,25.26,,3.77,,,0.27,,0.26,,,,,,0.30,4.60,,13.27,2.86,,4.56,,,602,1632,,,,13.34,0.004,,0.08,0.28,,,12.55,0.32,,,0.004,9.87,160,1.85,1.32,0.08,9.24,,7.33,1.05,0.86,,9.24,,,2.43,21.79,136,7.56,1.44,1.53,3.96,,70.57,97.56,,,,18.64,,70.06,,175,168,88.71,,,,,,,,,,,,,,,2.07,4.2,8.85,3.51,1.65,0.9,4.15,5.25,1.21,5.92,8.84,4.53,13.49,13.95,5.86,3.47,4.26,2.27,11.5,7.23,4.28,0.45,442,0.81,75.48,,2.68,,,,,,0.93,,,0.74,0.81,1.39,,1.78,,,,1.52,,1.84,,1.02,,,,,,,,,,,,1.89,,,,,,23.87,,,,,0.94,0.49,10.22,75.13,,,,,,,,,,,,,,,,,,,,,,,
E043,Mangosteen (Garcinia mangostana),1.0,85.52,0.63,0.33,0.24,1.87,1.23,0.64,11.41,219,0.01,0.01,0.58,0.15,0.18,0.81,13.52,26.33,,,,,0.05,,,,,,,,0.05,5.50,,16.81,5.4,,,,,1.8,181,0.17,0.05,0.002,4.69,0.003,1.501,0.11,0.28,0.056,0.106,12,0.04,0.03,0.002,5.183,7.18,46.93,,3.79,0.21,9.41,0.5,5.12,1.67,2.12,,8.91,,,2.54,22.48,135,7.85,1.58,2.01,4.12,,69.87,95.47,,,,20.48,,68.12,,176,165,88.6,,,,,,,,,,,,,,,2.51,4.54,9.1,2.83,1.29,0.81,6.21,6.87,1.21,5.36,7.6,2.64,14.16,13.3,7.07,4.27,4.76,2.86,8.44,5.32,3.07,,127,,22.07,,1.07,,,,,,,,,,,,,,,,,,,,,,,,,,,,,,,,,,,,,,,,,,,,0.67,0.37,4.32,16.75,,,,,,,,,,,,,,,,,,,,,,,
E044,Manila tamarind (Pithecellobium dulce),1.0,74.54,3.56,2.82,1.14,4.40,3.30,1.10,13.54,342,0.18,0.14,0.40,0.18,0.04,0.22,4.24,55.78,,,,,0.38,,,,,,,,0.38,33.18,,36.5,10.5,,,,,2.2,154,,,,8.51,,,0.22,0.71,,,32.98,0.27,,,,73.53,376,,1.35,0.56,12.63,0.5,3.45,4.12,4.56,,12.13,,,,,20.98,3.54,0.97,1.07,1.25,,,33.45,,,,6.01,,13.48,,27.81,33.45,19.49,,,,,,,,,,,,,,,2.78,3.64,5.6,2.21,1.26,0.59,4.35,4.81,1.14,4.92,6.25,3.35,13.85,16.45,4.21,3.56,4.86,1.85,4.32,0.98,3.35,,10.52,0.34,135,,79.06,6.5,,,,,,,,,,,,,,,,,,,,,,,,,,,,,,,,,,,,,,10.35,,,,,0.29,0.97,16.43,22.55,,,,,,,,,,,,,,,,,,,,,,,
E045,"Musk melon, orange flesh (Cucumis melon)",5.0,92.97±0.38,0.42±0.06,0.52±0.02,0.35±0.02,1.51±0.28,0.84±0.20,0.67±0.11,4.24±0.40,97±8,0.01±0.000,0.01±0.003,0.41±0.05,0.13±0.02,0.05±0.005,0.75±0.18,22.31±2.48,22.76±3.42,,4.41±0.57,,,0.01±0.00,,,,,,,,0.01±0.00,5.70±0.27,,20.17±3.03,2.52±0.84,,,,,771±96.4,925±43.6,0.02±0.01,0.03±0.04,,9.80±2.14,0.004±0.002,0.001±0.001,0.03±0.02,0.18±0.04,0.003±0.001,,11.62±3.20,0.04±0.01,,,0.006±0.003,17.28±1.65,206±41.9,0.88±0.32,14.94±2.71,0.09±0.03,2.99±0.05,,0.62±0.02,0.71±0.01,1.65±0.06,,2.99±0.05,,,,,76.84±3.38,16.10±1.58,,,,,7.32±0.96,17.86±1.61,,,,97.34±6.29,,61.33±2.46,,92.94±4.13,25.18±2.14,159±7.2,,,,,,,,,,,,,,,0.93±0.14,1.75±0.37,4.09±1.02,1.84±0.25,0.89±0.10,0.79±0.07,1.82±0.48,3.60±0.83,0.56±0.17,3.33±0.42,12.72±1.30,2.12±0.39,10.60±0.69,28.92±5.33,3.89±0.82,2.97±0.30,4.26±0.82,1.65±0.29,2.62±1.10,2.17±1.12,0.44±0.34,0.41±0.14,5.71±3.09,0.42±0.04,1.32±0.33,,82.54±2.04,2.06±0.55,,,,,,,,0.04±0.01,,0.05±0.01,0.03±0.01,,,,0.49±0.03,,,,,,,,,,,,,,,,,,,,,,,4.95±1.22,,,,,0.15±0.00,0.38±0.01,2.74±0.07,12.18±1.26,,,,,,,,,,,,,,,,,,,,,,,
E046,"Musk melon, yellow flesh (Cucumis melon)",6.0,91.84±0.93,0.53±0.05,0.48±0.04,0.26±0.02,1.49±0.10,0.79±0.08,0.70±0.05,5.40±1.04,116±18,0.01±0.018,0.02±0.013,0.43±0.08,0.11±0.03,0.06±0.015,0.80±0.08,20.23±5.16,21.32±1.19,,2.33±0.23,,,0.02±0.01,,,,,,,,0.02±0.01,1.74±0.44,,22.48±9.44,2.69±1.16,,,,,6.87±0.36,92.15±6.04,0.04±0.03,,,9.02±2.95,0.002±0.000,0.001±0.000,0.05±0.02,0.21±0.06,0.003±0.001,,9.81±2.68,0.04±0.01,,,0.006±0.002,13.09±2.91,196±42.2,1.35±0.48,15.78±3.74,0.09±0.02,2.36±0.06,,0.51±0.02,0.84±0.02,1.01±0.03,,2.36±0.06,,,,,62.61±3.89,16.39±1.48,,,,,5.75±0.28,15.37±1.64,,,,72.56±4.65,,41.54±2.55,,79.00±5.34,21.12±1.78,114±7.1,,,,,,,,,,,,,,,0.88±0.02,2.72±0.21,3.67±0.95,2.27±0.10,0.89±0.04,0.80±0.31,1.62±0.38,2.81±0.14,0.52±0.16,3.06±0.43,12.94±0.55,2.51±0.43,9.99±1.19,25.89±6.58,3.76±1.70,3.20±0.15,4.82±1.13,1.69±0.11,1.88±0.94,1.30±0.77,0.58±0.54,0.44±0.08,9.08±2.55,0.55±0.07,2.94±1.86,,63.45±1.46,10.14±0.99,,,,,,,,0.02±0.01,,0.07±0.01,0.05±0.01,,,,0.47±0.02,,,,,,,,,,,,,,,,,,,,,,,5.33±0.67,,,,,0.16±0.00,0.40±0.00,2.89±0.03,11.11±1.25,,,,,,,,,,,,,,,,,,,,,,,
E047,"Orange, pulp (Citrus aurantium)",6.0,89.61±0.19,0.70±0.12,0.36±0.02,0.13±0.02,1.29±0.05,0.73±0.05,0.56±0.02,7.92±0.27,156±4,0.07±0.009,0.02±0.005,0.28±0.04,0.20±0.05,0.04±0.003,2.88±0.42,19.46±1.09,42.72±4.81,,0.34±0.08,,,0.03±0.01,,,,0.02±0.01,,,,0.04±0.01,2.50±0.75,,13.8±1.83,31.88±6.66,,44.02±13.91,,5.76±1.79,31.94±2.12,675±11.0,,,,19.52±1.48,0.012±0.003,,0.03±0.01,0.81±0.04,,,11.05±0.52,0.02±0.00,,0.001±0.001,0.001±0.000,12.90±4.47,164±23.6,0.19±0.16,1.47±0.05,0.04±0.01,6.86±0.06,,2.86±0.03,1.21±0.02,2.79±0.03,,6.86±0.06,,,,,29.46±4.92,7.66±1.10,,,,,4.27±0.79,14.99±1.78,,,,36.52±6.20,,11.11±1.73,,37.11±5.94,19.26±2.41,47.63±7.82,,,,,,,,,,,,,,,0.70±0.16,1.39±0.34,2.11±0.12,2.98±0.38,0.53±0.10,0.48±0.06,1.77±0.20,1.52±0.13,0.54±0.05,2.12±0.39,2.28±1.28,6.51±0.26,13.29±2.66,5.82±1.15,2.46±0.27,12.17±2.77,3.38±0.25,1.08±0.15,8.06±2.47,5.59±2.30,2.47±0.43,,1281±6.4,0.28±0.04,122±37.1,25.51±2.15,45.04±1.69,,,,,,,,,,,0.42±0.02,0.19±0.01,,,,0.06±0.02,0.14±0.02,1.07±0.04,,,,,,,37.19±5.42,12.73±1.22,24.13±2.65,,,,,,,,,,,,54.73±9.78,,,,,,,,,,,,,,,,,,,,,,,,,,,,,,,
E048,"Palm fruit, tender (Borassus flabellifer)",1.0,91.93,0.50,0.13,0.12,2.40,1.87,0.53,4.92,101,0.01,0.46,,0.13,0.07,2.49,24.40,0.25,,,,,0.01,,,,0.03,,,,0.02,3.60,,5.8,1.5,,,,,,50,,,,,,,,,,,,,,,,,158,,1.25,0.05,1.03,0.84,0.17,0.02,,,0.19,,,,2.45,22.45,8.46,,,,,5.47,32.85,,,,50.64,,25.78,,33.36,38.32,76.42,,,,,,,,,,,,,,,3.14,4.16,3.74,2.35,0.85,1.1,2.76,4.32,0.44,4.31,6.84,3.85,13.86,16.82,4.56,4.17,5.18,1.25,1.05,0.64,0.41,,1.31,3.73,,,3.73,,0.03,,,0.09,,,,0.12,,,,,,,,,1.12,,,,,,,,,,,,0.12,0.21,0.06,0.15,,,,,,28.36,,,,,,,,2.8,,,,,,,,,,,,,,,,,,,,,,,
E049,"Papaya, ripe (Carcia papaya)",6.0,91.47±0.76,0.42±0.05,0.51±0.03,0.16±0.01,2.83±0.26,1.75±0.16,1.08±0.10,4.61±0.48,100±9,0.03±0.009,0.11±0.008,0.33±0.03,0.44±0.07,0.04±0.003,3.05±0.27,60.90±6.64,43.09±7.02,,11.47±1.00,,,0.03±0.01,,,,0.02±0.00,,,,0.04±0.01,2.59±0.35,,5.43±0.87,280±43.9,833±82.9,648±85.2,,,694±84.5,2472±81.1,0.05±0.01,,,15.02±1.47,0.003±0.000,,0.04±0.01,0.23±0.02,,,10.97±2.21,0.03±0.00,,0.001±0.000,0.002±0.001,17.73±3.53,173±12.4,12.78±5.71,6.68±0.16,0.08±0.03,4.09±0.17,,2.44±0.13,1.15±0.02,0.50±0.03,,4.09±0.17,,,,5.52±0.62,45.26±4.02,5.30±0.61,,,,,9.53±0.95,16.83±1.70,,,,10.33±0.91,,37.91±3.34,,56.08±5.03,26.35±2.27,48.24±3.59,,,,,,,,,,,,,,,0.87±0.36,2.27±0.24,4.43±0.26,4.91±0.40,0.68±0.06,0.73±0.07,1.93±0.11,3.27±0.64,1.66±0.09,3.93±0.79,4.23±0.42,2.59±0.51,15.42±1.42,13.85±3.84,5.23±0.19,4.55±0.97,4.70±0.95,2.85±0.63,5.96±1.97,2.27±0.89,3.70±1.17,0.03±0.01,146±1.7,0.52±0.08,43.40±0.69,3.73±0.70,39.37±2.24,,,,,,,,,,,2.02±0.53,1.65±0.14,,,,0.06±0.02,0.11±0.02,0.03±0.02,,,,,,,,,,,,,,,,,,,,,17.88±1.20,,,,,1.80±0.04,1.12±0.04,4.82±0.14,25.44±1.66,0.49±0.06,,,,,,,,,,,,,,,,,,,,,,
E050,Peach (Prunus communis),1.0,88.31,0.86,0.51,0.37,2.13,1.22,0.91,7.82,168,0.02,0.02,0.29,0.15,0.10,1.43,6.34,5.49,,2.41,,,0.02,,,,,,,,0.02,4.40,,5.8,1.5,,,,,,50,0.18,0.11,0.197,6.98,0.006,0.276,0.08,0.35,0.011,0.179,8.06,0.05,0.01,0.713,0.138,19.08,281,0.67,1.15,0.1,6.95,,1.15,0.89,4.61,0.3,6.95,,,,0.32,17.24,5.98,0.03,,,0.03,1.32,207,0.3,,,62.16,,0.44,,23.9,209,62.61,,,,,,,,,,,,,,,1.53,2.54,5.49,2.75,0.98,1.21,2.95,4.92,0.43,5.43,5.77,4.14,21.02,19.19,3.23,4.07,4.79,1.78,6.35,4.05,2.3,,127,1.65,267.01,,,,0.03,,,,,,,,,,,,,,,,,,,,,,,,,,,,5.64,,,2.33,,,,,,279,,,,,0.5,0.71,14.42,4.55,,,,,,,,,,,,,,,,,,,,,,,
E051,Pear (Pyrus sp.),6.0,86.49±0.18,0.36±0.04,0.32±0.02,0.27±0.04,4.48±0.08,4.02±0.07,0.46±0.03,8.09±0.23,157±3,0.02±0.005,0.02±0.008,0.13±0.03,0.05±0.01,0.09±0.015,1.41±0.27,5.28±1.17,3.31±0.90,,1.48±0.19,,,0.29±0.10,,,,0.04±0.02,,,,0.30±0.10,12.57±1.55,,14.7±1.34,2.77±1.18,,1.44±0.28,,,13.16±1.78,92.30±8.23,0.59±0.03,,,6.55±1.39,0.009±0.003,0.001±0.000,0.08±0.02,0.28±0.10,0.002±0.001,0.001±0.001,7.61±1.23,0.08±0.01,,,0.008±0.004,6.74±1.79,106±6.6,,1.64±0.08,0.07±0.02,7.39±0.77,,3.51±0.21,2.74±0.30,1.12±0.01,,7.39±0.77,,,,,47.91±5.65,15.80±2.38,4.52±0.59,4.73±0.98,2.98±0.55,,,24.26±3.22,,,,84.54±10.16,,16.58±2.38,,75.94±8.40,24.26±3.22,101±12.4,,,,,,,,,,,,,,,1.39±0.30,3.65±0.28,4.95±0.89,2.27±0.35,1.05±0.22,0.87±0.33,3.04±1.21,3.64±0.51,0.58±0.13,5.10±0.31,6.55±0.35,2.48±0.41,25.05±2.31,11.67±1.81,4.31±0.62,3.64±0.62,4.46±0.26,1.36±0.13,2.41±0.86,1.35±0.19,1.27±0.64,5.05±0.99,81±23.8,0.04±0.02,63.72±0.77,68.62±4.55,5.05±0.99,,,0.05±0.01,0.39±0.05,,,,,,,1.27±0.02,,,,,,,1.56±0.25,,0.99±0.09,,0.08±0.01,,,,,,,,1.09±0.36,,,0.04±0.01,,,,,,10.50±1.95,,,,,0.64±0.02,0.23±0.02,13.33±0.08,4.83±0.81,0.99±0.05,,,,,,,,,,,,,,,,,,,,,,
E052,Phalsa (Grewia asiatica),2.0,77.48,1.66,1.09,0.14,4.54,3.44,1.09,15.09,299,0.03,0.06,0.40,0.17,0.03,1.49,22.56,5.11,,1.34,,,0.87,,0.58,,,,,,0.93,5.36,,157,3.11,,,,5.68,1.71,396,,0.92,,153,,,0.24,2.01,,,76.92,0.47,0.17,0.003,0.006,23.65,362,3.53,1.99,0.48,13.75,0.75,6.12,4.66,2.22,,13,,,,2.18,107,45.72,4.21,3.06,2.17,,5.7,162,,,,362,,18.66,,164,167,381,,,,,,,,,,,,,,,1.91,4.44,7.19,2.82,2.05,1.1,4.84,4.18,0.66,5.76,5.27,5.86,12.12,18.54,4.96,5.31,5.01,2.18,352,24.41,326,279,319,1.7,270,,279,,,,0.53,,,,,,0.6,1.28,,,,,,,0.47,,,,,,,,,,,,,,,,,,,,,57.25,,,,,2.28,1.48,24.97,43.03,0.63,,,,,,,,,,,,,,,,,,,,,,
E053,Pineapple (Ananas comosus),6.0,86.06±1.19,0.52±0.09,0.38±0.04,0.16±0.02,3.46±0.12,2.88±0.08,0.59±0.06,9.42±1.15,180±19,0.05±0.007,0.03±0.011,0.12±0.02,0.13±0.02,0.13±0.015,1.05±0.23,18.21±1.65,36.37±3.65,,0.21±0.01,,,0.36±0.09,,,,0.31±0.01,,,,0.45±0.09,2.40±0.29,,8.11±1.14,1.80±1.23,,,,,31.21±4.33,86.31±10.74,0.08±0.04,0.24±0.25,,10.88±1.91,0.008±0.006,0.001±0.000,0.07±0.03,0.28±0.11,0.002±0.001,,12.68±4.32,1.28±0.35,,,0.017±0.004,13.56±4.36,143±22.2,0.08±0.06,1.43±0.10,0.10±0.02,8.56±0.05,,1.21±0.02,3.12±0.02,4.23±0.02,,8.56±0.05,,,,,42.57±5.87,8.52±1.57,,,,,,31.15±4.54,,,,17.75±2.51,,30.00±3.84,,51.09±7.38,31.15±4.54,47.76±6.32,,,,,,,,,,,,,,,1.37±0.58,2.61±0.69,3.97±0.44,4.03±0.10,1.06±0.28,2.23±0.06,2.59±0.70,3.01±0.87,1.09±0.14,4.07±0.92,6.94±0.99,2.64±0.71,27.04±8.48,14.92±3.44,5.32±1.65,3.76±0.81,5.31±1.27,3.10±0.21,3.39±0.60,2.55±0.10,0.84±0.61,4.89±0.95,605±11.3,0.04±0.01,92.39±1.61,3.71±0.69,4.89±0.95,,,,,,,,,0.62±0.06,0.90±0.04,0.74±0.05,,,,,,,0.09±0.02,,,,,,,,,,,,,,,,,,,1.43±0.16,,22.69±1.07,,,,,1.38±0.06,0.22±0.02,9.25±0.16,8.59±0.33,1.13±0.11,,,,,,,,,,,,,,,,,,,,,,
E054,Plum (Prunus domestica),3.0,84.44±1.25,0.64±0.13,0.35±0.16,0.40±0.16,2.07±0.36,1.23±0.22,0.84±0.16,12.10±1.47,238±19,0.02±0.011,0.02±0.001,0.44±0.02,0.16±0.05,0.05±0.007,0.30±0.17,14.29±1.96,2.26±0.00,,3.32±0.42,,,0.50±0.04,,,,,,,,0.50±0.04,8.50±0.74,,5.67±0.98,2.39±1.04,,,,,1.32±0.22,430±82.9,0.20±0.05,0.03±0.04,0.057±0.021,7.61±0.94,0.002±0.000,0.297±0.024,0.41±0.39,0.25±0.09,0.003±0.001,0.070±0.002,7.79±1.00,0.06±0.02,0.01±0.00,0.115±0.162,0.052±0.023,13.83±3.85,162±3.3,0.56±0.04,1.55±0.09,0.10±0.04,10.13±0.03,,3.50±0.03,3.42±0.03,3.21±0.03,,10.13±0.03,,,,,16.00±0.07,4.05±0.11,,,,,4.09±0.22,166±0.5,,,,59.08±1.47,,,,20.05±0.03,170±0.3,59.08±1.47,,,,,,,,,,,,,,,1.33±0.18,2.20±0.22,3.82±0.10,2.97±0.13,1.08±0.12,1.89±0.15,2.75±0.14,2.33±0.18,1.21±0.10,3.63±0.18,4.25±0.23,2.67±0.25,32.17±0.94,4.85±0.07,2.06±0.19,5.83±0.09,4.23±0.12,1.61±0.14,0.74±0.13,0.19±0.13,0.70±0.13,87.64±7.75,62.32±11.93,0.83±0.21,96.33±14.39,,87.64±7.75,,,,,,,,,,,,,,,,,,,,5.58±0.44,,,,,,,,,,2.16±0.07,,,4.58±0.44,,,,,,28.36±0.00,,,,,0.86±0.10,0.45±0.09,13.63±3.20,3.81±0.32,,,,,,,,,,,,,,,,,,,,,,,
E055,"Pomegranate, maroon seeds (Punica granatum)",6.0,83.55±0.39,1.33±0.07,0.57±0.04,0.15±0.02,2.83±0.06,2.26±0.05,0.57±0.02,11.58±0.43,229±6,0.06±0.005,0.01±0.004,0.20±0.03,0.42±0.04,0.29±0.032,0.60±0.09,38.64±2.93,12.69±1.36,,109±2.1,,,0.01±0.01,,,,0.05±0.00,,,,0.03±0.01,18.50±2.35,,27.8±7.62,2.51±0.82,,,,,2.05±0.58,47.28±7.09,0.05±0.01,,,10.65±1.82,0.010±0.003,0.001±0.000,0.13±0.03,0.31±0.06,0.003±0.001,,11.07±0.96,0.13±0.03,,,0.005±0.003,27.20±10.01,206±32.9,0.55±0.22,2.13±0.10,0.18±0.04,10.87±0.05,,1.01±0.03,1.74±0.04,8.12±0.04,,10.87±0.05,,,1.14±0.18,0.48±0.12,22.64±3.44,13.25±2.35,2.90±0.56,1.33±0.26,0.77±0.21,,,35.30±4.74,3.22±0.74,,,39.16±5.95,,1.82±0.52,,42.50±6.80,38.51±5.16,40.99±5.90,,,,,,,,,,,,,,,1.94±0.16,1.67±0.57,4.87±0.64,1.15±0.44,0.61±0.25,0.89±0.29,3.18±0.55,2.59±0.42,0.46±0.08,2.40±0.42,4.80±0.80,8.35±2.12,8.50±0.32,27.33±2.29,3.55±0.14,3.46±0.43,4.83±0.49,1.83±0.39,253±53.6,178±52.9,75.75±13.77,,1239±8.9,0.05±0.01,123±2.0,5.94±0.76,,0.39±0.19,,,,,0.09±0.02,,,,,1.60±0.23,,,,,,,2.52±0.42,,,,,,1.44±0.14,,,,,,0.09±0.02,0.10±0.03,0.22±0.08,0.44±0.05,0.31±0.12,,,,,67.10±3.36,,,,,0.83±0.03,0.34±0.02,20.79±0.46,45.71±2.97,0.44±0.05,,,,,,,,,,,,,,,,,,,,,,
E056,Pummelo (Citrus maxima),3.0,86.97±1.52,0.68±0.06,0.49±0.03,0.42±0.01,0.80±0.04,0.49±0.03,0.31±0.01,10.64±1.54,210±26,0.06±0.045,0.02±0.011,0.23±0.08,0.05±0.03,0.04±0.011,1.81±0.30,13.44±1.47,48.89±1.52,,0.98±0.11,,,0.46±0.10,0.03±0.02,,,,,,,0.50±0.09,4.88±0.82,,22.5±8.14,5.90±1.56,,10.43±1.83,,,1.55±0.35,337±83.6,,0.33±0.10,,14.03±4.73,0.001±0.000,,0.03±0.01,0.06±0.01,0.006±0.003,,6.83±1.69,0.01±0.00,0.03±0.01,0.001±0.000,,13.99±1.75,189±15.4,,1.06±0.49,0.06±0.01,4.85±0.05,0.46±0.02,2.09±0.02,1.44±0.03,0.86±0.04,,4.38±0.07,,,,,88.03±0.05,19.32±0.32,,3.66±0.20,4.27±0.30,,8.70±0.34,32.30±0.31,,,,134±0.6,,53.21±0.30,,115±0.2,41.00±0.09,187±0.3,,,,,,,,,,,,,,,1.76±0.15,2.81±0.19,4.69±0.20,3.78±0.21,0.87±0.05,0.81±0.14,2.45±0.35,3.19±0.22,0.48±0.03,4.23±0.14,7.62±0.38,5.19±0.54,27.70±1.20,12.35±0.25,2.74±0.17,9.41±0.30,4.78±0.11,1.83±0.08,16.25±5.51,8.78±3.02,7.47±2.62,,2013±0.0,0.84±0.00,74.78±0.00,,,,,,,,,,,,,15.68±0.00,,0.82±0.00,,,,,,,,,,,,8.26±0.00,2.54±0.00,,,,,,,,,,,,,25.35±0.00,,,,,34.39±2.85,0.92±0.09,23.70±3.22,20.36±0.51,88.76±4.50,,,,,,,,,,,,,,,,,,,,,,
E057,"Raisins, dried, black (Vitis vinifera)",6.0,19.69±0.59,2.57±0.20,2.19±0.14,0.34±0.02,3.92±0.23,2.55±0.30,1.37±0.17,71.29±0.48,1279±12,0.09±0.013,0.04±0.017,0.48±0.04,0.21±0.05,0.17±0.020,0.73±0.11,38.30±4.98,2.05±0.14,,1.76±0.17,,,0.01±0.01,,,,0.02±0.01,,,,0.02±0.01,1.63±0.32,,9.13±1.70,2.18±0.95,,,,,3.71±1.08,207±44.7,3.06±0.49,,,73.24±5.48,0.024±0.009,0.003±0.001,0.47±0.12,6.81±0.91,0.005±0.001,0.054±0.043,33.76±6.09,0.52±0.09,,0.016±0.020,0.025±0.004,77.62±8.95,1105±145,1.86±0.98,10.99±1.77,0.22±0.07,62.80±2.05,1.29±0.03,23.12±1.79,16.22±0.66,22.17±0.93,,61.51±2.02,,,,,46.97±2.24,15.49±0.72,,,,,,46.53±3.32,,,,147±10.0,,11.91±1.51,,62.47±2.78,46.53±3.32,159±10.7,,,,,,,,,,,,,,,2.17±0.32,1.97±0.25,4.80±0.71,2.90±0.60,0.97±0.13,0.61±0.12,2.44±0.24,2.91±0.32,0.97±0.07,2.87±0.06,6.28±0.60,13.13±2.04,7.35±1.24,10.49±0.33,3.29±0.87,8.53±0.43,4.32±0.37,2.20±0.71,10.71±1.36,5.24±0.75,5.47±1.00,5.89±1.11,24.92±1.60,1.13±0.20,61.00±9.45,63.62±8.66,5.89±1.11,,,,,,,,,0.55±0.04,0.71±0.06,7.10±1.09,,,,,,,,,6.20±0.76,,,,,,1.29±0.10,,0.05±0.01,0.06±0.01,2.34±0.07,,,1.44±0.33,,,,,,286±2.8,,,,,1.89±0.04,1.05±0.05,41.10±0.10,20.34±1.86,2.60±0.13,,,,,,,,,,,,,,,,,,,,,,
E058,"Raisins, dried, golden (Vitis vinifera)",6.0,21.50±0.51,2.76±0.26,2.04±0.17,0.35±0.03,4.56±0.50,3.04±0.55,1.53±0.26,68.79±1.00,1241±16,0.09±0.012,0.04±0.006,0.64±0.05,0.18±0.06,0.17±0.03,0.75±0.14,34.68±4.36,1.85±0.27,,11.87±1.10,,,0.01±0.00,,,,0.03±0.00,,,,0.02±0.00,1.71±0.20,,28.3±4.93,3.53±1.13,,,,,2.53±0.63,272±38.6,3.53±0.36,,,51.83±5.26,0.009±0.002,0.003±0.001,0.39±0.04,4.26±0.60,0.008±0.003,0.009±0.009,28.32±6.15,0.41±0.06,,0.011±0.015,0.018±0.007,93.30±7.18,913±59.9,1.72±0.45,10.16±0.04,0.25±0.05,58.17±2.00,1.05±0.03,26.54±0.56,15.58±2.03,15.00±0.23,,57.12±2.02,,,,,95.25±7.47,25.94±2.83,,,,,,32.64±1.74,,,,93.96±5.67,,30.87±2.60,,121±9.7,32.64±1.74,125±8.2,,,,,,,,,,,,,,,2.92±0.43,1.88±0.19,4.26±0.32,3.04±0.40,0.74±0.11,0.78±0.16,2.51±0.50,3.39±0.77,0.70±0.33,2.84±0.55,6.64±0.98,14.04±0.69,6.30±0.39,11.02±0.23,3.75±0.26,9.38±0.47,5.15±0.93,1.56±0.35,10.90±4.02,5.32±0.72,5.86±3.60,5.43±1.52,17.47±4.66,0.23±0.06,33.86±3.60,338±8.7,5.43±1.52,,,,,,,,,1.66±0.13,0.48±0.13,20.98±2.24,,,,,,,,,5.69±0.97,,,,,,1.43±0.21,,0.03±0.01,0.05±0.01,1.46±0.17,,,4.10±0.55,,,,,,170±5.1,,,,,1.76±0.11,0.93±0.04,38.46±0.69,20.12±1.58,2.74±0.20,,,,,,,,,,,,,,,,,,,,,,
E059,Rambutan (Nephelium lappaceum),1.0,80.87,0.68,0.43,0.16,1.02,0.71,0.30,16.84,306,0.11,0.01,0.26,0.14,0.04,0.64,7.35,65.00,,2.40,,,0.08,,,,,,,,0.08,19.70,,16.8,2.5,,,,,2.9,175,,,,8.67,0.003,,0.08,0.37,,,21.38,0.37,,,,6.98,131,,1.75,0.53,15.8,,8.78,6,1.02,,15.8,,,,,120,24.12,,,,,14.25,145,,,,160,,202,,144,160,362,,,,,,,,,,,,,,,3.38,1.9,4.66,3.54,1.12,0.76,2.41,4.01,1.25,4.77,5.87,6.75,12.73,28.08,6.62,4.66,2.69,2.7,1.89,1.24,0.65,,12.65,1.77,,,,,0.06,,,0.12,,,,1.21,1.32,0.56,,,,,,,,,0.12,,,,,,0.16,,0.21,0.06,,,,1.21,,,,,,11.21,,,,,,,,5.65,,,,,,,,,,,,,,,,,,,,,,,
E060,Sapota (Achras sapota),6.0,73.64±1.01,0.92±0.07,0.68±0.05,1.26±0.02,9.60±0.57,8.46±0.58,1.14±0.04,13.90±1.13,307±18,0.01±0.001,0.03±0.005,0.24±0.02,0.24±0.02,0.12±0.019,1.48±0.31,10.83±1.91,20.96±4.62,,0.65±0.03,,,0.25±0.02,,,,,,,,0.25±0.02,4.30±0.26,,22.6±7.22,2.09±0.64,,,,,80.70±5.96,229±17.3,,,,17.87±3.38,0.010±0.003,,0.07±0.03,0.49±0.33,,,16.19±2.51,0.08±0.01,,0.001±0.000,0.029±0.006,22.26±1.34,280±8.6,0.39±0.19,4.61±0.08,0.18±0.01,12.30±0.05,,8.60±0.03,2.85±0.06,0.85±0.03,,12.30±0.05,,,,,343±5.4,45.33±3.97,,,,,35.05±4.86,220±9.8,,,,233±6.8,,125±4.4,,389±6.0,255±6.4,358±10.6,,,,,,,,,,,,,,,3.61±0.37,3.52±0.25,6.10±0.43,4.93±0.59,0.82±0.24,0.51±0.15,3.95±0.54,4.68±0.48,0.75±0.09,5.03±0.64,5.92±0.62,6.70±0.44,10.90±0.95,10.63±1.16,5.20±0.61,3.80±0.22,5.60±0.48,3.35±0.47,8.97±2.09,6.68±2.67,2.28±0.75,440±3.7,355±4.2,3.26±1.10,17.94±1.68,44.00±0.88,440±3.7,,,,,1.51±0.48,,,,,0.61±0.07,,,,,,,,,,,,,,,,,,,,,,,1.40±0.10,,,,,,17.27±0.97,,,,,1.48±0.10,1.48±0.13,72.80±1.95,8.32±0.67,,,,,,,,,,,,,,,,,,,,,,,
E061,Soursop (Annona muricata),1.0,80.85,0.74,0.58,0.94,4.95,3.79,1.16,11.94,260,0.03,0.04,0.85,0.12,0.03,0.23,6.09,59.54,,3.24,,,0.06,,,,,,,,0.06,2.60,,29.8,5.3,,,,,2.2,78,,,,10.05,0.001,,0.14,0.29,0.013,0.821,17.7,0.07,,,,25.83,264,,6.78,0.12,9.95,0.12,7.99,1.66,0.18,,9.83,,,,,89,28.84,4.98,4.01,7.98,,4.56,33.98,,,,77.98,,54.02,,135,38.54,132,,,,,,,,,,,,,,,2.93,4.45,6.62,4.67,1.02,0.57,4.99,4.56,0.84,5.91,4.3,3.63,15.84,19.99,5.07,5.69,5.17,3.31,1.07,0.31,0.76,,12.33,,,,,2.25,,,,0.55,,,,,0.12,,,,,,0.16,,,,0.66,,,,,,,,,,,1.01,0.16,0.21,,,,,,16.54,,,,,4.71,1.12,10.88,2.75,,,,,,,,,,,,,,,,,,,,,,,
E062,Star fruit (Averrhoa carambola),1.0,91.18,0.79,0.33,0.39,2.81,2.17,0.64,4.51,110,0.08,0.02,0.34,0.26,0.06,0.13,8.43,33.55,,0.96,,,0.40,,,,,,,,0.40,2.00,,26.8,2.6,,,,,1.4,152,0.43,0.05,0.852,4.97,0.023,0.002,0.07,0.45,0.01,0.176,11.53,0.06,0.04,0.01,0.028,11.67,159,0.56,1.56,0.24,3.95,,2.22,1.73,,,3.95,,,,,10.23,10.54,,,,,3.5,30.12,,,,151,,39.9,,20.77,33.62,191,,,,,,,,,,,,,,,2.6,2.8,5.67,5.3,0.91,0.74,4.07,3.89,0.87,4.21,6.1,5.37,17.4,18.55,4.45,3.35,4.67,3.89,1.23,0.97,0.26,0.15,886,1.23,,,0.15,,,,,0.49,,,,,,,,,,,,0.32,0.16,,,,,,,0.63,,,,,,1.21,,0.99,,,,,,21.69,,,,,0.96,0.41,41.65,3.8,,,,,,,,,,,,,,,,,,,,,,,
E063,Strawberry (Fragaria ananassa),6.0,92.03±0.64,0.97±0.10,0.54±0.02,0.56±0.02,2.50±0.03,1.51±0.08,0.99±0.08,3.40±0.64,103±11,0.06±0.063,0.01±0.003,0.48±0.11,0.18±0.06,0.09±0.026,0.07±0.04,8.91±3.84,50.20±4.97,,3.95±0.18,,,0.26±0.05,,,,,,,,0.26±0.05,19.81±1.60,,19.3±4.86,1.45±0.22,,,,,2.19±0.17,218±71.1,,,,15.28±3.37,0.001±0.000,,0.07±0.01,0.36±0.03,,,15.53±1.31,0.43±0.02,,,,26.31±2.09,140±5.7,0.30±0.11,1.19±0.67,0.14±0.02,3.66±0.11,0.10±0.01,1.90±0.05,1.60±0.14,0.07±0.03,,3.56±0.11,,,,,50.68±4.43,10.62±0.38,3.81±0.56,1.11±0.11,,,,77.87±0.85,,,,179±0.9,,112±6.1,,66.21±4.91,77.87±0.85,291±6.2,,,,,,,,,,,,,,,2.56±0.31,3.61±0.53,5.61±0.44,3.14±0.29,0.86±0.09,0.67±0.11,2.50±0.28,4.32±0.24,0.93±0.17,4.51±0.38,4.98±0.30,4.51±0.30,19.70±1.69,15.88±0.98,5.63±0.39,3.41±0.18,4.10±0.28,2.88±0.29,2.04±0.44,1.50±0.37,0.52±0.32,,0.11±0.11,0.19±0.07,2.55±1.35,,0.82±0.14,,,,,,,0.22±0.03,,0.20±0.08,,,,,,,,,,,,,,,0.36±0.03,,,,,,,0.05±0.02,,6.42±0.15,,0.03±0.01,,,,135±17.1,,,,,1.71±0.10,0.33±0.02,9.00±0.96,25.07±3.24,,,,,,,,,,,,,,,,,,,,,,,
E064,"Tamarind, pulp (Tamarindus indicus)",6.0,20.83±0.57,2.92±0.22,3.44±0.31,0.15±0.02,5.31±0.27,3.73±0.24,1.58±0.09,67.35±0.45,1207±7,0.34±0.039,0.07±0.004,1.56±0.16,0.17±0.02,0.08±0.013,0.66±0.04,9.79±0.80,3.62±0.85,,25.65±1.86,,,0.10±0.01,,,,,,,,0.10±0.01,1.67±0.33,,28.4±2.99,11.61±5.64,,,,,1.54±0.42,188±21.3,4.03±0.81,,0.001±0.001,149±13.9,0.066±0.007,0.002±0.001,0.50±0.09,9.16±1.71,0.014±0.003,0.007±0.005,82.73±8.55,0.52±0.14,,0.070±0.060,0.032±0.020,113±18.1,836±8.1,2.05±0.48,24.92±2.45,0.58±0.05,52.88±2.38,,12.31±1.27,14.53±0.83,26.04±1.08,,52.88±2.38,,,,,20.58±0.51,3.14±0.38,1.02±0.05,1.05±0.05,1.46±0.25,,,34.89±0.45,,,,4.99±0.72,,12.86±0.91,,27.26±0.67,34.89±0.45,17.85±0.38,,,,,,,,,,,,,,,2.58±0.50,3.28±0.75,5.58±0.54,5.18±0.61,0.84±0.15,0.71±0.15,5.46±0.73,3.26±0.51,0.85±0.15,4.02±0.72,4.34±0.41,3.15±0.42,12.28±0.72,15.19±0.82,4.01±0.43,5.04±0.48,3.51±0.39,3.43±0.49,48.91±16.19,21.42±1.80,27.50±16.79,,0.06±0.02,0.18±0.03,2.81±1.16,,0.80±0.26,12.25±2.11,,,,,,,,,,,,3.13±0.45,,,2.59±0.77,,,,,,,,,,,,,,7.88±0.97,,,4.00±0.68,,,,,,183±3.2,,,,,4.30±0.20,0.54±0.02,43.29±1.46,3.07±0.32,,,,,,,,,,,,,,,,,,,,,,,
E065,"Water melon, dark green (sugar baby) (Citrullus vulgaris)",6.0,94.54±0.63,0.60±0.06,0.13±0.02,0.16±0.01,0.70±0.14,0.35±0.11,0.34±0.05,3.86±0.59,85±10,0.02±0.004,0.02±0.003,0.28±0.03,0.19±0.01,0.10±0.019,0.59±0.06,5.88±0.55,13.26±2.66,,0.56±0.03,,,0.04±0.00,,,,,,,,0.04±0.00,2.10±1.22,,914±211,25.95±11.73,1477±347,,,,605±121,4176±537,,,,5.29±1.09,0.002±0.001,0.001±0.001,0.04±0.01,0.22±0.14,0.001±0.001,,9.91±0.73,0.04±0.02,,,0.010±0.008,11.33±2.50,124±7.5,,1.89±0.33,0.10±0.02,3.66±0.27,,1.91±0.15,0.31±0.03,1.44±0.02,,3.66±0.27,,,,,32.40±2.17,7.31±0.63,,,,,,24.84±1.71,,,,51.90±3.73,,15.55±0.97,,39.70±2.75,24.84±1.71,67.46±4.22,,,,,,,,,,,,,,,2.34±0.16,3.34±0.18,2.87±0.19,3.36±0.23,0.78±0.08,0.77±0.05,2.58±0.28,4.60±0.38,1.15±0.24,3.54±0.21,3.86±0.15,7.87±0.29,16.26±1.09,13.85±0.41,1.74±0.26,3.70±0.15,2.51±0.19,1.89±0.20,0.72±0.40,0.47±0.35,0.25±0.18,0.92±0.04,47.35±2.04,14.58±0.90,7.27±0.46,,,,0.34±0.10,,,,,,,1.77±0.13,0.38±0.10,0.58±0.14,,,,0.53±0.14,0.58±0.08,0.27±0.02,,,,,,,,,,,,,,,,,,,,,,5.89±0.40,,,,,,,,0.61±0.09,,,,,,,,,,,,,,,,,,,,,,,
E066,"Water melon, pale green (Citrullus vulgaris)",6.0,95.33±0.22,0.59±0.03,0.12±0.01,0.16±0.01,0.78±0.11,0.40±0.07,0.38±0.08,3.02±0.21,70±4,0.02±0.003,0.02±0.002,0.30±0.04,0.19±0.00,0.07±0.025,0.57±0.06,5.55±1.61,11.45±2.09,,0.56±0.03,,,0.05±0.01,,,,,,,,0.05±0.01,2.80±0.87,,981±124,23.40±8.65,1257±408,,,,576±119,4300±379,0.01±0.00,,,4.35±0.88,0.003±0.002,0.001±0.000,0.03±0.01,0.16±0.07,0.001±0.000,,7.42±1.71,0.03±0.01,,,0.009±0.008,8.09±1.76,126±5.6,,1.62±0.31,0.07±0.01,3.00±0.25,,2.57±0.39,0.21±0.02,0.22±0.01,,3.00±0.25,,,,,42.94±2.12,7.39±0.99,,,,,,10.96±0.61,,,,54.86±2.89,,10.52±1.13,,50.33±2.79,10.96±0.61,65.38±3.29,,,,,,,,,,,,,,,2.80±0.09,3.49±0.24,3.10±0.16,2.91±0.11,0.94±0.25,0.84±0.08,2.69±0.17,4.31±0.17,1.13±0.14,3.64±0.08,4.04±0.29,8.19±0.27,16.50±0.83,14.70±0.54,2.40±0.27,4.21±0.14,3.47±0.25,1.87±0.14,0.55±0.31,0.31±0.19,0.24±0.13,0.86±0.07,52.65±3.06,15.18±1.06,7.55±1.04,,,,0.34±0.11,,,,,,,1.53±0.14,0.33±0.07,0.51±0.12,,,,0.57±0.22,0.70±0.20,0.28±0.03,,,,,,,,,,,,,,,,,,,,,,5.78±0.33,,,,,,,,0.47±0.06,,,,,,,,,,,,,,,,,,,,,,,
E067,Wood Apple (Limonia acidissima),3.0,79.36±0.17,3.14±0.30,1.15±0.05,3.62±0.03,5.21±0.38,3.77±0.08,1.44±0.40,7.52±0.58,327±3,0.04±0.009,0.01±0.001,0.55±0.05,0.22±0.02,0.17±0.021,1.65±0.14,6.51±0.44,22.17±7.49,,28.71±2.87,,,0.01±0.00,0.15±0.01,,,,,,,0.07±0.01,6.80±0.58,,11.0±1.56,2.57±0.83,,,,,3.81±1.28,77.06±7.46,0.09±0.03,,,55.71±7.46,0.004±0.002,0.001±0.000,0.20±0.04,0.45±0.06,0.004±0.001,,23.70±1.68,0.20±0.02,,,0.025±0.006,84.32±4.00,347±28.5,2.32±0.21,1.48±0.36,0.31±0.03,6.60±0.04,2.79±0.02,1.38±0.02,1.41±0.02,1.02±0.02,,3.81±0.02,,,,,657±19,162±14.0,28.01±4.59,16.23±2.07,12.98±0.13,,35.39±5.97,559±19.0,,,,799±19.0,,636±46.2,,877±4.3,595±24.7,1435±27.7,,,,,,,,,,,,,,,1.20±0.21,3.93±0.09,3.17±0.10,2.58±0.05,0.85±0.13,0.41±0.11,2.98±2.82,2.01±0.30,0.85±0.05,3.72±0.29,5.51±0.81,7.54±1.48,31.42±4.82,15.65±3.76,2.92±0.77,4.20±1.18,4.26±0.53,2.51±0.21,55.80±8.41,7.91±0.35,47.88±8.06,0.26±0.03,257±6.4,0.65±0.11,13.83±1.00,4.86±1.00,18.49±0.93,2.90±0.47,,,,,,,,0.02±0.01,1.11±0.14,14.71±4.19,0.32±0.04,,,,,,,,,,,,,,,,,,,,,,,,,,,411±5.4,0.01±0.000,0.01±0.000,,,3.86±0.10,4.63±0.02,20.55±0.40,101±7.7,0.28±0.01,,,,,,,,,,,,,,,,,,,,,,
E068,Zizyphus (Zizyphus jujube),1.0,84.39,1.34,0.80,0.35,3.73,2.71,1.02,9.40,204,0.01,0.02,0.33,0.14,0.11,2.22,5.99,60.93,,16.70,,,0.02,,,,,,,,0.02,2.50,,10.7,1.6,,,,,1.5,76.8,0.11,,,46.55,0.006,,0.12,0.4,,0.001,16.72,0.24,,,0.008,32.38,237,1.42,1.52,0.1,8.29,,4.3,2.98,1.01,,8.29,,,1.92,5.34,85.73,17.22,3.14,1.95,3.65,,13.76,110,2.33,,,27.18,,8.07,,119,126,35.25,,,,,,,,,,,,,,,1.84,4.09,3.59,1.5,1.06,1.54,3.47,2.35,0.88,4.67,4.62,5.51,31.84,17.33,3.14,2.52,3.86,3.46,2.89,1.33,1.56,,19.93,1.37,1.21,141,89.7,129,,,,,,,,0.04,,,0.14,,,,0.11,,1.84,,0.48,,,,,,,,,,0.31,,,2.89,,,,,,131,,,,,0.63,0.39,10.09,85.6,,,,,,,,,,,,,,,,,,,,,,,
F001,Beet root (Beta vulgaris),6.0,86.95±0.50,1.95±0.14,1.46±0.21,0.14±0.01,3.31±0.32,2.60±0.30,0.71±0.06,6.18±0.61,149±9,0.01±0.001,0.01±0.002,0.21±0.01,0.26±0.04,0.07±0.011,2.56±0.19,97.37±7.06,5.26±0.85,,0.18±0.01,,,0.09±0.01,,,,,,,,0.09±0.01,2.98±0.94,,,,,,,,,,,,,,,,,,,,,,,,,,,,,,6.04±0.94,1.69±0.43,1.67±0.02,1.46±0.02,1.21±0.03,,4.35±0.02,,,,,,,,,,,,,,,,,,,,,,,,,,,,,,,,,,,,,,,,,,,,,,,,,,,,,,,,,,,,,,,,,,,,,,,,,,,,,,,,,,,,,,,,,,,,,,,,,,,,,,,,,,,,,,,,,,,,,,,,,,,,,,,,,,,,,
F001 ,,,,,,,,,,,,,,,,,,,,,,,,,,,,,,,,,,,28.6±10.9 ,4.57±2.69 ,,,,,10.14±2.52 ,12.88±1.58,0.33±0.08 ,,,17.28±2.25 ,0.008±0.001 ,0.001±0.000 ,0.12±0.03 ,0.76±0.12 ,,0.003±0.002,33.21±2.70 ,0.57±0.11 ,,0.002±0.001 ,0.008±0.002 ,36.33±4.84 ,306±26.9 ,0.25±0.05 ,69.44±0.83 ,0.30±0.09,,,,,,,,,,,,27.82±2.97 ,1.57±0.14 ,,0.70±0.09 ,1.08±0.16 ,,,21.96±2.57,,,,57.23±5.65 ,,6.98±0.71 ,,31.17±3.30 ,21.96±2.57 ,64.21±6.24,,,,,,,,,,,,,,,2.21±0.36 ,3.90±0.46 ,5.08±0.47 ,4.58±0.48 ,0.88±0.20 ,0.61±0.07 ,2.31±0.43 ,3.60±0.68 ,0.86±0.14 ,5.60±0.58,8.76±0.71 ,3.51±0.25 ,7.52±0.76 ,28.73±0.85 ,3.37±0.44 ,3.35±0.32 ,4.28±0.36 ,2.76±0.56,71.37±13.10 ,30.15±1.79 ,41.21±12.20 ,45.43±3.34 ,134±16.2 ,0.02±0.01 ,0.33±0.18 ,,0.29±0.12,,,,,0.29±0.03 ,,,,0.05±0.02 ,0.14±0.02,0.38±0.08 ,,,,,0.34±0.08 ,,0.15±0.05,,,,,,,,,,,,,,,,,,,,,57.56±1.74,0.01±0.005 ,,,,0.44±0.02 ,3.34±0.09 ,12.15±0.91 ,10.82±0.41,,,,,,,,,,,,,,,,,,,,,,,
F002,"Carrot, orange (Dacus carota)",6.0,87.69±0.56,0.95±0.15,1.16±0.09,0.47±0.02,4.18±0.30,2.81±0.18,1.37±0.21,5.55±0.48,139±9,0.04±0.003,0.03±0.003,0.22±0.02,0.30±0.03,0.11±0.016,1.50±0.23,24.04±2.07,6.22±1.99,,1.36±0.13,,,0.19±0.01,,0.18±0.01,,0.03±0.00,,,,0.21±0.01,18.35±0.19,,257±63.1,13.93±4.31,157±44.9,,,2654±524,5423±450,9377±1093,0.36±0.14,,,35.09±5.89,0.004±0.001,,0.08±0.01,0.60±0.24,,0.001±0.001,16.73±3.20,0.23±0.07,,0.002±0.002,0.010±0.004,43.06±6.46,273±28.2,0.22±0.06,52.33±0.62,0.25±0.03,4.48±0.65,1.24±0.27,0.11±0.02,1.15±0.03,1.98±0.02,,3.23±0.03,,,,,72.82±2.63,6.87±0.57,3.03±0.42,2.91±0.40,2.08±0.44,,,21.01±1.26,,,,241±10.5,,24.38±1.90,,87.71±3.56,21.01±1.26,266±12.0,,,,,,,,,,,,,,,1.38±0.21,3.56±0.57,4.84±0.52,3.36±0.23,0.78±0.11,0.90±0.14,2.84±0.64,3.98±0.62,1.01±0.08,4.58±1.24,10.44±1.52,3.30±0.91,14.35±1.39,26.56±3.69,3.64±0.66,3.74±0.72,3.72±0.53,1.71±0.78,17.45±6.32,12.63±5.24,4.82±4.30,37.50±1.80,222±11.2,5.62±0.33,4.83±1.42,,5.58±1.00,,,,,,,,,,0.73±0.12,2.66±0.41,5.35±0.58,,,,2.66±0.25,1.49±0.22,0.54±0.09,,,,,,,,,,,,,,,,,,,,,49.44±2.56,0.01±0.005,,,,1.63±0.15,2.47±0.12,17.22±0.78,19.60±0.28,,,,,,,,,,,,,,,,,,,,,,,
F003,"Carrot, red (Dacus carota)",4.0,86.07±1.34,1.04±0.09,1.22±0.10,0.47±0.04,4.49±0.19,3.09±0.26,1.40±0.21,6.71±1.11,160±19,0.04±0.017,0.03±0.016,0.25±0.05,0.27±0.04,0.07±0.012,1.30±0.14,23.67±3.25,6.76±1.56,,1.39±0.09,,,0.19±0.03,,0.20±0.03,,0.03±0.01,,,,0.22±0.03,18.75±0.81,,224±45.1,15.49±4.61,871±95.9,,,1128±179,2706±298,7570±412,0.54±0.13,,,41.06±8.47,0.004±0.001,,0.10±0.03,0.71±0.37,,0.004±0.003,18.83±7.02,0.20±0.05,,0.008±0.002,0.011±0.006,25.81±11.63,267±15.7,0.29±0.14,60.69±7.21,0.34±0.09,5.35±0.03,1.39±0.05,1.08±0.02,1.13±0.02,1.75±0.02,,3.96±0.03,,,,,70.77±1.63,8.40±0.40,3.94±0.11,3.41±0.31,2.67±0.20,,,18.27±0.53,,,,246±0.3,,24.10±0.25,,88.91±1.03,18.27±0.53,270±0.3,,,,,,,,,,,,,,,1.34±0.05,3.04±0.36,4.14±0.38,2.53±0.21,0.90±0.03,0.77±0.05,2.21±0.47,3.00±0.43,1.13±0.17,4.47±0.38,10.23±2.20,2.47±0.13,15.01±0.32,28.68±0.42,3.07±0.47,5.50±2.64,3.97±0.68,1.74±0.03,16.41±7.00,15.43±7.09,0.98±0.09,39.15±2.74,105±0.8,,5.01±1.22,,5.13±0.01,,,,,,,,,,0.89±0.11,4.57±0.45,5.89±0.03,,,,3.64±0.69,1.67±0.05,0.63±0.00,,,,,,,,,,,,,,,,,,,,,50.69±0.37,0.01±0.006,,,,1.80±0.14,2.37±0.03,17.90±0.45,17.03±0.16,,,,,,,,,,,,,,,,,,,,,,,
F004,Colocasia (Colocasia antiquorum),6.0,73.49±0.32,3.31±0.59,1.95±0.27,0.17±0.03,3.22±0.34,2.54±0.30,0.68±0.05,17.85±0.94,372±9,0.06±0.007,0.03±0.002,0.51±0.09,0.12±0.02,0.17±0.038,3.69±0.22,19.91±2.90,1.83±0.64,,0.27±0.01,,,0.32±0.02,,0.08±0.01,0.12±0.01,,,,,0.33±0.02,3.15±0.90,,5.87±1.78,2.07±0.69,,,,,6.50±1.16,21.72±2.75,0.82±0.22,,,30.18±3.86,0.009±0.003,0.003±0.002,0.30±0.03,0.66±0.09,,0.003±0.001,36.93±4.86,0.47±0.29,,0.027±0.021,0.035±0.019,81.16±11.90,514±2.8,0.30±0.05,4.54±1.06,0.41±0.09,14.78±0.71,13.88±0.74,0.54±0.03,0.25±0.03,0.12±0.02,,0.90±0.05,,,,,38.35±2.80,3.49±0.43,,,,,,22.92±1.60,,,,69.01±5.43,,8.40±0.39,,41.84±2.89,22.92±1.60,77.41±5.53,,,,,,,,,,,,,,,2.03±0.19,3.06±0.28,6.36±0.48,3.93±0.17,0.77±0.17,1.39±0.23,5.22±0.35,3.40±0.41,1.16±0.38,5.37±0.69,4.74±0.61,7.60±0.91,12.77±1.06,14.22±0.85,4.57±0.51,4.03±0.94,4.17±0.39,3.89±0.26,48.73±0.41,26.60±9.45,22.13±9.27,0.44±0.12,12.17±1.04,7.03±0.87,3.69±1.05,42.18±1.61,,,,,,,0.52±0.21,,,1.61±0.25,2.63±0.34,2.01±0.61,1.55±0.15,,,,,,,,,,,,,,,,,,,,,,,,,,,59.20±1.25,,,,,3.55±0.20,2.30±0.10,28.45±1.08,13.57±1.07,,,,,,,,,,,,,,,,,,,,,,,
F005,Lotus root (Nelumbium nelumbo),3.0,76.26±0.87,1.94±0.32,1.50±0.10,0.93±0.06,4.70±0.04,2.86±0.01,1.84±0.05,14.67±0.45,332±14,0.07±0.008,0.05±0.023,0.43±0.05,0.20±0.02,0.19±0.017,2.85±0.32,26.49±6.85,26.63±7.02,,0.27±0.06,,,0.73±0.11,,,,,,,,0.73±0.11,44.45±4.37,,13.0±1.58,,,,,,,156±19.5,5.91±1.59,3.89±2.13,,37.71±2.79,0.028±0.009,0.004±0.001,0.22±0.02,3.34±1.31,0.001±0.001,0.006±0.004,26.58±1.74,1.40±0.81,,0.002±0.000,0.023±0.008,74.30±7.54,611±105,4.61±4.35,20.63±1.33,0.35±0.11,13.46±0.78,13.22±0.82,0.07±0.02,0.11±0.02,0.07±0.02,,0.24±0.04,,,,,215±16.5,33.32±6.83,,,,,,84.12±3.38,,,,291±23.3,,123±8.9,,249±20.3,84.12±3.38,414±31.1,,,,,,,,,,,,,,,1.71±0.13,3.38±0.49,5.47±0.74,3.43±0.49,0.82±0.02,1.03±0.10,4.32±1.18,3.95±0.37,1.02±0.05,4.57±0.29,5.11±1.11,5.57±0.58,26.00±5.38,14.81±2.20,3.91±0.43,3.16±0.96,4.33±0.23,2.70±0.11,364±33.9,26.03±2.84,116±186,0.85±0.03,55.38±1.77,1.48±0.33,84.39±1.25,,4.89±0.77,85.92±3.20,,,,,,,,0.03±0.01,0.37±0.01,0.37±0.04,,,,,,,,,,,,,,,,,,,,,,,,,,,,,,,,,1.17±0.02,1.06±0.02,14.75±0.14,7.84±0.08,0.55±0.06,,,,,,,,,,,,,,,,,,,,,,
F006,"Potato, brown skin, big (Solanum tuberosum)",6.0,80.72±0.40,1.54±0.17,0.92±0.08,0.23±0.02,1.71±0.03,1.13±0.02,0.58±0.04,14.89±0.40,292±7,0.06±0.004,0.01±0.001,1.04±0.14,0.38±0.06,0.10±0.008,1.35±0.17,15.51±1.66,23.15±3.98,,0.19±0.02,,,0.06±0.01,,,,,,,,0.06±0.01,2.12±0.31,,8.07±0.98,122±4.9,,,,,,208±19.3,0.13±0.05,,0.001±0.001,9.52±1.09,0.002±0.001,0.005±0.002,0.09±0.02,0.57±0.20,,0.001±0.001,24.07±7.55,0.14±0.04,0.29±0.03,0.002±0.001,0.006±0.001,43.42±8.44,541±5.3,0.75±0.61,4.11±0.06,0.28±0.03,11.79±0.76,11.47±0.71,0.24±0.02,0.05±0.02,0.04±0.02,,0.32±0.02,,,,,36.34±1.32,7.21±0.68,,,,,9.75±1.66,4.06±0.33,,,,97.45±6.16,,31.84±2.68,,43.56±1.88,13.82±1.65,129±8.2,,,,,,,,,,,,,,,1.56±0.49,3.34±0.82,6.44±0.63,5.51±0.41,1.00±0.24,0.83±0.20,5.61±1.70,3.50±0.52,1.03±0.13,4.29±1.33,5.81±1.42,3.58±0.72,21.07±0.46,18.54±0.61,3.31±0.07,3.60±0.49,4.39±0.84,3.23±0.54,12.24±2.48,9.71±0.27,2.64±0.16,10.97±1.46,55.38±1.77,1.48±0.33,84.10±6.07,,4.89±0.77,,,,,,,,,,2.40±0.38,2.98±0.32,,2.99±0.29,,,,0.11±0.02,0.15±0.02,6.87±0.71,,,,2.66±0.43,,,,,,,,,,,,,,,,24.61±1.89,,,,,0.02±0.00,0.16±0.01,2.10±0.08,55.77±9.06,,,,,,,,,,,,,,,,,,,,,,,
F007,"Potato, brown skin, small (Solanum tuberosum)",1.0,82.97,1.35,0.87,0.22,1.69,1.15,0.54,12.90,255,0.05,0.01,1.36,0.49,0.12,1.82,13.85,26.41,,0.22,,,0.07,,,,,,,,0.07,1.80,,7.86,125,,,,,,224,0.15,,,8.53,0.007,0.003,0.14,0.53,,,22.34,0.16,,0.003,0.013,37.9,474,0.28,3.97,0.38,10.73,10.29,0.26,0.08,0.1,,0.44,,,,,36.29,7.74,,,,,4.57,7.37,,,,54.34,,73.68,,44.03,11.94,128,,,,,,,,,,,,,,,1.37,3.77,7.36,5.78,1.17,0.74,4.11,4.08,1.19,4.23,5.63,3.55,9.76,19.04,3,3.19,4.17,2.94,13.63,10.71,2.92,15.63,56.81,1.82,94.52,,7.11,,,,,,,,,,4.12,3.74,,2.97,,,,0.12,0.22,6.47,,,,2.84,,,,,,,,,,,,,,,,27.36,,,,,0.03,0.16,2.19,62.58,,,,,,,,,,,,,,,,,,,,,,,
F008,"Potato, red skin (Solanum tuberosum)",1.0,79.72,1.83,1.13,0.22,1.68,1.11,0.57,15.43,306,0.06,0.01,1.13,0.39,0.10,1.68,17.83,25.04,,0.20,,,0.06,,,,,,,,0.06,2.30,,8.12,123,,,,,,226,0.16,,0.002,8.62,0.006,0.001,0.15,0.66,,,25.54,0.14,,,0.012,30.39,501,0.32,4.36,0.34,13.46,13.08,0.22,0.1,0.05,,0.38,,,,,32.95,6.92,,,,,12.38,2.53,,,,92.44,,28.78,,39.87,14.91,121,,,,,,,,,,,,,,,1.25,3.19,5.64,5.46,0.96,0.79,4.59,4.06,1.2,3.26,7.52,3.64,6.81,20.4,2.8,3.36,4.54,3.92,12.37,10.21,2.16,14.52,57.82,1.52,93.8,,6.81,,,,,,,,,,4.18,2.63,,2.18,,,,0.15,0.12,6.01,,,,2.84,,,,,,,,,,,,,,,,20.35,,,,,0.03,0.15,2.07,59.74,,,,,,,,,,,,,,,,,,,,,,,
F009,"Radish, elongate, red skin (Raphanus sativus)",3.0,89.32±0.29,0.67±0.03,0.73±0.02,0.13±0.02,2.46±0.16,1.96±0.03,0.49±0.15,6.71±0.12,134±3,0.03±0.007,0.02±0.004,0.31±0.02,0.13±0.01,0.07±0.002,2.65±0.07,24.65±5.84,17.63±3.89,,0.04±0.02,,,0.01±0.01,,,,,,,,0.01±0.01,2.10±0.12,,8.68±1.90,2.38±0.93,,,,,1.62±0.37,17.61±5.77,0.26±0.23,,,28.44±1.88,0.004±0.003,0.001±0.000,0.03±0.00,0.37±0.11,,,13.34±1.14,0.09±0.01,,0.011±0.007,0.005±0.002,27.51±6.96,255±6.0,0.13±0.01,24.73±2.82,0.16±0.02,1.56±0.04,0.41±0.02,0.48±0.06,0.27±0.04,0.40±0.04,,1.15±0.03,,,,,33.13±2.78,5.52±0.77,1.31±0.21,1.35±0.07,1.35±0.27,,1.11±0.15,6.17±0.65,,,,23.71±1.6,,33.02±4.55,,42.65±3.07,7.29±0.74,56.73±5.71,,,,,,,,,,,,,,,1.70±0.03,3.49±0.68,5.47±0.36,3.35±0.29,0.76±0.10,0.99±0.12,3.41±0.12,4.20±0.42,0.56±0.07,5.15±0.02,7.36±0.11,4.53±0.01,9.70±0.96,28.02±1.14,4.08±0.05,4.29±0.13,4.33±0.05,1.62±0.30,12.73±2.11,5.37±1.13,7.36±1.01,4.20±1.14,2.94±0.52,1.34±0.27,4.53±1.12,,2.59±0.39,,,,,,0.05±0.01,,,4.27±1.30,2.17±0.85,1.79±0.05,,,,,,0.56±0.03,,,,,,,,,,,,,,,,,,,0.03±0.01,0.14±0.01,,49.75±4.86,,,,,1.57±0.10,0.34±0.01,9.55±0.11,6.90±1.06,,,,,,,,,,,,,,,,,,,,,,,
F010,"Radish, elongate, white skin (Raphanus sativus)",6.0,89.05±0.72,0.77±0.08,0.82±0.10,0.15±0.02,2.65±0.15,1.98±0.16,0.67±0.08,6.56±0.70,135±11,0.02±0.004,0.02±0.003,0.30±0.03,0.15±0.03,0.07±0.008,2.48±0.21,29.75±8.30,19.91±5.69,,0.05±0.02,,,0.01±0.00,,,,,,,,0.01±0.00,2.50±0.19,,5.34±0.84,2.08±0.84,,,,,,10.60±1.22,0.20±0.13,,,30.20±3.58,0.003±0.001,0.001±0.001,0.03±0.01,0.36±0.22,,,16.07±3.27,0.10±0.04,,0.009±0.003,0.005±0.003,30.10±10.91,288±30.9,0.10±0.01,28.20±5.92,0.22±0.09,1.54±0.11,0.59±0.09,0.31±0.05,0.03±0.01,0.62±0.03,,0.95±0.04,,,,,34.72±2.68,5.15±0.83,1.39±0.34,1.25±0.31,1.38±0.18,,1.20±0.18,7.94±0.71,,,,21.64±2.09,,32.00±1.60,,43.88±3.78,9.14±0.86,53.64±3.41,,,,,,,,,,,,,,,1.78±0.15,3.33±0.50,6.14±1.31,3.02±0.19,0.77±0.15,0.85±0.14,3.26±0.12,4.03±0.49,0.52±0.08,5.57±0.81,7.49±1.02,4.15±0.94,9.78±1.30,26.26±6.49,4.51±1.56,4.28±1.11,4.55±1.16,1.73±0.32,12.72±3.34,8.06±3.60,4.66±2.09,4.35±1.07,3.65±0.68,1.35±0.17,4.90±1.31,,1.84±0.83,,,,,,0.03±0.01,,,4.39±0.60,2.46±0.33,1.74±0.43,,,,,,0.59±0.07,,,,,,,,,,,,,,,,,,,0.03±0.01,0.12±0.02,,46.74±3.58,,,,,1.61±0.09,0.36±0.02,9.71±0.21,1.75±0.06,,,,,,,,,,,,,,,,,,,,,,,
F011,"Radish, round, red skin (Raphanus sativus)",1.0,89.68,0.89,0.91,0.16,2.29,1.56,0.73,6.07,130,0.03,0.02,0.30,0.18,0.07,2.92,24.59,15.69,,0.05,,,0.01,,,,,,,,0.01,2.60,,7.8,2.5,,,,,1.2,13.07,0.17,,,35.76,0.003,,0.03,0.42,,,22.25,0.08,,0.016,0.003,28.27,308,0.22,32.27,0.18,1.5,0.64,0.38,0.18,0.3,,0.86,,,,,37.24,4.69,0.97,1.26,1.93,,1.25,4.82,,,,21.18,,54.67,,46.08,6.08,75.85,,,,,,,,,,,,,,,1.89,3.55,6.19,2.71,0.64,0.83,3.84,4.05,0.58,5.27,7.12,4.89,10.1,24.98,4.12,4.84,4.01,1.43,12.27,9.12,3.15,3.27,6.12,1.36,6.41,,2.82,,,,,,0.07,,,4.71,1.69,1.68,,,,,,0.61,,,,,,,,,,,,,,,,,,,0.02,0.14,,44.93,0.01,,,,1.54,0.32,9.88,7.07,,,,,,,,,,,,,,,,,,,,,,,
F012,"Radish, round, white skin (Raphanus sativus)",2.0,89.76,0.80,0.80,0.14,2.37,1.63,0.74,6.13,129,0.03,0.02,0.24,0.15,0.07,2.59,22.60,14.00,,0.04,,,0.01,,,,,,,,0.01,1.90,,6.36,1.66,,,,,,23.69,0.08,,,34.23,0.002,0.001,0.04,0.41,,,15.46,0.13,,0.005,0.009,29.47,287,0.13,24.14,0.17,1.46,0.3,0.36,0.3,0.5,,1.16,,,,,34.12,3.97,0.86,0.84,1.36,,1.17,11.47,,,,15.71,,46.49,,41.15,12.64,62.2,,,,,,,,,,,,,,,1.45,3.16,5.5,2.8,0.77,0.94,3.12,3.66,0.6,5.18,7.37,4.16,10.49,27.62,3.83,4.45,4.12,1.78,15.49,8.88,6.61,3.49,2.97,1.61,5.58,,2.07,,,,,,0.06,,,4.26,2.01,1.46,,,,,,0.52,,,,,,,,,,,,,,,,,,,0.04,0.16,,46.39,,,,,1.62,0.33,9.4,1.07,,,,,,,,,,,,,,,,,,,,,,,
F013,"Sweet potato, brown skin (Ipomoes batatas)",4.0,69.21±0.83,1.33±0.12,0.96±0.07,0.26±0.06,3.99±0.05,2.57±0.07,1.43±0.04,24.25±0.77,456±15,0.07±0.085,0.04±0.012,0.67±0.09,0.89±0.10,0.12±0.006,5.19±0.78,15.62±2.13,17.94±1.40,,1.26±0.31,,,0.01±0.01,,,,,,,,0.01±0.01,3.00±0.84,,282±56.1,146±22.7,,,,,5376±816,8653±749,,0.15±0.16,0.001±0.000,27.50±5.24,0.002±0.001,0.002±0.002,0.17±0.02,0.35±0.03,,,17.37±4.75,0.28±0.24,,0.003±0.000,0.013±0.001,42.96±1.95,345±24.3,,29.60±5.32,0.16±0.05,22.45±1.75,18.82±1.74,0.46±0.04,0.71±0.04,2.47±0.05,,3.63±0.05,,,7.39±0.73,,48.29±2.45,10.42±1.43,,,,,,4.10±0.60,,,,96.29±7.72,,19.52±0.67,,66.10±3.26,4.10±0.60,116±8.3,,,,,,,,,,,,,,,1.99±0.36,4.56±0.17,7.66±0.69,4.27±1.80,1.63±0.11,1.31±0.24,6.37±0.92,5.41±0.61,1.90±0.12,5.57±0.59,8.00±1.11,3.48±1.23,22.80±1.34,9.65±0.44,4.90±0.66,3.83±0.07,5.21±0.44,3.26±0.41,14.39±4.70,6.56±1.55,6.27±4.47,,15.66±0.41,1.92±0.64,127±3.2,,652±8.2,6.42±0.76,,,0.37±0.04,,,,,,0.08±0.02,1.75±0.29,0.11±0.02,1.36±0.13,,,0.02±0.01,0.03±0.01,0.01±0.01,,,,,0.03±0.01,,,,,,,,,,,,,,,,6.89±1.65,,,,,2.18±0.03,0.52±0.01,13.75±0.14,54.02±0.63,1.19±0.04,,,,,,,,,,,,,,,,,,,,,,
F014,"Sweet potato, pink skin (Ipomoes batatas)",3.0,69.58±0.22,1.27±0.09,0.95±0.01,0.33±0.06,3.94±0.10,2.53±0.04,1.41±0.07,23.93±0.15,452±4,0.06±0.012,0.04±0.001,0.69±0.12,0.56±0.34,0.09±0.007,5.71±0.28,14.44±2.06,22.20±2.32,,1.64±0.25,,,0.01±0.01,,,,,,,,0.01±0.01,3.50±0.95,,208±54.2,133±11.7,,,,,11.12±1.45,95.93±16.07,,0.09±0.04,,28.93±3.24,0.002±0.001,0.001±0.001,0.15±0.03,0.51±0.16,,,21.05±3.95,0.20±0.03,,0.005±0.000,0.009±0.004,37.60±4.74,329±37.6,,29.04±3.64,0.14±0.03,23.91±1.54,19.88±1.53,0.90±0.03,0.97±0.02,2.16±0.04,,4.03±0.03,,,11.17±0.84,,72.86±4.19,17.06±1.03,,,,,,9.35±1.72,,,,154±7.2,,25.92±2.35,,101±4.4,9.35±1.72,180±6.1,,,,,,,,,,,,,,,1.86±0.30,4.42±0.54,7.23±0.51,4.00±0.81,1.67±0.25,1.12±0.12,5.35±0.50,5.21±0.57,1.46±0.06,5.72±0.40,8.18±2.81,3.19±0.54,14.21±1.92,10.60±1.50,5.46±0.72,3.98±0.77,5.26±0.27,2.69±0.30,14.14±3.58,9.04±2.43,5.10±1.16,,25.69±1.12,0.23±0.01,147±4.8,0.08±0.01,334±8.0,17.95±0.61,,,0.52±0.10,,,,,,0.09±0.01,2.51±0.53,0.14±0.02,1.79±0.57,,,0.05±0.01,0.04±0.02,0.04±0.01,,,,,0.06±0.02,,,,,,,,,,,,,,,,11.74±0.97,,,,,2.31±0.03,0.57±0.01,13.68±0.28,63.69±3.86,1.56±0.10,,,,,,,,,,,,,,,,,,,,,,
F015,Tapioca (Manihot esculenta),3.0,75.23±0.55,1.03±0.10,1.12±0.11,0.20±0.01,4.61±0.12,3.85±0.08,0.76±0.05,17.81±0.57,334±10,0.07±0.003,0.02±0.001,0.45±0.01,0.17±0.05,0.09±0.006,1.93±0.09,25.64±0.47,15.51±3.19,,0.13±0.01,,,0.19±0.02,,,,,,,,0.19±0.02,2.80±0.83,,5.93±1.86,2.38±0.95,,,,,,60.90±8.50,0.26±0.18,,,25.89±6.52,0.005±0.001,0.002±0.001,0.19±0.04,0.81±0.18,0.001±0.001,0.001±0.001,23.08±4.06,0.20±0.06,,,0.015±0.008,42.55±11.04,255±36.3,0.07±0.01,10.86±0.10,0.17±0.05,17.50±0.10,15.36±0.12,0.13±0.03,0.29±0.02,1.72±0.02,,2.14±0.05,,,3.59±0.06,,42.10±2.24,13.82±0.38,,,,,,9.20±0.72,,,,78.47±5.88,,12.83±0.98,,59.50±2.11,9.20±0.72,91.29±6.85,,,,,,,,,,,,,,,2.01±0.54,2.32±0.11,7.51±0.82,2.96±0.67,0.80±0.11,1.44±0.09,5.29±0.75,5.00±0.53,0.70±0.15,4.72±0.46,8.75±1.23,3.77±0.98,13.86±2.02,14.54±1.41,5.65±0.65,3.83±0.65,5.76±0.55,1.92±0.74,16.86±3.83,10.93±1.91,5.93±1.94,1.21±0.07,8.83±0.41,1.87±0.89,8.82±1.50,167±1.9,18.23±1.38,,,,,,,,,0.04±0.02,0.32±0.01,0.32±0.17,,,,,,,,,,,,,,,,,,,,,,,,,,,,11.43±1.22,0.02±0.006,,,,2.13±0.07,0.82±0.05,15.72±0.87,64.42±4.53,,,,,,,,,,,,,,,,,,,,,,,
F016,Water Chestnut (Eleocharis dulcis),1.0,73.34,0.86,0.95,0.37,3.02,2.15,0.87,21.46,400,0.02,0.02,0.74,0.52,0.13,1.08,9.80,5.26,,1.20,,,0.09,,,,,,,,0.09,3.50,,8.12,2.5,,,,,,93.08,0.11,0.6,0.001,37.15,0.014,0.003,0.19,0.77,0.029,0.113,57.43,0.57,0.02,0.007,0.011,62.83,382,2.43,13.08,0.67,17.88,15.93,0.12,0.32,1.51,,1.95,,,0.29,1.82,65,14.52,2.68,1.55,1.56,,0.88,100,2.08,1.52,,97.81,,6.16,,87.42,105,104,,,,,,,,,,,,,,,1.86,3.27,5.85,3.76,0.98,1.23,4.64,3.75,1.06,3.8,6.21,5.43,15.82,14.54,5.21,3.68,5.86,3.62,16.54,8.66,7.88,,4.86,1.05,2.07,15.07,17.22,,,,,,,,,,,,,,,,,,,,,,,,,,,,,,,,,,,,,,,,,,,,0.16,0.43,4.55,25.86,,,,,,,,,,,,,,,,,,,,,,,
F017,"Yam, elephant (Amorphophallus campanulatus)",6.0,74.39±0.31,2.56±0.28,1.29±0.10,0.14±0.02,4.17±0.05,3.25±0.03,0.92±0.03,17.46±0.55,353±5,0.04±0.004,0.05±0.017,0.61±0.10,0.23±0.03,0.22±0.044,4.51±0.37,20.54±2.42,15.22±1.84,,1.30±0.23,,,0.06±0.01,0.69±0.04,,,0.03±0.01,,0.17±0.02,,0.34±0.02,4.80±1.46,,168±14.8,10.43±2.76,,,,32.32±3.56,176±19.3,599±70.0,0.72±0.19,,0.001±0.001,46.91±5.12,0.009±0.003,0.006±0.004,0.17±0.04,1.22±0.11,0.001±0.001,0.001±0.000,33.51±7.66,0.28±0.07,,0.005±0.005,0.011±0.003,43.06±5.98,501±84.3,0.59±0.12,14.33±2.20,0.26±0.04,15.94±0.20,14.36±0.18,0.70±0.02,0.16±0.03,0.72±0.03,,1.58±0.05,,,,,31.01±3.20,4.72±0.52,,,,,,6.75±0.92,,,,57.08±7.02,,16.44±2.18,,35.72±3.38,6.75±0.92,73.52±8.96,,,,,,,,,,,,,,,2.89±0.11,3.36±0.24,6.00±0.56,2.99±0.38,1.55±0.16,1.66±0.10,6.46±0.71,3.81±0.33,1.13±0.04,5.84±0.49,5.37±0.72,9.26±1.01,11.47±0.72,16.63±1.63,4.61±0.27,5.03±0.59,6.48±0.57,3.17±0.43,15.58±3.80,12.39±4.77,3.18±1.93,1.63±0.23,354±5.3,5.92±0.90,122±1.5,15.88±1.71,16.18±4.13,,,,,0.06±0.01,,,,,,,,,,,,0.26±0.06,,,,,,,,,,,,,,,,,,,,,,56.27±5.08,,,,,2.66±0.09,3.36±0.08,13.46±0.15,16.23±0.80,,,,,,,,,,,,,,,,,,,,,,,
F018,"Yam, ordinary (Amorphophallus campanulatus)",4.0,74.28±0.63,2.18±0.26,1.64±0.19,0.17±0.02,4.08±0.07,3.32±0.32,0.76±0.25,17.65±0.57,349±12,0.04±0.003,0.02±0.006,0.56±0.06,0.32±0.04,0.17±0.06,4.19±0.41,15.68±1.61,13.88±3.43,,0.23±0.00,,,0.23±0.01,0.35±0.11,,,0.04±0.00,,0.43±0.03,,0.39±0.04,5.50±1.02,,273±51.3,8.69±3.43,,,,,158±31.8,51.04±7.68,0.46±0.14,,,16.19±2.79,0.006±0.002,0.001±0.000,0.23±0.08,0.77±0.22,,,30.40±3.90,0.14±0.10,,0.002±0.001,0.013±0.003,49.46±8.37,463±74.1,0.57±0.08,15.28±0.07,0.33±0.09,16.09±1.00,14.94±0.35,0.42±0.24,0.11±0.06,0.62±0.48,,1.15±0.75,,,,,39.42±1.05,3.21±0.38,,,,,,13.04±1.03,,,,56.32±3.93,,16.02±0.85,,42.63±1.24,13.04±1.03,72.34±4.73,,,,,,,,,,,,,,,2.86±0.65,3.82±0.72,6.71±0.18,4.27±0.28,1.42±0.21,1.65±0.16,4.54±1.15,3.54±0.28,0.96±0.14,4.62±0.90,5.82±1.28,7.78±1.35,11.40±1.41,14.97±1.28,4.52±0.84,4.47±0.77,5.48±1.22,3.09±0.56,13.99±4.21,11.21±4.28,2.78±0.26,4.55±1.51,556±2.7,1.62±0.50,50.48±5.36,13.37±4.92,18.56±0.71,,,,,0.13±0.01,,,,,,,,,,,,0.48±0.02,,,,,,,,,,,,,,,,,,,,,,46.30±1.98,0.02±0.016,,,,2.51±0.10,1.56±0.15,19.00±0.72,20.99±1.37,,,,,,,,,,,,,,,,,,,,,,,
F019,"Yam, wild (Dioscorea versicolor)",2.0,69.35,3.07,1.76,0.30,4.57,3.29,1.29,20.95,430,0.121,0.015,0.70,0.23,0.20,4.09,21.01,14.06,,1.18,,,0.40,0.28,,,0.05,,0.13,,0.53,6.00,,11.39,1.2,,,,8.95,230,94.53,,0.21,0.001,44.13,,0.003,0.21,1.04,0.006,,31.75,0.37,0.21,0.002,0.02,55.94,654,0.56,12.8,0.31,16.89,15.35,0.62,0.12,0.8,,1.54,,,,,67.83,11.68,,,,,,22.66,,,,111,,30.93,,79.51,22.66,142,,,,,,,,,,,,,,,2.37,3.27,6.09,3.13,1.18,1.76,6.23,4,1.25,5.98,6.78,8.61,11.93,16.15,4.78,5.3,6.28,3.34,13.45,3.63,9.82,,286,1.11,138,10.48,20.65,,,,,0.13,,,,,,,,,,,,0.53,,,,,,,,,,,,,,,,,,,,,,50.58,,,,,2.3,3.03,13.58,24.71,0.46,,,,,,,,,,,,,,,,,,,,,,
G001,"Chillies, green-1 (Capsicum annum)",5.0,84.47±0.29,2.62±0.35,1.01±0.14,0.73±0.02,4.86±0.65,3.31±0.42,1.55±0.35,6.32±0.41,191±5,0.11±0.029,0.09±0.024,0.80±0.09,0.19±0.03,0.45±0.043,0.50±0.13,25.31±2.47,79.50±5.94,,3.14±1.19,,,0.07±0.02,,1.93±0.05,,,,,,0.26±0.02,20.12±3.87,,255±44.6,18.92±3.74,,,,,31.69±9.15,1135±403,0.35±0.24,,,24.10±7.08,0.006±0.002,0.003±0.002,0.19±0.06,1.46±0.30,0.001±0.000,0.006±0.002,34.72±8.28,0.29±0.08,,0.002±0.002,0.014±0.002,62.16±14.29,431±53.8,,3.32±0.66,0.31±0.08,3.02±0.04,2.31±0.01,0.54±0.03,0.16±0.03,0.02±0.00,,0.71±0.03,,,,4.96±0.79,90.78±4.58,20.64±2.19,3.80±0.91,2.89±0.55,2.63±0.63,,3.72±0.65,34.47±3.22,,,,384±12.5,,43.99±6.11,,126±8.3,38.19±2.86,428±14.3,,,,,,,,,,,,,,,1.77±0.38,3.64±0.46,5.13±1.07,3.43±0.59,1.17±0.12,1.52±0.31,4.33±0.68,3.87±0.72,0.82±0.14,4.43±1.19,4.98±0.69,4.99±1.66,16.33±2.33,16.66±1.36,4.95±0.80,3.16±0.45,4.59±0.40,2.71±0.45,28.86±8.82,24.35±5.41,4.94±1.64,1.48±0.65,4.85±2.17,3.12±2.40,27.49±10.16,,131±13.1,15.81±3.86,,,,,0.07±0.03,,,0.65±0.16,3.20±0.66,,,5.81±1.52,,11.01±1.58,,,,,,,,,,,,,,,,,,,,,,,,56.58±3.37,,,,,3.59±0.38,0.85±0.09,15.09±0.49,13.54±0.35,,,,,,,,,,,,,,,,,,,,,,,
G002,"Chillies, green-2 (Capsicum annum)",3.0,85.72±0.49,2.28±0.13,0.85±0.06,0.75±0.04,5.13±0.56,3.79±0.33,1.34±0.27,5.27±0.42,167±7,0.08±0.009,0.09±0.042,0.93±0.16,0.20±0.03,0.29±0.048,0.64±0.12,25.93±5.56,90.97±9.19,,3.49±0.84,,,0.06±0.02,,2.10±0.16,,,,,,0.27±0.02,19.51±3.43,,283±66.7,24.48±6.29,,,,,232±91.3,1336±100,0.20±0.06,,0.000±0.001,16.86±2.36,0.004±0.001,0.003±0.001,0.15±0.03,1.24±0.38,0.001±0.001,0.008±0.002,27.54±6.31,0.27±0.09,,0.002±0.002,0.041±0.027,51.72±9.20,321±41.7,,2.47±0.50,0.26±0.06,3.01±0.09,1.96±0.04,0.93±0.03,0.11±0.02,0.02±0.01,,1.05±0.05,,,,6.20±1.91,91.42±7.84,21.54±4.36,4.16±0.97,4.08±0.53,3.96±0.67,,4.85±0.79,28.54±2.23,,,,391±19.6,,41.73±4.99,,131±14.9,33.39±2.72,433±24.1,,,,,,,,,,,,,,,1.62±0.18,3.16±0.32,5.02±0.32,3.58±0.52,1.25±0.09,1.41±0.22,4.25±0.31,3.84±0.29,0.75±0.06,4.22±0.48,4.79±0.79,4.83±0.67,16.93±1.43,18.31±0.86,4.03±0.52,2.81±0.30,4.17±0.47,2.49±0.39,26.32±2.26,20.87±3.49,5.45±1.34,1.43±0.48,5.89±1.91,3.19±1.89,29.52±4.88,,127±8.3,18.15±4.76,,,,,0.08±0.01,,,0.09±0.01,2.46±1.02,,,2.69±0.19,,15.91±1.48,,,,,,,,,,,,,,,,,,,,,,,,55.69±7.63,,,,,3.65±0.19,0.87±0.07,15.07±0.65,13.96±2.21,,,,,,,,,,,,,,,,,,,,,,,
G003,"Chillies, green-3 (Capsicum annum)",5.0,85.59±0.79,2.38±0.40,0.95±0.13,0.75±0.02,5.10±0.10,3.61±0.46,1.50±0.49,5.23±0.71,169±12,0.09±0.035,0.11±0.034,0.87±0.17,0.24±0.13,0.24±0.030,0.64±0.05,20.45±1.69,93.63±9.46,,3.17±0.79,,,0.06±0.02,,2.03±0.25,,,,,,0.26±0.02,18.05±3.76,,285±79.9,34.74±11.55,,,,,158±45.8,1107±317,0.33±0.16,,0.001±0.001,18.04±3.56,0.004±0.003,0.005±0.004,0.14±0.06,1.25±0.08,,0.004±0.001,29.90±6.97,0.27±0.10,,0.002±0.002,0.032±0.017,50.24±12.28,317±72.7,,2.56±1.04,0.27±0.08,2.39±0.07,1.85±0.02,0.45±0.04,0.08±0.02,0.02±0.01,,0.54±0.04,,,,5.62±0.96,91.98±3.96,24.00±3.63,3.98±0.70,3.72±0.76,3.38±0.48,,3.88±0.33,27.86±2.88,,,,372±17.4,,45.49±5.89,,133±7.3,31.74±3.10,418±15.2,,,,,,,,,,,,,,,1.76±0.25,2.99±0.34,4.94±0.23,3.95±0.24,1.04±0.14,1.61±0.23,4.54±1.01,3.67±0.52,0.80±0.14,4.07±0.44,5.01±0.51,4.78±0.26,18.29±1.17,19.15±0.59,4.57±0.42,2.65±0.30,4.66±0.38,2.58±0.33,27.68±5.51,22.10±4.92,5.58±1.39,1.33±0.24,6.44±3.13,3.43±0.97,31.64±2.63,,123±4.8,19.99±4.06,,,,,0.10±0.02,,,0.23±0.11,3.10±1.16,,,3.12±0.58,,11.65±2.24,,,,,,,,,,,,,,,,,,,,,,,,56.27±4.45,,,,,3.73±0.19,0.86±0.09,15.07±0.47,14.56±2.74,,,,,,,,,,,,,,,,,,,,,,,
G004,"Chillies, green-4 (Capsicum annum)",3.0,85.29±0.53,2.33±0.30,0.87±0.13,0.74±0.01,4.15±0.29,2.84±0.17,1.31±0.26,6.63±0.61,190±9,0.09±0.057,0.12±0.025,0.90±0.07,0.23±0.05,0.18±0.029,0.62±0.08,15.92±1.13,102±6.1,,2.87±0.60,,,0.07±0.02,,2.27±0.24,,,,,,0.30±0.03,22.16±3.48,,207±56.1,45.64±13.89,,,,,67.84±5.44,1761±178,0.32±0.16,,0.001±0.001,15.87±1.49,0.004±0.003,0.005±0.003,0.16±0.11,1.08±0.28,0.005±0.000,0.003±0.003,29.74±8.00,0.29±0.18,,0.001±0.001,0.032±0.035,42.79±2.85,318±25.0,,1.94±0.60,0.28±0.15,2.27±0.07,1.65±0.03,0.47±0.05,0.14±0.02,0.01±0.00,,0.62±0.06,,,,6.02±1.15,92.27±4.73,29.74±3.89,6.91±0.73,6.21±0.97,6.75±1.48,,5.19±0.87,24.06±3.21,,,,364±7.9,,47.37±0.69,,148±5.9,29.25±2.42,412±7.8,,,,,,,,,,,,,,,1.82±0.12,3.08±0.68,4.99±0.37,3.41±0.82,1.05±0.10,1.22±0.12,4.59±0.32,3.67±0.32,0.72±0.11,3.88±0.47,4.60±0.59,4.78±0.33,17.72±0.78,17.31±0.54,4.98±0.48,2.76±0.31,4.21±0.35,2.93±0.25,23.85±7.46,20.50±7.84,3.35±3.07,1.92±0.78,4.43±1.98,3.52±0.78,33.22±2.15,,118±5.2,16.24±2.74,,,,,0.09±0.02,,,0.15±0.09,2.59±0.41,,,4.50±3.42,,5.11±1.62,,,,,,,,,,,,,,,,,,,,,,,,53.86±4.73,,,,,3.52±0.26,0.86±0.04,14.85±0.46,12.31±1.85,,,,,,,,,,,,,,,,,,,,,,,
G005,"Chillies, green-5 (Capsicum annum)",2.0,85.93±0.11,2.01±0.26,0.82±0.08,0.65±0.03,3.95±0.60,2.83±0.37,1.12±0.32,6.64±0.39,180±10,0.08±0.047,0.16±0.031,1.06±0.08,0.20±0.03,0.20±0.025,0.57±0.05,17.75±2.38,97.77±4.28,,3.26±0.51,,,0.08±0.01,,1.73±0.25,,,,,,0.25±0.03,15.70±1.86,,278±93.3,41.40±25.80,,,,,45.41±11.38,1539±477,0.27±0.20,,0.000±0.001,15.31±3.61,0.005±0.004,0.003±0.002,0.12±0.03,0.93±0.12,,0.004±0.001,23.96±6.20,0.25±0.11,,0.001±0.001,0.021±0.014,44.35±15.69,317±66.7,,2.19±0.88,0.31±0.13,2.30±0.01,1.84±0.03,0.42±0.03,0.02±0.01,0.02±0.00,,0.46±0.02,,,,4.26±0.52,76.39±4.94,18.31±1.25,3.60±0.82,3.06±0.99,3.30±1.00,,3.87±1.15,23.10±2.20,,,,342±19.8,,42.60±4.91,,109±2.8,26.97±3.30,384±23.0,,,,,,,,,,,,,,,1.54±0.15,2.86±0.50,5.01±0.28,3.79±0.29,0.86±0.15,1.01±0.05,5.47±0.43,3.52±0.17,0.68±0.09,3.82±0.76,5.12±0.29,4.36±0.14,17.19±1.22,17.64±0.77,4.40±0.04,2.71±0.21,4.70±0.40,2.51±0.42,38.30±8.99,22.73±5.95,4.33±0.95,1.37±0.82,4.86±1.49,3.94±1.05,33.47±2.26,,129±7.9,24.64±7.08,,,,,0.08±0.03,,,0.49±0.07,3.84±0.95,,,5.85±2.16,,9.77±1.92,,,,,,,,,,,,,,,,,,,,,,,,56.50±1.82,,,,,3.60±0.43,0.86±0.10,15.09±0.63,12.45±2.55,,,,,,,,,,,,,,,,,,,,,,,
G006,"Chillies, green-6 (Capsicum annum)",1.0,84.93,3.01,0.96,0.64,5.15,3.91,1.24,5.31,175,0.07,0.13,0.92,0.27,0.29,0.73,18.87,108,,2.19,,,0.07,,2.46,,,,,,0.31,18.00,,234,35.5,,,,,508,1478,0.1,,0.001,24.82,0.003,0.005,0.14,0.75,,0.002,34.8,0.33,,0.006,,56.05,340,,2.43,0.29,2.29,1.7,0.43,0.15,0.01,,0.59,,,,8.14,80.61,18.97,4.87,4.5,4.16,,4.67,22.9,,,,329,,34.57,,121,27.57,363,,,,,,,,,,,,,,,1.49,2.97,4.97,3.65,0.66,0.98,4.76,2.95,0.92,3.08,3.91,4.3,18.43,19.59,3.64,2.08,4.01,2.11,30.12,24.31,5.82,0.73,1.13,3.28,30.79,,121,20.91,,,,,0.09,,,0.62,3.66,,,5.82,,4.34,,,,,,,,,,,,,,,,,,,,,,,,54.38,,,,,3.54,0.83,15.3,10.39,,,,,,,,,,,,,,,,,,,,,,,
G007,"Chillies, green-7 (Capsicum annum)",1.0,85.83,2.12,0.90,0.60,4.95,3.75,1.20,5.61,163,0.08,0.11,0.80,0.24,0.22,1.21,19.39,112,,2.43,,,0.04,,1.80,,,,,,0.22,19.50,,294,28.5,,,,,44,1891,2.09,,,16.85,0.002,0.006,0.09,1.23,,0.006,26.71,0.28,,,0.034,45.58,319,,2,0.17,3.21,2.48,0.66,0.05,0.02,,0.73,,,,4.28,65.01,21.57,3.58,3.96,3.72,,3.89,25.77,,,,303,,28.91,,102,29.66,332,,,,,,,,,,,,,,,2,2.89,5.4,4.09,1.18,1.68,6.25,3.14,0.8,3.24,5.02,5.13,16.38,17.96,3.69,3.44,4.37,2.93,29.37,25.4,3.97,1.57,5.69,4.04,34.69,,131,19.55,,,,,0.07,,,0.06,1.94,,,2.34,,16.34,,,,,,,,,,,,,,,,,,,,,,,,53.2,,,,,3.81,0.84,15.15,13.29,,,,,,,,,,,,,,,,,,,,,,,
G008,"Chillies, green - all varieties (Capsicum annum)",6.0,85.39±0.68,2.36±0.34,0.91±0.12,0.72±0.05,4.77±0.61,3.41±0.52,1.37±0.34,5.86±0.77,177±14,0.09±0.033,0.11±0.038,0.89±0.15,0.22±0.06,0.28±0.100,0.63±0.16,21.50±4.83,94.07±11.67,,3.11±0.81,,,0.06±0.02,,2.04±0.28,,,,,,0.27±0.03,19.18±3.42,,261±60.9,31.47±13.46,,,,,125±122,1347±382,0.45±0.57,,0.001±0.001,18.45±4.86,0.005±0.002,0.004±0.003,0.15±0.06,1.20±0.30,0.002±0.002,0.005±0.003,29.51±7.13,0.28±0.10,,0.002±0.002,0.029±0.022,50.91±11.79,341±64.6,,2.50±0.80,0.27±0.09,2.63±0.37,1.96±0.26,0.55±0.17,0.11±0.05,0.02±0.00,,0.67±0.18,,,,5.58±1.41,88.25±8.70,22.68±4.67,4.43±1.35,4.00±1.27,3.94±1.53,,4.32±0.88,27.88±4.64,,,,370±26.7,,43.14±5.96,,129±14.9,32.20±4.48,413±29.5,,,,,,,,,,,,,,,1.72±0.28,3.14±0.47,5.05±0.54,3.66±0.51,1.09±0.18,1.40±0.29,4.69±0.82,3.66±0.47,0.77±0.11,4.02±0.72,4.86±0.62,4.79±0.79,17.24±1.50,17.94±1.20,4.46±0.65,2.85±0.41,4.42±0.42,2.64±0.38,28.54±8.17,22.66±6.46,4.92±1.68,1.43±0.57,5.13±2.46,3.42±1.46,30.91±5.46,,126±9.0,18.88±4.33,,,,,0.08±0.02,,,0.35±0.25,3.03±0.88,,,4.37±1.98,,10.27±4.19,,,,,,,,,,,,,,,,,,,,,,,,55.66±4.56,,,,,3.64±0.26,0.86±0.07,15.06±0.49,13.38±2.05,,,,,,,,,,,,,,,,,,,,,,,
G009,Coriander leaves (Coriandrum sativum),6.0,86.99±0.41,3.52±0.26,2.19±0.15,0.70±0.06,4.66±0.24,3.24±0.21,1.42±0.15,1.93±0.27,130±9,0.09±0.005,0.05±0.004,0.73±0.03,0.63±0.07,0.19±0.025,4.17±0.89,51.01±3.98,23.87±7.33,,3.55±0.21,,,0.42±0.03,,,,0.12±0.00,,0.07±0.02,,0.46±0.03,274±23.4,,6351±1069,28.30±14.89,,,,,3808±891,13808±2107,1.84±0.49,,,146±13.0,0.033±0.007,0.002±0.001,0.24±0.04,5.30±1.55,0.001±0.001,0.006±0.002,72.68±14.20,0.96±0.25,,0.014±0.009,0.044±0.015,64.69±13.00,546±134,0.45±0.26,37.00±8.01,0.68±0.16,1.23±0.13,1.06±0.09,0.07±0.04,0.06±0.03,0.05±0.02,,0.17±0.04,,,,18.14±1.33,144±11.6,49.06±4.06,3.05±0.33,6.52±0.90,6.77±0.74,,,8.31±0.49,0.75±0.12,,,151±10.6,,169±20.1,,228±16.0,9.06±0.59,320±29.4,,,,,,,,,,,,,,,2.48±0.39,4.37±0.24,6.08±0.63,5.19±0.28,1.30±0.14,0.63±0.05,5.35±0.50,4.00±0.45,1.08±0.07,6.44±0.30,5.56±0.51,5.04±0.18,14.75±1.81,12.31±1.23,5.07±0.69,4.09±0.27,3.94±0.63,3.42±0.36,20.42±9.35,15.75±9.45,4.68±1.97,11.59±1.59,546±3.9,23.95±3.20,65.96±1.91,16.17±1.24,,,2.38±0.69,,2.29±0.59,,,,,,0.80±0.12,0.53±0.26,0.95±0.39,,,,,,7.74±0.81,2.55±0.36,,,,,,,,,,,,,,,,,,,,60.28±3.95,0.01±0.004,,,,0.73±0.03,9.35±0.18,18.49±0.97,38.68±0.55,,,,,,,,,,,,,,,,,,,,,,,
G010,Curry leaves (Murraya koenigii),6.0,65.33±1.57,7.41±0.26,4.86±0.58,1.06±0.04,16.83±0.78,13.81±0.43,3.02±0.44,4.51±1.79,266±32,0.07±0.016,0.13±0.008,0.85±0.10,0.51±0.04,0.57±0.096,1.77±0.22,117±19.3,6.04±1.36,,117±4.5,,,1.71±0.27,,,0.82±0.07,0.34±0.12,,,,1.82±0.30,275±14.8,,2945±381,36.13±12.13,,,,144±14.5,7663±704,21862±2168,4.10±0.44,7.42±1.16,0.002±0.000,659±77.4,0.060±0.012,0.005±0.002,0.46±0.09,8.67±0.42,0.037±0.018,0.051±0.033,182±44.8,1.23±0.25,,0.013±0.006,0.093±0.030,83.29±14.06,584±113,17.25±5.96,18.66±4.13,1.18±0.51,3.66±0.17,3.08±0.16,0.41±0.03,0.20±0.01,,,0.60±0.03,,,,,236±27.4,30.80±2.54,,,,,,44.57±5.15,,,,152±19.6,,417±39.3,,267±29.4,44.57±5.15,569±58.4,,,,,,,,,,,,,,,1.73±0.13,3.75±0.17,6.51±0.30,3.66±0.30,0.50±0.09,0.60±0.06,3.50±0.33,3.88±0.26,1.64±0.25,3.92±0.15,7.75±0.50,4.64±0.53,15.17±0.79,11.12±0.54,6.48±0.49,6.19±0.33,5.94±0.38,2.81±0.17,154±84.6,10.93±0.38,143±84.4,0.73±0.06,65.27±1.25,1.62±0.46,7.45±1.11,13.66±1.11,37.87±2.28,7.21±1.28,,,,,,,,,0.15±0.03,0.18±0.03,,,,,,0.24±0.02,,,,,,1.55±0.27,,,,,,,,,,,,,,,,153±1.2,,,,,10.47±0.13,0.74±0.03,73.92±1.71,40.99±2.41,0.23±0.02,,,,,,,,,,,,,,,,,,,,,,
G011,"Garlic, big clove (Allium sativum)",6.0,64.38±0.56,6.92±0.20,1.40±0.11,0.16±0.02,5.22±0.41,2.56±0.38,2.66±0.17,21.93±0.82,518±12,0.20±0.029,0.25±0.026,0.38±0.05,1.57±0.16,0.56±0.039,2.55±0.34,85.77±15.61,12.62±1.15,,1.88±0.37,,,0.07±0.01,,,,,,,,0.07±0.01,2.80±1.70,,4.02±1.61,1.55±0.28,,,,,,33.91±6.10,0.05±0.02,,0.001±0.001,20.08±5.73,0.004±0.002,0.001±0.000,0.19±0.02,1.05±0.15,0.001±0.000,0.001±0.000,27.08±7.89,0.34±0.03,,0.001±0.000,0.019±0.009,119±10.9,430±84,,9.42±0.07,0.89±0.18,20.81±1.23,14.84±0.97,4.20±0.34,1.20±0.02,0.57±0.21,,5.97±0.43,,,,,26.56±3.24,3.16±0.72,1.03±0.27,1.74±0.27,1.03±0.26,,,14.24±2.48,,,,60.62±7.90,,6.28±0.63,,33.52±4.39,14.24±2.48,66.90±8.48,,,,,,,,,,,,,,,1.33±0.17,2.25±0.33,3.79±0.24,4.11±0.29,0.75±0.19,1.71±0.38,3.53±0.52,3.18±0.47,0.83±0.09,3.17±0.63,4.44±0.23,16.46±1.08,11.11±1.68,16.97±1.37,3.03±0.40,3.47±0.50,3.65±0.40,3.31±0.53,159±38.1,130±30.8,28.47±14.59,,0.64±0.16,0.05±0.02,,,20.73±1.90,,,,,2.13±0.87,,,,5.88±1.32,6.88±0.30,,0.03±0.02,,,,,0.52±0.19,2.05±0.58,,,,,1.83±0.51,,,,,0.04±0.01,0.04±0.01,,,,,,,,,,95.26±4.55,0.13±0.047,0.13±0.034,0.06±0.022,,1.27±0.03,0.32±0.01,12.36±1.10,36.55±4.46,,,,,,,,,,,,,,,,,,,,,,,
G012,"Garlic, small clove (Allium sativum)",3.0,64.42±0.30,6.75±0.24,1.38±0.17,0.14±0.01,5.47±0.07,2.61±0.02,2.86±0.07,21.84±0.74,514±8,0.20±0.023,0.23±0.015,0.36±0.04,1.51±0.35,0.77±0.112,2.54±0.21,78.82±22.76,13.57±0.70,,1.97±0.19,,,0.06±0.01,,,,,,,,0.06±0.01,3.20±1.22,,5.09±1.50,1.57±0.37,,,,,,30.48±6.94,0.05±0.02,,0.001±0.001,17.63±2.77,0.003±0.002,,0.11±0.09,0.88±0.21,0.006±0.000,0.002±0.001,25.78±4.86,0.32±0.11,,,0.026±0.016,116±27.9,453±126,0.37±0.07,10.56±0.05,0.81±0.17,19.70±0.97,14.86±0.87,1.48±0.06,1.08±0.03,2.28±0.06,,4.84±0.11,,,,,25.14±0.92,3.41±0.22,1.09±0.30,2.02±0.58,0.97±0.24,,,13.55±0.78,,,,56.95±3.67,,4.86±0.88,,32.63±2.10,13.55±0.78,61.82±4.48,,,,,,,,,,,,,,,1.26±0.06,2.24±0.41,4.07±0.47,3.94±0.26,0.76±0.06,1.93±0.21,3.27±0.37,3.08±0.42,0.73±0.23,3.79±0.99,3.73±0.23,14.66±0.47,10.45±0.81,17.60±1.05,2.94±0.28,3.92±1.30,3.20±0.22,3.27±0.19,143±56.6,115±51.2,27.98±9.57,,1.15±0.53,0.07±0.02,,,23.11±2.29,,,,,2.49±0.44,,,,5.97±0.75,6.74±0.53,,0.04±0.02,,,,,0.61±0.25,1.81±0.57,,,,,1.61±0.12,,,,,0.01±0.01,0.02±0.02,,,,,,,,,,96.42±7.01,0.19±0.050,0.14±0.059,0.06±0.028,,1.33±0.03,0.31±0.01,12.88±0.25,35.43±4.19,,,,,,,,,,,,,,,,,,,,,,,
G013,"Garlic, single clove, Kashmir (Allium sativum)",1.0,64.49,6.12,1.76,0.16,4.01,2.20,1.81,23.46,523,0.25,0.22,0.42,1.86,0.97,2.85,92.25,15.38,,2.89,,,0.05,,,,,,,,0.05,4.50,,2.52,1.36,,,,,,26.58,0.18,,0.004,19,0.008,,0.23,1.01,0.003,0.001,41.13,0.13,,0.009,0.032,128,584,0.43,8.87,0.66,21.26,17.53,1.21,1.05,1.47,,3.73,,,,,28.56,2.19,1.36,1.35,1.31,,,10.83,,,,73.1,,9.31,,34.76,10.83,82.4,,,,,,,,,,,,,,,1.3,3.44,5.68,4.15,0.69,1.66,3.46,3.65,0.97,3.58,4.25,16.42,12.15,16.92,3.85,3.85,4.6,3.07,127,119,7.33,,0.12,,,,20.11,,,,,2.14,,,,5.98,6.89,,0.05,,,,,0.71,1.04,,,,,1.87,,,,,0.03,0.04,,,,,,,,,,99.22,0.22,0.12,0.06,,1.21,0.37,13.66,31.95,,,,,,,,,,,,,,,,,,,,,,,
G014,"Ginger, fresh (Zinziber officinale)",6.0,81.27±0.22,2.22±0.16,1.33±0.13,0.85±0.03,5.36±0.40,4.28±0.25,1.08±0.21,8.97±0.28,230±4,0.04±0.005,0.04±0.003,0.42±0.05,0.24±0.02,0.20±0.025,1.07±0.15,10.82±1.61,5.43±1.22,,4.09±0.35,,,0.28±0.03,,0.47±0.08,,,,,,0.32±0.03,25.55±2.45,,15.0±4.48,5.97±3.00,,,,,88.85±0.92,329±53.7,1.71±0.47,,,18.88±2.87,0.013±0.005,0.003±0.001,0.13±0.02,1.90±0.55,0.004±0.003,0.001±0.001,54.66±7.12,3.85±1.56,,0.002±0.001,0.030±0.017,44.36±2.16,407±49.5,,10.03±1.91,0.39±0.17,5.11±0.11,3.80±0.04,1.00±0.07,0.15±0.03,0.17±0.14,,1.31±0.12,,,24.21±3.10,11.05±1.24,176±6.2,19.86±1.24,,,,,,67.97±8.76,,,,302±14.0,,78.99±9.71,,231±7.4,67.97±8.76,381±16.4,,,,,,,,,,,,,,,1.58±0.17,3.98±0.47,6.49±0.51,2.31±0.48,0.89±0.29,0.82±0.18,4.36±0.40,4.35±0.47,0.99±0.17,4.35±0.65,4.73±0.69,5.93±0.68,15.34±1.84,13.82±1.64,4.91±0.73,3.28±0.71,4.80±0.87,3.78±0.32,259±73.9,18.26±1.86,241±75.5,,5.95±0.74,1.43±0.38,,,2.16±0.39,,,,,,,,,,11.84±0.41,,,,,0.27±0.05,4.81±0.11,32.23±1.84,,,,,,,,,,,,,,,,,,,,,,225±8.1,,,,,1.34±0.04,1.16±0.09,13.29±0.20,14.50±1.26,,,,,,,,,,,,,,,,,,,,,,,
G015,Mango ginger (Curcuma amada),3.0,84.55±0.16,1.45±0.37,1.57±0.14,0.70±0.03,4.74±0.50,3.79±0.13,0.95±0.62,6.98±0.15,177±3,0.02±0.001,0.07±0.015,0.45±0.01,0.26±0.02,0.18±0.010,1.49±0.49,22.62±0.48,1.62±0.30,,3.10±0.39,,,0.35±0.07,,,,0.79±0.09,,,,0.59±0.10,27.71±0.70,,23.6±3.99,3.09±1.50,,,,,76.62±13.12,250±5.3,,0.21±0.00,0.002±0.002,13.74±2.59,0.002±0.001,0.003±0.001,0.10±0.03,2.31±1.27,0.007±0.005,,36.86±6.27,1.52±0.53,0.04±0.01,0.006±0.004,0.011±0.005,68.33±20.13,384±2.5,,5.51±1.29,0.47±0.14,4.21±0.07,1.79±0.09,1.11±0.02,0.81±0.11,0.50±0.03,,2.42±0.12,,,,,146±6.6,30.59±1.78,,,,,,52.26±3.28,,,,256±16.8,,78.26±2.34,,177±8.3,52.26±3.28,334±14.6,,,,,,,,,,,,,,,2.05±0.17,4.30±0.65,9.80±0.11,1.88±0.56,1.11±0.05,0.80±0.19,4.52±0.28,5.70±0.67,1.29±0.23,4.79±0.31,4.59±0.67,4.35±0.75,17.86±1.67,14.13±0.21,5.51±0.22,4.03±1.17,5.05±0.69,3.29±0.29,307±127,228±7.8,79.22±5.81,,53.42±1.94,0.40±0.04,33.20±1.80,3.13±1.06,3.80±1.77,,,,0.31±0.01,0.05±0.01,,,,,,0.45±0.06,0.05±0.01,,,,,,,,,,,,,,,,,,,,,,,,,,,23.61±1.60,,,,,0.78±0.01,0.56±0.01,11.17±0.03,15.52±0.51,0.38±0.03,,,,,,,,,,,,,,,,,,,,,,
G016,Mint leaves (Mentha spicata ),4.0,84.24±0.71,4.66±0.15,2.18±0.17,0.65±0.05,5.89±0.49,4.49±0.54,1.40±0.06,2.39±0.36,155±4,0.02±0.005,0.19±0.029,0.74±0.23,0.34±0.09,0.17±0.028,2.21±0.43,106±6.3,17.16±6.75,,3.37±0.16,,,0.45±0.07,,0.07±0.02,,,,,,0.46±0.07,164±37.2,,2526±730,300±51.2,,,,,4602±553,18693±1938,1.17±0.16,5.26±0.00,,205±31.8,0.063±0.000,0.007±0.000,0.37±0.18,8.56±3.21,0.019±0.000,0.009±0.000,110±30.9,1.06±0.57,0.21±0.00,0.020±0.000,0.042±0.000,65.25±16.18,539±2.7,10.79±1.48,16.87±5.37,0.75±0.08,1.10±0.03,1.02±0.03,0.01±0.00,0.07±0.02,,,0.08±0.02,,,,2.18±0.18,105±8.6,17.59±1.10,,,,,,13.23±1.01,,,,65.09±4.74,,286±20.5,,125±9.7,13.23±1.01,352±25.2,,,,,,,,,,,,,,,1.62±0.29,4.34±0.30,8.22±0.38,2.93±0.19,1.41±0.09,0.72±0.08,5.34±0.47,4.57±0.30,1.23±0.17,5.73±0.38,5.25±0.12,4.96±0.14,13.21±1.43,15.47±0.99,5.46±0.49,4.81±0.72,4.54±0.20,3.32±0.28,97.07±12.11,8.30±5.87,88.76±11.05,,25.86±1.24,3.83±0.21,14.80±0.79,26.33±0.55,27.22±0.52,,,,,,0.99±0.15,,,0.03±0.02,5.66±0.40,0.09±0.01,4.64±0.46,0.43±0.07,,,1.49±0.07,,,,,,,,,,,,,,,,,,,,,,,79.99±9.66,0.01±0.009,0.02±0.005,,,1.74±0.03,2.45±0.03,36.70±1.42,48.05±1.69,0.35±0.06,,,,,,,,,,,,,,,,,,,,,,
G017,"Onion, big (Allium cepa)",6.0,85.76±0.43,1.50±0.10,0.50±0.04,0.24±0.03,2.45±0.21,1.92±0.15,0.53±0.08,9.56±0.44,201±9,0.04±0.005,0.01±0.001,0.34±0.10,0.30±0.05,0.10±0.014,2.61±0.19,28.88±2.85,6.69±0.63,,0.73±0.19,,,0.05±0.01,,,,,,,,0.05±0.01,4.50±1.47,,1.77±0.64,1.81±0.69,,,,,1.08±0.28,89.10±6.38,0.08±0.03,,0.001±0.001,21.03±6.68,0.003±0.002,0.002±0.001,0.11±0.09,0.43±0.11,0.003±0.002,,17.96±5.17,0.24±0.21,,,0.008±0.005,32.34±7.63,171±38.6,0.35±0.10,5.50±1.14,0.35±0.29,6.68±0.09,0.80±0.03,1.89±0.19,1.47±0.04,2.52±0.10,,5.88±0.09,,,,,47.96±0.96,4.65±0.34,,3.80±0.29,4.40±0.32,,,39.36±0.89,,,,100±1.5,,6.63±0.54,,60.81±0.53,39.36±0.89,107±1.9,,,,,,,,,,,,,,,1.76±0.20,2.08±0.40,3.25±0.23,3.52±0.62,0.92±0.13,0.88±0.12,2.77±0.20,2.10±0.36,1.23±0.08,2.75±0.61,3.61±0.64,13.21±0.46,8.96±0.84,25.10±0.60,3.86±0.64,2.01±0.33,2.68±0.54,1.92±0.23,4.03±1.85,3.42±0.35,0.61±2.10,43.05±3.98,33.89±1.32,0.63±0.20,392±4.5,,105±16.3,12.21±1.79,,,2.91±0.49,,,,,,,0.19±0.05,0.08±0.02,0.05±0.02,,,0.04±0.02,0.68±0.24,1.62±0.16,2.79±0.21,0.36±0.06,,7.24±0.73,0.08±0.01,,,,,,,,,,,,,,,,35.12±3.56,1.64±0.153,1.31±0.143,0.85±0.242,,0.47±0.02,0.31±0.02,7.35±0.48,13.90±2.11,,,,,,,,,,,,,,,,,,,,,,,
G018,"Onion, small (Allium cepa)",5.0,84.67±0.12,1.82±0.20,0.61±0.07,0.16±0.01,1.16±0.19,0.70±0.18,0.46±0.09,11.58±0.37,237±4,0.07±0.012,0.02±0.004,0.21±0.01,0.14±0.01,0.12±0.009,2.69±0.63,29.68±1.98,10.96±2.00,,0.12±0.03,,,0.06±0.02,,,,,,,,0.06±0.02,5.30±1.46,,15.3±0.92,1.69±0.09,,,,,1.10±0.06,31.04±12.49,,0.29±0.09,,19.92±4.48,0.002±0.001,0.001±0.001,0.07±0.02,0.53±0.37,,,15.16±3.75,0.11±0.02,,0.003±0.000,0.005±0.002,39.65±9.90,160±34.8,1.02±0.77,4.06±0.06,0.24±0.04,6.37±1.15,0.75±0.26,1.44±0.26,1.63±0.09,2.55±1.06,,5.62±1.06,,,,,32.07±2.47,4.08±0.41,,2.50±0.21,2.37±0.42,,,15.83±1.73,,,,66.60±4.12,,4.55±0.46,,41.01±2.60,15.83±1.73,71.16±4.41,,,,,,,,,,,,,,,1.53±0.33,3.91±0.73,5.02±1.29,2.62±0.44,1.84±0.35,1.38±0.38,4.13±0.38,3.62±0.33,0.73±0.09,3.93±0.21,5.48±0.78,12.28±0.81,9.51±1.25,25.34±1.94,6.50±0.36,3.55±0.81,3.03±0.55,2.24±0.48,11.11±2.04,9.69±1.69,1.27±0.27,,76.07±6.07,0.04±0.01,117±5.5,165±1.5,135±9.8,,,,2.71±0.65,,,,,,,0.18±0.02,0.04±0.01,0.04±0.01,,,0.01±0.01,0.62±0.23,5.78±0.46,1.61±0.11,0.18±0.08,,5.73±0.46,0.03±0.01,,,,,,,,,,,,,,,,18.91±3.97,0.08±0.023,,,,0.77±0.02,0.47±0.02,7.90±0.11,8.28±0.88,1.11±0.10,,,,,,,,,,,,,,,,,,,,,,
G019,Asafoetida (Ferula assa-foetida),6.0,9.42±0.56,6.34±0.53,5.90±0.12,1.26±0.02,5.13±0.33,3.90±0.37,1.23±0.25,71.95±0.71,1387±9,0.82±0.037,0.01±0.006,0.43±0.05,0.14±0.03,0.02±0.003,2.27±0.34,26.28±4.12,,,12.59±1.40,,,0.73±0.08,,,,0.12±0.01,,,,0.77±0.08,46.56±2.21,,23.8±6.80,1.52±0.29,,,,,6.42±0.75,168±24.7,4.76±1.45,2.13±3.13,0.001±0.001,266±41.4,0.051±0.016,0.022±0.008,0.22±0.03,15.68±4.51,0.035±0.019,0.012±0.005,96.40±17.98,2.96±1.11,,0.014±0.006,0.052±0.030,69.09±15.60,245±30.4,13.42±2.90,16.04±0.55,0.98±0.21,37.76±1.01,36.83±1.00,0.21±0.11,0.47±0.13,0.25±0.10,,0.93±0.26,,,,5.04±0.97,191±4.3,45.89±3.99,,,,,5.91±0.71,236±7.9,7.35±1.74,,,470±15.7,,43.79±6.93,,242±4.2,250±6.5,514±13.6,,,,,,,,,,,,,,,2.19±0.84,2.49±0.15,5.61±0.50,2.21±0.45,0.70±0.16,0.89±0.39,4.35±0.62,2.74±0.27,1.23±0.11,1.84±0.27,3.99±0.34,3.33±0.61,13.74±1.92,27.68±4.23,4.34±0.46,7.15±0.64,6.03±0.50,2.40±0.33,23.82±7.75,3.27±0.11,20.55±7.82,1.66±0.30,6.35±0.86,0.02±0.01,0.46±0.10,4.72±0.72,,1.64±0.48,,,,0.52±0.31,,,,0.23±0.07,,,36.33±2.34,,,,0.14±0.02,,,,,,,,,,,,,,,,,,,,,0.56±0.09,,45.23±2.90,,,,,4.21±0.14,2.02±0.11,29.13±0.62,806±46.4,1.78±0.31,,,,,,,,,,,,,,,,,,,,,,
G020,"Cardamom, green (Elettaria cardamomum)",6.0,11.24±0.51,8.10±0.41,7.21±0.46,2.60±0.15,23.10±0.14,20.46±0.09,2.64±0.10,47.76±0.47,1067±16,0.12±0.016,0.07±0.013,1.13±0.13,0.27±0.05,0.15±0.007,4.94±0.39,2.85±1.05,,,43.72±2.28,,,0.14±0.02,1.13±0.09,,,0.59±0.09,,,,0.77±0.06,6.81±0.55,,37.0±10.0,32.85±4.78,,,,,21.91±2.31,366±22.6,7.59±1.21,3.79±1.73,0.008±0.006,378±40.7,0.210±0.053,0.039±0.009,0.92±0.30,8.33±1.44,0.011±0.007,0.003±0.002,330±66.1,37.98±1.44,,0.013±0.018,0.219±0.074,132±14.8,1262±14.4,11.71±2.73,15.51±0.70,3.71±0.31,33.75±1.38,29.47±1.39,1.84±0.02,1.89±0.04,0.55±0.05,,4.28±0.06,,,,,557±22.5,66.70±6.98,,,,,32.49±5.63,858±65.5,,,,411±9.4,,172±7.3,,624±24.3,891±68.8,583±16.1,,,,,,,,,,,,,,,1.91±0.29,2.15±0.45,7.24±0.57,3.24±0.44,1.20±0.18,1.06±0.21,4.32±1.07,3.03±0.50,0.96±0.05,2.85±0.22,6.24±0.75,9.33±0.93,11.96±1.40,19.21±1.33,5.29±0.77,3.60±0.30,5.82±0.64,2.39±0.42,1961±174,1191±54.8,770±148,,73.83±0.87,0.85±0.06,22.21±1.41,4.85±0.54,5.41±0.79,,,,2.73±0.47,1.40±0.25,,,,1.46±0.25,,3.96±0.62,1.78±0.57,,,,,,,,,,1.52±0.19,,,,,,,,0.88±0.05,,,0.79±0.03,,,,,,117±1.7,,,,,3.29±0.25,2.37±0.15,46.54±1.66,721±33.7,1.68±0.18,,,,,,,,,,,,,,,,,,,,,,
G021,"Cardamom, black (Elettaria cardamomum)",4.0,6.69±0.47,6.69±0.31,7.84±0.40,2.80±0.24,23.46±0.58,20.73±0.39,2.74±0.37,52.53±1.51,1132±13,0.05±0.015,0.13±0.047,0.52±0.11,0.27±0.08,0.20±0.021,4.76±0.88,4.96±1.62,,,43.55±3.33,,,0.36±0.07,0.83±0.26,,,1.38±0.06,,,,1.10±0.08,5.74±0.43,,56.9±17.6,10.31±2.62,,,,,77.48±13.27,1137±95.2,6.05±1.26,0.28±0.01,0.006±0.001,312±57.3,0.091±0.007,0.011±0.002,0.75±0.09,7.94±1.07,0.006±0.003,0.007±0.001,286±31.9,30.25±2.38,,0.006±0.001,0.234±0.183,117±18.7,1331±63.7,3.99±1.89,16.25±4.22,4.75±0.36,31.34±0.34,29.04±0.36,1.37±0.03,0.76±0.02,0.17±0.02,,2.30±0.04,,,,,430±6.3,62.50±0.85,,,,,39.53±0.59,1043±13.7,,,,320±0.5,,197±5.8,,493±5.4,1083±14.3,517±5.6,,,,,,,,,,,,,,,1.82±0.04,1.80±0.15,6.02±0.22,2.58±0.05,0.86±0.03,0.79±0.04,3.39±0.07,2.95±0.07,0.86±0.18,2.64±0.16,6.19±0.88,7.36±0.31,15.14±0.95,17.81±0.83,5.64±0.85,4.25±0.20,5.37±0.01,1.97±0.36,2472±683,1471±619,1001±170,,156±2.1,0.81±0.10,36.77±1.54,4.28±0.04,6.11±0.58,,,,2.78±0.19,1.80±0.12,,,,3.57±0.32,,4.86±0.15,2.35±0.27,,,,,,,,,,1.92±0.07,,,,,,,,2.50±0.25,,,1.72±0.26,,,,,,134±6.9,,,,,3.36±0.03,2.59±0.01,50.80±0.72,670±38.7,1.40±0.17,,,,,,,,,,,,,,,,,,,,,,
G022,"Chillies, red (Capsicum annum)",6.0,14.57±0.42,12.69±0.22,5.73±0.15,6.40±0.04,31.15±0.04,26.55±0.17,4.60±0.15,29.46±0.62,990±8,0.46±0.036,0.83±0.009,6.94±0.55,0.57±0.09,0.42±0.009,0.92±0.04,51.50±2.87,,,24.36±2.56,,,0.69±0.21,,2.91±1.02,,,,,,0.98±0.30,274±6.6,,1843±342,2712±789,36.44±10.4,1599±203,,,1542±288,101812±5619,4.70±1.01,,0.003±0.000,99.83±6.61,0.114±0.020,0.036±0.004,0.87±0.06,6.23±0.79,0.007±0.005,0.011±0.005,231±25.4,1.45±0.13,1.60±0.25,0.012±0.011,0.036±0.004,280±57.5,2245±145,18.83±2.09,19.45±3.60,1.66±0.12,9.45±0.59,4.75±0.22,2.68±0.33,1.82±0.33,0.20±0.02,,4.70±0.38,,,,60.26±6.53,890±41.5,141±5.1,21.09±0.77,15.91±0.82,13.52±0.83,,22.41±1.65,646±66.3,6.75±0.23,,43.11±5.25,3081±111,,182±14.3,,1141±44.1,718±64.0,3263±101,,,,,,,,,,,,,,,2.11±0.19,3.75±0.41,6.38±0.59,4.19±0.25,1.26±0.38,1.74±0.13,5.09±0.81,4.08±0.56,0.92±0.18,4.82±0.57,4.77±0.35,4.96±0.22,14.05±2.24,17.32±0.88,5.13±0.50,5.67±0.62,4.32±0.37,3.09±0.44,87.17±15.16,65.69±1.85,21.48±15.48,,0.62±0.11,13.67±1.36,68.38±4.48,,22.00±5.86,,,,,,0.28±0.03,,,0.34±0.12,0.72±0.14,,,14.08±1.73,,30.49±1.92,,,,,,,,,,,,,,,,,,,,,,,,211±5.7,,,,,16.06±0.68,4.93±0.56,81.78±2.50,264±22.4,,,,,,,,,,,,,,,,,,,,,,,
G023,Cloves (Syzygium aromaticum),6.0,26.49±0.68,5.86±0.21,5.99±0.23,8.41±0.15,34.52±0.48,28.07±0.42,6.46±0.10,18.73±0.39,781±6,0.53±0.122,0.22±0.022,1.15±0.12,0.36±0.03,0.03±0.003,2.41±0.23,32.81±1.90,,,45.07±2.37,,,0.46±0.04,0.77±0.07,,,0.01±0.00,,,,0.77±0.04,161±36.7,,16.9±3.39,1.55±0.23,,,,8.55±0.71,73.51±2.74,356±38.2,6.09±1.25,5.08±0.92,,567±70.8,0.047±0.026,0.006±0.000,0.54±0.08,9.41±2.10,0.026±0.018,0.004±0.001,334±42.2,61.86±5.79,,0.008±0.004,0.060±0.021,83.10±18.56,1434±86.6,7.75±1.59,183±23.9,1.13±0.14,10.67±0.35,8.57±0.45,1.68±0.16,0.43±0.05,,,2.10±0.15,,,,,2020±33.4,659±23.8,,,,,,605±47.7,,,,2737±71.8,,691±36.4,,2679±52.7,605±47.7,3428±83.6,,,,,,,,,,,,,,,2.28±0.40,2.13±0.13,5.82±0.35,6.60±0.39,1.26±0.12,0.81±0.06,4.10±0.50,2.99±0.33,0.90±0.05,4.31±0.11,4.31±0.58,6.38±0.25,11.01±0.99,18.47±0.91,4.58±1.27,3.90±0.45,5.32±0.46,2.57±0.30,1845±73.8,353±24.6,1492±55.5,1.54±0.38,427±5.5,0.46±0.05,177±3.3,,,20.28±1.30,,,0.70±0.09,,23.77±2.98,,,7.42±0.75,,,,,,,,15.82±0.97,13.35±0.74,,,,,,,,,,,,,,,,,,2.03±0.53,,,2546±4.8,,,,,1.28±0.14,5.02±0.28,211±5.1,349±22.5,0.55±0.02,,,,,,,,,,,,,,,,,,,,,,
G024,Coriander seeds (Coriandrum sativum),6.0,8.72±0.47,10.66±0.33,5.36±0.15,17.47±0.22,44.81±2.36,35.27±1.77,9.54±2.42,12.98±2.62,1125±38,0.19±0.018,0.23±0.022,1.20±0.16,0.28±0.02,0.04±0.002,1.46±0.34,22.07±4.23,,,1.31±0.01,,,0.91±0.07,,,,0.32±0.02,,0.47±0.02,0.24±0.02,1.01±0.06,35.70±2.52,,225±34.0,10.96±2.23,,,,,122±13.5,996±50.0,5.74±1.83,,0.001±0.001,718±43.0,0.041±0.019,0.020±0.008,1.46±0.08,17.64±6.74,0.003±0.002,0.026±0.007,343±25.5,2.81±0.39,,0.011±0.005,0.143±0.024,293±54.4,1473±59.2,6.34±1.22,34.41±0.39,3.91±0.32,8.45±0.77,6.07±0.76,1.61±0.84,0.77±0.16,,,2.38±0.95,,,,54.98±10.72,631±20.6,141±5.8,31.53±4.31,56.26±5.65,36.98±3.68,,27.35±3.65,10702±135,40.02±2.30,,,2203±60.9,,44.01±5.39,,952±10.1,10769±134,2247±62.1,,,,,,,,,,,,,,,2.85±0.22,4.52±0.40,6.73±0.42,5.62±0.25,2.04±0.16,0.99±0.07,4.09±0.30,4.02±0.26,1.18±0.16,6.24±0.39,4.97±0.51,6.01±0.58,10.72±0.70,15.62±1.50,6.29±0.44,4.91±0.49,4.70±0.52,3.05±0.33,809±90.9,118±9.6,692±90.8,1.41±0.19,53.84±1.47,6.53±1.43,13.51±2.08,,,,,,,,,,,0.04±0.02,0.10±0.03,2.91±0.20,0.13±0.02,,,,,,0.47±0.16,,6.39±1.11,,,,,,,,,,,,,,,,,,,79.69±2.44,0.37±0.052,,,,9.60±0.17,17.60±0.28,75.77±2.45,1008±23.4,,,,,,,,,,,,,,,,,,,,,,,
G025,Cumin seeds (Cuminum cyminum),6.0,10.59±0.51,13.91±0.50,5.90±0.09,16.64±0.15,30.35±0.71,25.73±0.77,4.62±0.27,22.62±1.05,1274±19,0.52±0.055,0.13±0.022,2.87±0.38,0.22±0.01,0.39±0.010,1.20±0.22,27.79±2.55,,,12.10±0.07,,,1.49±0.05,,,,,,,,1.49±0.05,146±2.2,,170±10.8,42.60±6.86,,,,,89.19±19.24,553±32.5,9.31±3.52,,0.001±0.001,878±78.0,0.126±0.072,0.026±0.015,1.14±0.04,20.58±4.24,,0.059±0.020,442±65.7,4.21±0.63,,0.015±0.006,0.164±0.063,382±6.4,1886±139,4.01±1.98,125±31.1,4.29±0.23,15.84±0.50,14.46±0.20,0.63±0.11,0.75±0.24,,,1.38±0.33,,,,,500±12.4,98.2±3.04,20.46±1.89,,,,35.01±0.95,8344±88.0,,,,4269±48.2,,44.00±3.65,,619±16.3,8379±88.6,4313±47.1,,,,,,,,,,,,,,,2.87±0.09,4.43±0.13,6.23±0.34,4.85±0.16,1.25±0.19,1.02±0.03,4.46±0.36,3.91±0.25,0.95±0.07,5.13±0.15,5.22±0.28,6.82±0.34,8.96±0.29,20.91±0.54,7.22±0.44,4.33±0.41,5.07±0.18,3.27±0.32,817±117,40.43±2.45,777±117,2.43±0.97,47.00±1.25,2.38±0.98,40.76±6.76,,,,,,,,,,,0.03±0.02,0.42±0.20,5.88±0.55,,0.41±0.07,,,,35.68±3.05,0.15±0.02,3.78±0.34,13.74±2.21,,,,,,,,,,,,,,,,,,,165±4.4,0.44±0.050,,,,9.36±0.29,33.96±1.29,106±3.2,445±24.9,,,,,,,,,,,,,,,,,,,,,,,
G026,Fenugreek seeds (Trigonella foenum graecum),6.0,7.82±0.37,25.41±0.24,2.93±0.15,5.72±0.02,47.55±0.54,27.63±0.59,19.92±0.51,10.57±0.57,983±10,0.28±0.029,0.14±0.026,1.19±0.10,0.27±0.03,0.77±0.128,1.54±0.29,51.11±4.69,,,1.98±0.08,,,0.02±0.00,,,,0.02±0.00,,,,0.02±0.00,1.50±0.84,,586±91.3,201±12.0,,,,,142±1.5,1210±162,1.31±0.31,3.48±0.70,0.002±0.001,135±17.2,0.015±0.004,0.031±0.011,1.16±0.32,8.47±1.90,0.012±0.009,,167±35.6,1.60±0.33,,0.098±0.036,0.188±0.054,435±115,891±11.5,9.98±1.81,40.20±0.06,3.80±0.93,4.22±0.20,3.66±0.20,0.31±0.02,0.12±0.01,0.11±0.02,0.01±0.01,0.55±0.05,,,,,501±12.2,188±5.3,50.12±2.25,18.60±1.44,11.78±1.27,,,663±24.1,12.15±1.86,,,2051±23.7,,1082±13.6,,770±17.5,675±23.4,3133±35.9,,,,,,,,,,,,,,,2.28±0.40,4.57±0.34,6.00±0.41,6.60±0.39,1.22±0.08,1.38±0.16,4.10±0.50,2.85±0.16,1.19±0.01,4.43±0.54,4.31±0.58,8.38±0.41,11.01±0.99,18.47±0.91,4.92±0.54,3.90±0.45,5.32±0.46,2.57±0.30,31.75±8.12,10.55±0.64,21.20±7.89,0.24±0.04,4.99±1.43,,,2.47±0.63,,2.19±0.61,,,,,,,,,0.05±0.02,1.44±0.19,1.73±0.51,,,,,,,,2.67±0.28,,,,,,,,0.03±0.01,0.02±0.01,,,,,,,,,,94.73±3.32,0.60±0.093,1.43±0.098,0.26±0.026,,12.35±0.48,6.69±0.25,126±3.1,570±13.6,6.33±0.72,,,,,,,,,,,,,,,,,,,,,,
G027,Mace (Myristica fragrans),6.0,20.06±0.70,6.24±0.27,2.47±0.28,24.41±0.20,20.31±0.23,16.78±0.23,3.54±0.17,26.51±0.81,1488±12,0.13±0.020,0.13±0.033,0.92±0.11,0.35±0.05,0.30±0.041,1.80±0.27,32.65±2.63,,,44.92±2.28,,,1.05±0.05,,,,10.36±0.16,,,,4.16±0.08,70.44±4.62,,135±26.7,196±22.4,,,,,2322±157,9203±880,1.99±0.42,4.70±1.95,0.001±0.001,174±3.5,0.069±0.015,0.006±0.002,1.90±0.13,22.69±6.87,0.051±0.018,0.004±0.003,207±25.1,2.12±0.73,,0.013±0.009,0.259±0.093,110±17.7,623±25.9,7.24±3.15,27.17±6.81,1.16±0.15,23.71±1.14,22.85±1.07,0.20±0.02,0.28±0.05,0.38±0.11,,0.85±0.12,,,,362±38,8120±304,767±200,54.30±13.98,,,,404±35.2,8898±398,,,,4571±233,,159±33.1,,9304±214,9302±370,4731±260,,,,,,,,,,,,,,,1.89±0.19,2.35±0.26,5.78±0.52,2.61±0.50,1.18±0.01,1.31±0.10,4.29±0.94,5.26±0.67,1.26±0.07,3.09±0.89,7.39±0.52,4.80±0.60,12.36±1.37,10.93±0.68,6.24±0.41,5.21±0.55,5.92±0.67,3.78±0.33,28.22±10.42,0.28±0.06,27.94±10.43,,98.68±2.00,2.36±0.32,173±2.4,345±7.5,,,0.11±0.02,,0.65±0.06,1.52±0.27,,,,1.52±0.27,0.85±0.10,,,,,,,,,,,,,,,,,,,,,,,,,,0.25±0.04,0.43±0.10,,782±5.2,,,,,3.56±0.22,5.95±0.19,44.96±1.47,691±23.0,1.48±0.11,,,,,,,,,,,,,,,,,,,,,,
G028,Nutmeg (Myristica fragrans),6.0,15.55±0.55,6.30±0.24,1.99±0.11,36.52±0.04,11.99±0.18,10.54±0.18,1.46±0.14,27.64±0.70,1940±11,0.04±0.015,0.05±0.011,0.51±0.06,0.33±0.06,0.10±0.008,1.59±0.27,74.78±6.70,,,46.67±0.45,,,1.18±0.07,,,,0.09±0.00,,,,1.21±0.07,60.92±1.42,,4.01±1.18,1.33±0.26,,,,,15.37±1.11,80.91±9.87,0.68±0.19,,,148±12.1,0.006±0.002,0.001±0.000,1.20±0.09,2.33±0.20,0.035±0.024,,212±25.0,3.42±0.17,,0.007±0.005,0.221±0.060,207±37.2,474±15.2,7.33±6.84,14.31±0.28,1.45±0.10,25.56±1.40,24.49±1.39,0.29±0.10,0.59±0.11,0.20±0.02,,1.08±0.21,,,783±18.0,,2372±102,204±32.7,,,,,47.77±9.28,1562±117,26.66±2.85,,,299±21.9,,79.30±7.33,,3359±88.8,1637±107,379±25.5,,,,,,,,,,,,,,,1.43±0.36,2.23±0.59,5.20±0.79,3.42±0.52,1.08±0.07,0.83±0.14,4.86±0.40,3.02±0.59,0.88±0.06,3.12±0.22,5.98±0.79,6.88±0.80,10.96±0.83,16.10±0.76,5.72±0.66,4.54±0.70,6.20±0.68,2.43±0.43,194±87.7,48.20±1.59,146±87.5,,59.31±2.23,55.90±6.21,15.70±1.69,231±8.9,16.52±1.22,,,,0.05±0.01,0.35±0.16,,,,0.07±0.01,16.04±0.82,,,,,,4.96±0.39,,2.83±0.40,,4.19±0.63,,,,,,,,,,,,,,,,10.97±2.19,,,645±3.9,,,,,6.10±0.14,8.91±0.28,94.48±2.01,704±13.9,2.26±0.09,,,,,,,,,,,,,,,,,,,,,,
G029,Omum (Trachyspermum ammi),6.0,9.71±0.18,15.89±0.61,8.18±0.23,21.11±0.08,20.58±0.04,17.20±0.02,3.38±0.04,24.53±0.68,1495±7,0.30±0.032,0.23±0.024,1.23±0.19,0.22±0.04,0.24±0.006,1.78±0.30,51.79±1.08,,,2.62±0.19,,,0.01±0.00,,,0.41±0.02,,,,0.11±0.01,0.01±0.00,30.36±3.99,,494±61.2,8.30±2.99,,51.37±9.37,,,746±17.7,1836±22.1,6.71±1.12,8.32±6.00,0.005±0.002,1034±144,0.069±0.020,0.021±0.009,1.24±0.08,13.65±2.29,0.015±0.007,0.043±0.012,273±22.3,6.86±0.92,,0.053±0.018,0.296±0.069,329±57.7,1692±246,87.04±10.70,28.58±0.29,5.67±0.46,18.51±1.26,15.75±1.05,2.07±0.13,0.47±0.28,0.22±0.06,,2.76±0.37,,,,16.93±2.62,895±10.9,177±10.0,23.26±0.90,,,,26.83±0.98,13810±152,42.03±3.51,,,5116±127,,76.71±4.77,,1112±18.0,13879±152,5193±128,,,,,,,,,,,,,,,2.38±0.12,1.70±0.18,5.26±0.51,4.17±0.36,0.97±0.10,1.11±0.17,3.23±0.49,3.04±0.47,1.38±0.09,4.70±0.43,5.47±0.51,5.91±0.48,10.87±1.78,18.46±0.72,7.84±0.68,4.72±0.40,5.33±0.44,2.74±0.15,1020±30.7,34.19±2.01,985±30.8,,47.73±2.03,,199±3.2,26.16±1.21,5.55±0.93,,,,2.02±0.74,0.05±0.01,,,,0.07±0.02,1.91±0.69,48.23±4.77,,,,,,,0.05±0.01,,3.01±0.34,,,,,,,,,,,,,,,,,,,129±5.5,,,,,5.89±0.17,20.98±0.31,75.29±2.60,895±11.6,4.50±0.29,,,,,,,,,,,,,,,,,,,,,,
G030,Pippali (Piper longum),6.0,10.95±0.48,10.53±0.45,6.41±0.07,2.27±0.02,34.14±0.60,29.57±0.55,4.57±0.39,35.70±0.45,906±8,0.06±0.011,0.14±0.030,1.06±0.11,0.23±0.04,0.60±0.051,2.34±0.37,66.45±15.02,,,118±1.6,,,0.01±0.00,,0.26±0.03,,,,,,0.03±0.00,93.45±1.89,,666±92.3,479±54.8,,110±10.5,,278±28.4,545±50.4,2401±205,4.48±0.34,3.71±1.07,0.001±0.000,414±66.2,0.055±0.028,0.008±0.004,1.34±0.40,7.99±2.11,0.030±0.014,0.006±0.001,189±46.0,1.85±0.70,,0.040±0.021,0.218±0.117,181±6.9,1852±425,20.51±4.23,16.28±2.00,1.52±0.26,34.46±0.61,31.72±0.72,1.24±0.23,0.51±0.10,1.00±0.02,,2.75±0.25,,,,,436±11.7,165±10.0,,,,,38.18±1.88,289±15.1,,,,587±10.8,,299±9.3,,602±9.7,327±15.5,885±10.9,,,,,,,,,,,,,,,1.46±0.06,2.44±0.48,8.49±0.38,1.95±0.29,0.93±0.13,0.77±0.10,4.25±0.98,3.01±0.14,1.31±0.14,3.82±0.45,6.12±0.90,7.69±0.19,15.24±1.47,15.04±0.83,4.70±0.73,6.61±1.02,5.25±0.85,4.97±0.53,367±57.9,21.22±1.17,346±58.3,0.16±0.01,37.97±0.98,0.05±0.02,0.52±0.09,,121±7.0,154±2.8,,,6.56±1.17,,,,,,,,,,,,,,,,32.83±1.78,,,,,,,,,,,,,,,,,,,194±4.0,0.02±0.005,,,,8.28±0.14,17.94±0.39,29.18±1.09,503±9.9,0.04±0.01,,,,,,,,,,,,,,,,,,,,,,
G031,"Pepper, black (Piper nigrum)",6.0,13.18±0.40,10.12±0.40,4.58±0.13,2.74±0.02,33.16±0.29,30.61±0.29,2.54±0.11,36.22±0.45,910±8,0.06±0.012,0.09±0.013,0.85±0.02,0.30±0.03,0.27±0.013,3.49±0.38,21.89±2.08,,,25.68±0.51,,,0.59±0.15,1.58±0.15,0.45±0.05,,0.01±0.00,,,,1.27±0.16,171±31.5,,650±62.3,158±15.4,,165±11.6,,157±10.1,767±65.5,2219±56,6.37±2.16,2.01±0.35,0.001±0.000,405±40.9,0.068±0.020,0.005±0.002,1.76±0.43,11.91±3.48,0.037±0.028,0.005±0.003,196±68.8,7.50±1.22,,0.022±0.014,0.269±0.088,144±14.8,1487±178,12.13±2.48,24.08±3.85,1.24±0.43,35.67±0.85,35.35±1.12,0.09±0.04,0.23±0.05,,,0.32±0.05,,,,,548±23.3,106±5.9,,,,,,463±24.8,,,,818±5.8,,258±10.7,,654±24.1,463±24.8,1076±15.2,,,,,,,,,,,,,,,1.28±0.12,3.85±0.39,8.25±0.45,2.23±0.17,0.60±0.10,1.26±0.09,5.15±0.39,2.63±0.78,0.55±0.06,3.62±0.13,5.45±0.06,2.31±0.40,12.11±0.70,15.96±0.78,4.72±0.22,6.58±0.99,4.16±0.24,4.50±0.13,431±63.7,33.74±8.11,398±65.2,4.39±0.83,136±1.5,1.65±0.14,13.93±1.08,,119±11.7,1.92±0.44,,,,4.39±0.68,,,,0.23±0.05,,2.96±0.56,,,,,,,,,,,,,,,,,,,,,,,,,,,,254±3.9,,,,,4.90±0.17,10.16±0.15,64.74±1.05,383±16.0,0.87±0.05,,,,,,,,,,,,,,,,,,,,,,
G032,Poppy seeds (Papaver somniferum),6.0,4.22±0.32,20.31±0.40,6.04±0.19,30.38±1.87,26.68±3.04,15.62±2.29,11.06±1.75,12.37±1.95,1768±77,0.87±0.081,0.10±0.013,0.77±0.10,0.32±0.04,0.42±0.012,3.25±0.18,78.73±7.90,,,33.92±1.81,,,1.66±0.15,,0.10±0.01,,,,,,1.67±0.15,95.18±2.16,,23.5±15.0,1.76±0.79,,,,,3.51±0.66,34.45±10.70,2.81±0.82,,0.005±0.002,1372±194,0.030±0.009,0.010±0.002,2.05±0.17,10.13±1.04,0.005±0.005,0.004±0.002,393±60.9,7.14±1.11,,0.103±0.030,0.143±0.039,804±139,646±55.0,7.68±1.67,25.35±2.22,6.38±0.21,12.28±0.79,10.43±0.81,0.78±0.43,0.77±0.11,0.30±0.13,,1.85±0.40,,,,10.16±0.81,1644±46.6,397±11.0,22.27±1.91,,,,27.62±2.90,2311±106,14.09±1.15,,,13742±91.3,,106±9.2,,2074±56.7,2353±110,13847±94.7,,,,,,,,,,,,,,,2.18±0.13,3.64±0.08,5.98±0.29,4.45±0.29,1.51±0.29,1.37±0.14,3.69±0.56,3.54±0.29,0.82±0.08,4.33±0.09,4.89±0.43,8.87±0.25,10.98±0.87,24.34±0.92,5.12±0.58,14.39±0.10,5.29±0.55,3.41±0.22,1631±54.9,32.08±1.42,1599±54.0,3.92±0.31,21.79±1.60,,24.18±0.60,557±4.7,24.40±1.45,,0.40±0.03,,0.36±0.04,,,,,0.17±0.03,,,,,,,,,0.04±0.01,,0.73±0.08,,,,,,,,,,,,,,,,,,,221±5.9,0.46±0.056,,,,20.96±0.48,5.52±0.24,146±2.5,1109±3.9,5.53±0.29,,,,,,,,,,,,,,,,,,,,,,
G033,Turmeric powder (Curcuma domestica),6.0,10.58±0.49,7.66±0.44,6.13±0.38,5.03±0.07,21.38±0.29,18.79±0.42,2.59±0.29,49.22±0.55,1174±7,0.06±0.004,0.01±0.000,1.55±0.10,0.13±0.02,0.13±0.006,0.76±0.14,13.86±2.38,,,18.67±1.38,,,2.63±0.67,0.28±0.10,,,0.60±0.06,,,,2.92±0.70,12.80±1.26,,99.8±16.0,3.56±1.60,,,,,55.20±1.77,427±85.8,12.55±2.14,1.84±0.52,0.001±0.002,122±20.9,0.151±0.043,0.039±0.011,0.44±0.02,46.08±1.83,0.196±0.103,0.014±0.007,260±16.2,8.09±1.55,1.93±0.52,0.047±0.048,0.049±0.020,276±33.1,2374±172,6.41±1.34,24.41±2.48,2.64±0.25,45.67±1.50,44.44±1.34,,0.49±0.22,0.75±0.42,,1.23±0.35,,,,,769±42.7,691±44.7,174±16.1,,,,,448±83.7,,,,1563±22.9,,377±44.9,,1634±46.8,448±83.7,1940±32.3,,,,,,,,,,,,,,,1.88±0.15,4.54±0.32,8.28±0.36,3.76±0.17,1.13±0.23,0.77±0.16,5.56±0.45,4.45±0.19,2.06±0.23,5.81±0.60,3.75±0.32,5.35±0.48,14.66±0.43,13.44±0.50,4.53±0.23,2.61±0.26,4.46±0.27,3.12±0.32,1531±146,1221±77.5,310±84.1,,2.63±0.36,0.17±0.05,40.62±5.02,,33.24±2.25,,,,,,,,,1.62±0.57,0.02±0.01,,,,,,,,2.85±0.79,,,,,4.12±0.60,,,,,,,,,,,,,,,,988±6.8,,,,,5.19±0.13,7.19±0.14,64.15±2.03,358±17.6,,,,,,,,,,,,,,,,,,,,,,,
H001,Almond (Prunus amygdalus),6.0,4.37±0.31,18.41±0.04,2.62±0.13,58.49±0.04,13.06±0.31,10.55±0.22,2.52±0.34,3.04±0.24,2549±4,0.15±0.024,0.26±0.046,3.71±0.24,0.73±0.09,0.09±0.005,2.39±0.35,36.46±5.67,0.74±0.07,,1.61±0.16,,,24.88±3.55,1.87±0.06,1.68±0.19,0.08±0.01,0.21±0.02,,,,25.86±3.54,8.40±0.93,,5.93±1.89,1.79±0.12,,,,,,11.31±1.57,0.88±0.32,,,228±10.2,0.006±0.003,0.007±0.002,1.08±0.06,4.59±0.61,0.002±0.002,0.001±0.001,318±49.5,2.54±0.20,,0.033±0.012,0.130±0.027,446±23.2,699±43.4,3.61±1.30,1.50±0.51,3.50±0.10,2.24±0.21,0.01±0.01,1.20±0.22,0.76±0.02,0.27±0.01,,2.23±0.21,,,,30.36±3.96,3553±20.3,717±24.8,57.98±10.77,,,,281±6.5,38012±162,43.69±6.16,,,13183±153,,32.04±3.78,,4358±22.4,38336±159,13215±156,,,,,,,,,,,,,,,2.22±0.43,2.38±0.38,4.02±0.57,2.28±0.19,1.24±0.27,0.84±0.12,5.61±0.22,2.82±0.40,0.89±0.04,4.45±0.40,4.20±0.75,11.01±0.22,11.77±0.43,27.98±0.71,6.04±0.15,4.03±0.13,4.27±0.44,3.38±0.73,344±55.7,110±4.9,235±54.2,,11.88±0.66,0.29±0.07,97.52±0.93,,1.31±0.15,1.18±0.29,,,0.43±0.14,0.36±0.02,,,,,,,,,,,,3.61±0.26,,0.08±0.01,0.64±0.04,0.84±0.03,0.51±0.11,,,,0.07±0.01,,,0.03±0.01,,,2.52±0.11,1.24±0.25,0.55±0.04,,,,,84.94±1.88,0.10±0.025,0.02±0.007,,,3.73±0.15,2.81±0.10,184±2.8,964±13.4,9.05±0.58,,,,,,,,,,,,,,,,,,,,,,
H002,"Arecanut, dried, brown (Areca catechu)",6.0,6.63±0.15,5.78±0.45,1.39±0.09,4.35±0.03,11.44±0.64,10.14±0.44,1.30±0.32,70.42±0.81,1467±12,0.04±0.012,0.03±0.008,0.71±0.07,0.12±0.01,0.32±0.024,1.66±0.16,7.54±0.86,,,12.77±1.10,,,0.06±0.00,0.22±0.10,0.03±0.01,,,,,,0.15±0.03,3.78±0.57,,21.3±6.13,3.83±2.00,,,,,,41.96±3.23,1.68±0.97,,,61±13.25,0.045±0.020,0.003±0.003,1.27±0.29,2.74±0.71,0.008±0.006,0.004±0.003,76.39±17.49,2.14±0.75,,0.005±0.003,0.111±0.057,105±8.3,524±43.4,15.21±4.09,12.06±1.47,0.89±0.11,68.32±2.36,66.56±2.38,0.50±0.06,0.71±0.02,0.55±0.03,,1.76±0.05,,,524±17.5,1527±27.0,487±8.8,56.30±2.94,9.72±0.46,,,,,461±21.5,4.87±0.65,,,396±23.1,,7.42±0.62,,2605±38.3,466±21.3,403±23.3,,,,,,,,,,,,,,,2.09±0.35,1.74±0.16,4.43±0.43,4.59±0.40,0.98±0.05,0.65±0.18,3.56±0.96,2.81±0.63,0.79±0.17,3.25±0.44,3.80±0.37,11.15±1.15,8.03±0.92,19.36±1.56,4.70±0.58,3.71±0.30,4.68±0.28,3.18±0.76,,,,,7.93±0.45,0.14±0.02,47.16±1.64,75.06±0.57,1.89±0.13,,,,0.86±0.05,,0.04±0.01,,,,,,,,,,,,,,0.49±0.23,,,,,,,,,,,,,8.96±0.69,,,,,,2986±2.5,,,,,5.28±0.11,3.36±0.12,44.73±0.48,474±16.0,,,,,,,,,,,,,,,,,,,,,,,
H003,"Arecanut, dried, red color (Areca catechu)",3.0,6.30±0.32,6.46±0.51,1.41±0.04,4.46±0.03,11.11±0.34,10.09±0.25,1.03±0.27,70.27±0.96,1477±9,0.03±0.007,0.24±0.025,0.80±0.02,0.08±0.01,0.21±0.034,2.94±0.17,8.57±0.46,,,12.60±1.17,,,0.04±0.01,0.27±0.01,0.04±0.00,,,,,,0.17±0.01,3.90±0.55,,27.5±7.24,3.12±1.66,,,,,,63.72±3.91,1.05±0.33,,0.001±0.000,51±11.33,0.029±0.016,0.002±0.001,1.57±0.59,3.26±0.90,0.005±0.003,0.002±0.000,91.01±14.45,2.32±0.84,,0.022±0.036,0.104±0.019,127±3.4,617±125,12.52±1.56,17.13±2.81,1.02±0.20,69.12±2.92,67.33±2.74,0.60±0.17,0.83±0.07,0.36±0.02,,1.79±0.20,,,236±13.8,833±22.4,498±15.4,94.80±6.23,12.14±0.73,,,,,980±16.7,7.24±0.47,,,901±22.5,,16.78±0.07,,1674±29.9,987±16.3,918±22.5,,,,,,,,,,,,,,,2.75±0.96,1.56±0.27,4.26±0.07,4.84±0.36,0.97±0.18,0.55±0.03,3.83±0.72,2.86±0.89,0.76±0.13,3.33±0.18,6.70±0.44,12.68±1.19,8.22±1.00,19.61±1.29,5.21±0.30,4.62±0.69,5.89±1.02,2.84±0.28,,,,,8.76±0.35,0.20±0.05,45.71±2.49,74.62±2.16,2.03±0.60,,,,0.43±0.18,,0.09±0.04,,,,,,,,,,,,,,0.97±0.65,,,,,,,,,,,,,2.10±0.36,,,,,,2770±7.3,,,,,5.37±0.23,3.46±0.11,48.93±0.44,403±9.9,,,,,,,,,,,,,,,,,,,,,,,
H004,"Arecanut, fresh (Areca catechu)",2.0,37.70,2.73,1.43,5.51,7.63,6.59,1.03,45.00,1024,0.038,0.031,0.74,0.21,0.25,1.70,26.51,,,11.03,,,0.01,0.13,0.02,,,,,,0.06,3.71,,31.65,6.23,,,,,,47.78,,,,34.03,,,0.71,1.04,,,47.6,1.36,,,,90.48,329,,5.53,0.56,40.1,35.38,3.24,1.06,0.43,,4.72,,,586,2093,628,68.65,13.31,,,,,582,16.44,,,506,,15.67,,3389,599,522,,,,,,,,,,,,,,,1.81,1.62,4.51,4.59,1.27,0.64,3.65,2.89,0.7,4.89,3.8,10.99,8.2,22.03,4.54,4.25,5.01,2.84,,,,,12.56,24.8,,,26.62,,,,1.04,,0.05,,,,,,,,,,,,,,0.46,,,,,,,,,,,,,8.7,,,,,,2563,,,,,5.17,3.39,45.24,414,,,,,,,,,,,,,,,,,,,,,,,
H005,Cashew nut (Anacardium occidentale),6.0,4.44±0.22,18.78±0.58,2.25±0.08,45.20±0.07,3.86±0.47,2.23±0.35,1.63±0.24,25.46±0.70,2438±11,0.61±0.042,0.03±0.017,1.03±0.06,1.40±0.19,0.16±0.010,2.58±0.33,25.20±5.11,,,3.85±0.23,,,1.05±0.05,0.05±0.01,5.26±0.05,,,,,,1.05±0.06,1.83±0.21,,5.87±1.91,3.21±1.77,,,,,,16.94±3.30,0.18±0.11,,,34±2.98,0.002±0.001,0.004±0.001,2.23±0.13,5.95±0.44,0.005±0.004,,307±46.6,1.78±0.08,,0.025±0.011,0.607±0.145,500±35.3,635±35.2,13.08±1.07,9.00±0.19,5.34±0.27,23.23±1.11,20.11±1.08,1.97±0.05,1.05±0.04,0.10±0.02,,3.11±0.08,,,,,4033±59,3447±89.3,233±5.2,47.13±1.73,56.25±3.84,,163±7.9,27678±303,66.58±3.22,,,7427±205,,55.04±6.90,,7816±148,27907±309,7482±203,,,,,,,,,,,,,,,2.27±0.36,3.86±0.30,7.02±0.23,4.80±0.26,1.38±0.11,1.33±0.09,4.87±0.70,3.12±0.17,1.05±0.11,3.23±0.19,5.35±0.37,9.75±0.07,9.85±0.19,22.76±0.64,5.25±0.39,3.97±0.20,6.39±0.35,2.81±0.11,189±11.8,149±11.4,39.52±17.31,,7.73±0.46,34.66±1.06,,,27.73±2.55,,,,,,,,,,,,,,,,,,0.03±0.01,,,,,,,,,,,0.03±0.01,2.43±0.18,0.94±0.10,0.42±0.08,1.55±0.35,,,,,,32.86±1.76,2.62±0.433,0.21±0.047,0.01±0.002,,3.64±0.07,0.89±0.04,110±2.5,929±22.9,9.84±0.31,,,,,,,,,,,,,,,,,,,,,,
H006,"Coconut, kernal, dry (Cocos nucifera)",6.0,3.97±0.73,7.27±0.02,1.61±0.17,63.26±0.30,15.88±0.79,14.55±0.23,1.33±0.99,8.01±1.02,2611±9,0.04±0.005,0.04±0.015,0.71±0.11,0.21±0.01,0.15±0.008,1.01±0.07,24.27±3.16,,,,,,6.02±0.54,,0.44±0.01,,,,,,6.06±0.54,2.88±0.57,,62.5±9.59,3.12±1.03,,,,,,176±9.4,0.41±0.05,,0.001±0.000,32±4.51,0.013±0.012,0.006±0.003,0.90±0.11,3.13±0.47,0.006±0.003,0.004±0.003,97.21±14.66,1.61±0.40,2.10±0.65,0.025±0.013,0.282±0.098,203±6.0,739±62.0,25.25±2.78,16.68±0.38,1.41±0.11,6.93±0.30,,1.37±0.04,1.00±0.03,4.57±0.28,,6.93±0.30,,2674±33.6,24525±379,10243±145,4322±185,1373±74.3,0.00±0.00,0.00±0.00,0.00±0.00,,,3710±133,0.00±0.00,,,929±37.7,,,,43138±268,3710±133,929±37.7,,,,,,,,,,,,,,,2.15±0.17,3.02±0.69,6.74±0.45,4.31±0.38,1.55±0.20,1.75±0.10,5.19±0.49,3.07±0.18,0.62±0.12,4.81±1.10,5.51±0.58,13.08±1.96,9.59±1.16,22.14±1.17,4.54±0.33,3.50±0.27,5.11±0.62,2.69±0.07,6.83±1.21,3.10±0.04,3.73±1.20,,117±1.4,0.41±0.10,1.83±0.64,13.84±1.58,10.17±0.48,6.38±0.81,1.80±0.24,,,,0.77±0.15,,,0.43±0.06,0.04±0.01,2.94±0.60,0.03±0.01,,,,,,,1.14±0.06,,,,,,,,,,,,,,,,,,,,72.17±3.90,,,,,1.75±0.07,4.39±0.30,21.97±0.71,390±20.8,,,,,,,,,,,,,,,,,,,,,,,
H007,"Coconut, kernel, fresh (Cocos nucifera)",6.0,36.14±0.36,3.84±0.04,1.93±0.15,41.38±0.42,10.42±0.28,9.43±0.24,0.99±0.07,6.30±0.43,1711±13,0.03±0.003,0.08±0.006,0.30±0.02,0.21±0.02,0.10±0.008,0.63±0.04,25.41±2.66,0.80±0.24,,,,,2.39±1.11,0.05±0.02,3.19±0.45,,,,,,2.72±1.09,23.22±1.76,,122±15.4,4.84±1.66,,,,,2.66±0.28,204±11.3,0.03±0.01,,0.001±0.000,8±1.42,0.003±0.002,0.004±0.002,0.36±0.19,1.30±0.51,0.002±0.000,,35±11.30,0.74±0.15,,0.012±0.008,0.050±0.025,67.73±15.15,246±81.2,,8.12±2.48,0.58±0.16,6.20±0.26,,1.00±0.08,0.89±0.04,4.31±0.20,,6.20±0.26,,1699±59.3,15442±303,6736±195,3067±157,1043±166,32.77±8.25,10.93±1.65,17.37±2.38,,,2434±59.5,15.62±0.99,,,639±40.1,,,,28048±174,2449±59.3,639±40.1,,,,,,,,,,,,,,,2.40±0.23,4.37±0.41,6.93±0.38,4.08±0.19,2.19±0.14,1.47±0.13,4.51±0.20,3.25±0.26,1.20±0.15,5.83±0.36,5.27±0.18,13.87±0.44,9.62±0.23,19.12±0.56,4.63±0.19,4.61±0.21,5.33±0.20,3.20±0.31,3.44±1.52,1.68±0.33,1.76±1.33,1.71±0.75,1.82±0.20,,15.15±0.49,,119±1.4,,0.31±0.04,,,,0.18±0.04,,,0.26±0.06,0.02±0.01,0.45±0.06,0.02±0.01,,,,,,,0.59±0.12,,,,,,,,,,,,,,,,,,,,35.22±3.14,,,,,1.17±0.06,2.45±0.07,14.59±0.20,136±2.5,,,,,,,,,,,,,,,,,,,,,,,
H008,"Garden cress, seeds (Lepidium sativum)",5.0,4.60±0.21,23.36±0.32,6.37±0.11,23.74±0.09,8.27±0.04,6.33±0.06,1.95±0.10,33.66±0.50,1863±3,0.52±0.023,0.15±0.004,5.67±0.06,0.28±0.03,0.05±0.008,8.66±0.62,30.92±6.34,,,1.92±0.11,,,1.07±0.01,,,,,,,,0.07±0.01,24.66±3.01,,22.5±7.41,33.93±10.2,,,,,,559±34.6,,11.01±10.33,0.008±0.003,318±54.8,,0.019±0.010,0.51±0.09,17.20±5.49,0.042±0.029,,307±11.9,2.87±0.35,,0.033±0.007,0.128±0.045,539±50.7,952±41.7,54.41±4.38,21.84±3.57,4.83±0.97,31.03±1.87,30.12±1.74,0.09±0.01,0.21±0.08,0.61±0.08,,0.91±0.16,,,,32.71±4.62,2190±36.2,730±21.6,800±24.0,219±12.4,130±7.6,,55.48±2.08,5166±261,2699±52.1,,211±9.3,2839±50.1,141±8.8,7484±246,,4101±69.3,8131±242,10464±234,,,,,,,,,,,,,,,2.62±0.10,3.75±0.15,6.58±0.10,3.85±0.19,1.85±0.16,1.23±0.10,3.89±0.18,3.15±0.16,1.24±0.18,4.69±0.18,5.33±0.35,10.67±0.38,10.29±0.83,21.34±0.82,5.22±0.19,4.37±0.17,4.99±0.18,3.47±0.12,60.04±5.04,33.30±5.55,26.74±2.45,,2.08±1.11,1.73±0.25,94.12±1.04,,25.42±2.35,0.84±0.09,,,,,,,,0.09±0.01,0.08±0.02,0.65±0.14,0.05±0.02,,,,,1.21±0.38,,,,,9.82±1.86,,,,,,,,,,,,,,,,,115±9.1,3.56±0.741,0.91±0.224,,,63.85±0.83,7.98±0.09,261±3.3,1037±21.6,3.42±0.25,,,,,,,,,,,,,,,,,,,,,,
H009,"Gingelly seeds, black (Sesamum indicum)",6.0,4.51±0.44,19.17±0.64,5.78±0.22,43.10±0.03,17.16±0.19,13.57±0.13,3.59±0.13,10.29±0.74,2124±8,0.34±0.027,0.10±0.009,3.12±0.26,0.49±0.07,0.64±0.034,3.06±0.39,127±11.8,,,67.83±4.18,,,1.08±0.01,,,,0.03±0.01,,,,0.09±0.01,110±6.1,,22.9±11.0,2.67±1.21,,,,,13.09±2.67,60.78±13.60,2.08±0.32,,0.004±0.002,1664±329,0.029±0.014,0.035±0.013,1.76±0.24,13.90±1.60,0.034±0.017,0.035±0.019,390±53.1,2.53±0.32,,0.075±0.021,0.262±0.100,568±96.4,480±8.7,15.70±1.67,15.91±0.56,8.59±0.69,9.53±0.59,8.54±0.58,0.31±0.02,0.47±0.02,0.21±0.02,,0.99±0.05,,,,,3735±151,2230±164,263±11.9,51.25±6.32,38.42±6.09,,62.24±4.91,15475±432,67.66±4.99,,,19123±472,,136±32.3,,6317±169,15605±437,19259±477,,,,,,,,,,,,,,,2.39±0.25,5.69±0.17,5.91±0.78,2.63±0.31,3.36±0.13,1.22±0.16,4.74±0.38,3.19±0.22,1.10±0.11,4.78±0.37,5.92±0.70,11.02±0.73,8.63±1.39,20.14±1.72,5.66±0.76,3.76±0.41,5.48±0.54,3.22±0.72,2156±199,78.58±5.76,2078±200,0.22±0.03,4.56±2.11,1.77±0.32,,10.45±0.15,104±2.5,3.84±0.89,,,0.14±0.01,1.45±0.23,,,,,,0.06±0.01,0.14±0.01,,,,,,,,,,,,,,,,,,,,,,,,,,,153±1.5,1.00±0.038,0.01±0.001,0.01±0.002,,30.80±1.08,14.08±0.64,206±2.3,845±20.7,3.25±0.37,,,,,,,,,,,,,,,,,,,,,,
H010,"Gingelly seeds, brown (Sesamum indicum)",4.0,3.62±0.32,21.61±0.71,4.58±0.13,43.22±0.08,17.21±0.18,13.58±0.18,3.63±0.11,9.76±1.01,2161±8,0.27±0.025,0.08±0.009,3.05±0.45,0.49±0.04,0.49±0.033,3.48±0.24,92.63±5.90,,,76.51±2.78,,,1.22±0.08,,,,0.04±0.01,,,,0.23±0.08,113±7.6,,17.0±4.46,2.40±0.61,,,,,5.41±0.57,86.72±3.90,2.50±0.69,,0.001±0.001,1174±189,0.020±0.009,0.022±0.011,1.68±0.18,14.95±1.69,0.010±0.011,0.004±0.003,328±13.3,1.76±0.19,,0.114±0.029,0.113±0.030,613±86.8,491±7.5,52.64±8.89,11.94±0.17,7.84±0.93,9.31±1.09,7.92±1.06,0.50±0.02,0.21±0.03,0.68±0.03,,1.39±0.04,,,,,3826±66.6,2090±46.5,251±3,47.61±8.43,35.87±1.72,,56.96±2.60,15866±282,66.30±2.49,,,18966±202,,112±12.7,,6250±36.6,15989±279,19078±208,,,,,,,,,,,,,,,2.30±0.24,5.01±0.29,6.18±0.37,2.57±0.22,2.69±0.16,1.13±0.13,3.83±0.85,3.05±0.37,1.17±0.10,4.79±0.14,5.67±0.82,11.30±0.77,8.65±0.48,20.73±0.99,5.58±0.55,3.48±0.14,5.43±0.38,3.36±0.26,2030±794,83.13±4.87,1947±792,0.64±0.09,54.18±16.15,3.27±0.46,34.68±1.45,11.90±3.25,10.72±1.12,139±12.7,,,0.24±0.04,0.41±0.04,,,,,,0.23±0.03,0.08±0.01,,,,,,,,,,,,,,,,,,,,,,,,,,,102±1.6,0.86±0.275,0.01±0.003,0.01±0.001,,32.34±0.60,14.11±0.22,207±2.0,921±10.4,6.40±0.23,,,,,,,,,,,,,,,,,,,,,,
H011,"Gingelly seeds, white (Sesamum indicum)",5.0,3.30±0.28,21.70±0.44,4.13±0.16,43.05±0.04,16.99±0.30,13.49±0.19,3.51±0.15,10.83±0.50,2174±9,0.36±0.047,0.07±0.009,3.94±0.14,0.48±0.04,0.62±0.029,3.46±0.46,131±4.3,,,62.74±3.34,,,1.24±0.17,,,,0.07±0.02,,,,1.26±0.17,106±2.4,,19.7±5.45,1.88±0.33,,,,,12.94±1.55,57.06±19.48,1.29±0.43,,,1283±149,0.015±0.006,0.023±0.026,1.50±0.12,15.04±2.09,0.024±0.017,0.005±0.003,372±39.9,1.74±0.15,,0.126±0.036,0.116±0.039,754±42.6,460±38.9,26.74±2.78,15.43±0.70,7.77±0.67,8.61±0.73,7.94±0.74,0.09±0.02,0.33±0.01,0.26±0.03,,0.67±0.04,,,,,3883±17.2,2206±143,256±22.8,50.85±10.31,33.17±5.10,,55.87±7.22,16001±330,67.54±4.43,,,18477±495,,120±14.1,,6430±189,16124±329,18597±490,,,,,,,,,,,,,,,2.41±0.11,6.02±0.02,5.40±0.41,2.59±0.08,2.25±0.04,1.31±0.08,4.38±0.60,3.00±0.28,1.16±0.09,4.64±0.23,5.62±1.14,11.18±0.75,9.06±1.38,20.03±1.33,6.32±1.48,3.76±0.41,5.63±0.51,3.30±0.33,2004±123,73.51±3.34,1931±122,0.77±0.06,56.42±2.93,0.42±0.04,0.12±0.01,,,93.82±1.11,,,0.13±0.02,1.54±0.25,,,,,,0.07±0.01,0.13±0.02,,,,,,,,,,,,,,,,,,,,,,,,,,,23.00±1.29,0.93±0.332,0.01±0.008,0.02±0.000,,34.13±1.23,14.89±0.17,219±1.1,927±38.8,5.64±0.20,,,,,,,,,,,,,,,,,,,,,,
H012,Ground nut (Arachis hypogea),6.0,6.97±0.69,23.65±0.85,2.11±0.07,39.63±0.29,10.38±0.18,8.58±0.15,1.79±0.22,17.27±0.33,2176±9,0.57±0.052,0.12±0.017,11.35±0.36,1.01±0.03,0.23±0.023,1.61±0.22,90.87±4.80,,,7.10±0.72,,,4.26±0.10,,,,0.04±0.01,,,,0.28±0.10,2.50±0.75,,4.42±1.04,8.07±2.32,,,,,22.75±2.13,82.80±6.06,3.16±0.39,,0.002±0.001,54±7.37,0.007±0.002,0.009±0.003,0.92±0.08,3.44±0.36,0.003±0.002,0.002±0.002,197±15.5,1.62±0.07,1.37±0.00,0.108±0.024,0.174±0.065,391±13.0,679±48.9,3.41±0.74,12.21±0.47,3.18±0.14,14.61±0.87,10.19±0.52,0.60±0.30,0.25±0.04,3.57±0.40,,4.42±0.51,,,,,4520±84.5,1303±96.2,598±66.3,1247±133,478±70,,242±22.6,17719±562,376±30.0,,,11584±426,,0.00±0.00,,8144±214,18337±552,11584±426,,,,,,,,,,,,,,,2.24±0.20,4.67±0.38,6.40±0.57,3.39±0.28,1.21±0.14,1.33±0.11,5.40±1.08,2.54±0.17,0.90±0.14,3.92±0.93,4.23±0.30,10.85±0.78,11.68±1.66,19.41±1.16,5.56±0.38,3.74±0.97,5.05±0.37,3.86±0.37,60.98±11.01,39.67±3.31,21.31±10.21,,61.34±11.36,1.05±0.38,6.21±0.77,12.48±0.64,9.70±1.98,154±7.8,,,,,2.60±0.26,,,0.59±0.06,0.86±0.04,2.89±0.82,,2.64±0.19,,,,0.05±0.01,,,,,1.35±0.43,,,,,,,,,,,,,,,,,127±10.6,0.03±0.020,0.06±0.019,,,17.23±0.58,9.46±0.29,124±3.6,582±9.8,3.58±0.36,,,,,,,,,,,,,,,,,,,,,,
H013,Mustard seeds (Brassica juncea),6.0,5.67±0.48,19.51±0.23,3.73±0.05,40.19±0.21,14.10±0.66,10.63±0.57,3.47±0.20,16.80±0.71,2132±16,0.55±0.065,0.33±0.010,3.80±0.41,0.48±0.04,0.24±0.019,1.45±0.36,94.88±4.67,,,31.79±1.56,,,1.44±0.08,,,,0.04±0.01,,,,0.45±0.08,8.20±1.27,,192±16.3,6.54±2.42,,,,,36.72±7.07,675±77.0,7.78±1.60,5.84±1.58,0.004±0.002,402±54.0,0.027±0.018,0.019±0.010,0.69±0.15,13.49±2.95,0.008±0.004,0.016±0.016,266±47.3,4.23±1.18,,0.028±0.010,0.076±0.036,715±82.1,694±112,71.47±15.33,3.97±1.01,4.03±0.26,14.12±1.06,9.05±0.80,1.13±0.46,1.40±0.42,2.55±0.56,,5.07±0.72,,,,,856±29.4,389.3±38,289±27.8,348±31.2,230±36,,69.74±7.52,4012±549,1838±84.9,14468±820,644±33.6,4932±112,245±39.3,3341±379,,2112±41.7,21032±503,8910±540,,,,,,,,,,,,,,,2.76±0.16,3.80±0.46,6.96±0.32,5.31±0.34,1.66±0.43,1.63±0.10,4.47±0.71,4.02±0.31,1.23±0.09,5.00±0.72,4.62±0.53,6.71±0.74,7.14±0.68,19.70±2.13,5.08±0.77,6.11±0.80,4.20±0.72,3.03±0.30,6.92±1.59,5.28±0.21,1.64±1.65,,67.49±13.38,0.39±0.04,16.04±0.64,14.12±0.72,5.95±0.53,149±2.2,,,,,,,,1.24±0.10,0.05±0.01,1.77±0.42,,,,1.04±0.15,,,,4.51±0.89,,,,8.08±0.33,,,,,,,,,,,,,,,,48.81±6.17,0.35±0.118,0.56±0.178,,,43.10±1.88,7.63±0.15,117±2.3,132±15.3,,,,,,,,,,,,,,,,,,,,,,,
H014,Linseeds (Linum usitatissimum),6.0,5.48±0.28,18.55±0.15,3.15±0.10,35.67±0.70,26.17±0.39,21.83±0.60,4.33±0.84,10.99±0.86,1857±16,0.28±0.018,0.05±0.001,1.09±0.05,0.37±0.03,0.35±0.020,21.25±0.49,86.50±2.75,,,0.55±0.13,,,7.79±0.81,,1.51±0.13,,1.12±0.01,,,,8.28±0.81,19.17±0.70,,5.67±0.81,7.22±0.70,,,,,1.05±0.03,92±22.8,,8.25±3.18,0.009±0.002,257±14.0,0.001±0.000,0.033±0.014,1.34±0.09,5.44±0.69,0.004±0.002,,349±19.8,2.14±0.23,,0.022±0.009,0.171±0.052,445±20.1,655±45.6,46.87±9.22,32.93±6.45,4.86±0.25,8.15±0.17,7.55±0.13,0.20±0.02,0.40±0.05,,,0.60±0.04,,,,,1503±68.1,1323±65.6,59.74±4.28,51.21±3.89,31.93±2.83,,25.61±1.29,5049±303,36.60±1.43,,,3191±144,,12956±467,,2968±48.4,5112±303,16147±378,,,,,,,,,,,,,,,2.62±0.10,4.47±0.22,6.81±0.26,4.63±0.22,1.75±0.05,1.61±0.10,5.58±0.26,3.88±0.10,1.57±0.12,5.31±0.13,4.89±0.25,11.15±0.62,10.87±0.25,17.70±1.07,5.71±0.20,4.39±0.17,5.25±0.12,3.48±0.12,5.85±1.00,1.91±0.34,3.95±1.09,,9.73±0.53,7.06±1.03,11.46±2.65,,1.87±0.19,,,,,,,,,,2.07±0.31,1.44±0.19,1.44±0.12,,,,,,,,,,,,1.82±0.61,,,,,,,,,,,,,,,31.60±13.38,3.52±0.359,,,,31.48±0.23,7.25±0.03,112±0.2,1859±15.8,2.21±0.29,,,,,,,,,,,,,,,,,,,,,,
H015,"Niger seeds, black (Guizotia abyssinica)",4.0,4.65±0.59,18.92±1.61,3.91±0.26,38.61±0.41,10.93±0.05,10.50±0.03,0.43±0.04,22.98±2.64,2144±11,0.46±0.043,0.23±0.031,1.14±0.09,0.49±0.03,0.45±0.061,2.37±0.11,140±29.3,,,2.52±0.41,,,2.59±0.09,,7.79±1.04,1.05±0.03,,1.08±0.02,,,1.44±0.17,110±13.5,,22.1±4.41,9.61±1.59,,,,,2.15±0.81,295±39.1,11.94±3.46,3.35±0.16,0.001±0.001,572±37.1,0.029±0.019,0.011±0.004,1.20±0.04,18.19±0.22,0.004±0.003,0.037±0.035,346±41.0,3.08±0.19,,0.030±0.018,0.257±0.036,461±9.5,716±70.6,39.31±5.41,10.70±1.79,4.98±0.77,16.76±0.85,15.01±0.82,1.34±0.12,0.31±0.02,0.10±0.01,,1.75±0.11,,,,100±2.0,4750±57.7,951±52.8,91.53±2.82,23.39±1.53,27.87±2.13,,98.16±5.18,8813±417,122±11.5,,,21871±500,,64.5±3.15,,5945±88.9,9033±422,21935±499,,,,,,,,,,,,,,,1.88±0.47,4.57±0.23,4.71±0.27,3.61±0.28,1.31±0.21,1.76±0.53,3.14±0.91,2.70±0.88,1.25±0.14,3.69±0.67,6.92±0.68,7.54±0.65,9.85±0.55,22.85±2.79,6.13±0.79,4.46±0.61,4.16±0.84,3.02±0.19,1913±123,93.94±12.22,1819±134,0.35±0.08,102±3.7,,41.54±2.58,,41.73±2.64,371±2.9,0.26±0.04,,,,,,,,0.74±0.03,6.49±0.33,0.55±0.03,,,,,,,,,,,,,,,,,,,,,,,,,,,539±3.8,0.14±0.021,,,,24.76±0.32,35.44±0.47,175±3.2,1974±13.6,9.30±0.56,,,,,,,,,,,,,,,,,,,,,,
H016,"Niger seeds, gray (Guizotia abyssinica)",5.0,5.66±0.29,18.34±2.11,4.92±0.22,39.53±0.26,10.96±0.14,10.54±0.12,0.41±0.03,20.59±1.85,2128±6,0.38±0.064,0.35±0.042,0.88±0.15,0.46±0.03,0.34±0.025,2.40±0.29,73.13±4.56,,,2.70±0.18,,,2.18±0.10,,4.18±0.33,1.25±0.21,,1.12±0.02,,,2.66±0.11,105±14.3,,6.00±0.54,2.38±1.13,,2.73±0.91,,,8.49±0.83,187±21.6,13.84±2.87,3.02±0.38,0.004±0.006,375±58.1,0.046±0.022,0.017±0.005,1.37±0.15,19.61±5.77,0.008±0.008,0.024±0.020,379±69.3,4.44±0.14,,0.048±0.026,0.293±0.104,474±93.5,874±11.4,153.64±5.52,8.08±0.18,3.62±0.82,16.75±0.15,16.34±0.20,0.11±0.01,0.20±0.03,0.10±0.10,,0.41±0.08,,,,136±28.3,6061±180,2651±104,250±25.2,386±147,253±17.2,,131±19.7,4013±149,308±42.3,,,23300±300,,265±23.6,,9737±189,4452±129,23564±289,,,,,,,,,,,,,,,1.87±0.20,4.69±0.27,5.22±0.77,3.72±0.19,1.32±0.07,1.71±0.14,3.72±0.67,3.12±0.35,1.11±0.10,4.50±0.31,4.90±0.74,8.33±0.52,10.53±1.76,21.33±1.60,6.24±0.13,4.20±0.56,6.18±0.91,2.87±0.95,1544±224,90.22±3.55,1453±222,0.74±0.03,343±4.5,,13.80±1.99,,,,0.15±0.01,,,,,,,,0.63±0.03,5.40±0.45,0.30±0.06,,,,,,,,,,,,,,,,,,,,,,,,,,,359±6.9,0.23±0.022,0.01±0.001,,,24.32±0.80,34.16±1.11,174±2.5,1709±70.7,5.02±0.81,,,,,,,,,,,,,,,,,,,,,,
H017,Pine seed (Pinus gerardiana),5.0,5.32±0.15,12.55±0.25,2.78±0.10,48.79±0.10,3.79±0.03,2.23±0.03,1.57±0.03,26.77±0.35,2486±3,0.36±0.051,0.08±0.004,3.52±0.05,0.50±0.03,0.11±0.004,18.46±0.62,31.64±2.70,,,0.61±0.08,,,4.01±0.00,,,,,,,,0.01±0.00,44.55±2.44,,97.0±17.4,11.55±1.53,,,,,1.98±0.52,297±40.4,,7.00±1.48,0.004±0.001,17±1.27,0.002±0.001,0.001±0.001,1.17±0.07,4.50±1.03,0.004±0.002,,268±18.7,7.92±0.55,,0.033±0.021,0.191±0.045,618±39.7,686±69.0,10.56±4.93,1.31±0.04,4.18±0.04,22.60±0.49,17.93±0.44,1.55±0.17,1.00±0.02,2.12±0.07,,4.67±0.14,,,,19.65±1.31,2640±69.1,791±67.9,246±22.5,74.80±5.21,30.03±3.06,,31.06±1.90,18261±172,332±7.4,,,23874±310,140±27.5,188±10.1,,3801±123,18624±177,24202±303,,,,,,,,,,,,,,,2.38±0.19,4.00±0.22,6.23±0.19,3.79±0.18,1.43±0.13,1.56±0.27,3.68±0.26,3.63±0.32,0.83±0.09,4.73±0.17,4.33±0.27,16.73±0.51,8.97±0.61,18.23±0.79,4.34±0.20,4.59±0.23,4.18±0.22,2.74±0.11,159±19.3,94.00±4.91,64.99±15.30,,15.26±0.52,23.06±0.60,,,34.32±1.13,,,,,,,,,,0.35±0.03,0.33±0.06,,,,,,,,,,,,,,,,,,,,0.28±0.04,,,,,,,,59.85±4.92,,,,,22.30±0.17,2.34±0.02,182±0.2,883±9.6,3.21±0.42,,,,,,,,,,,,,,,,,,,,,,
H018,Pistachio nuts (Pistacla vera),6.0,4.68±0.22,23.35±0.35,3.02±0.13,42.49±0.34,10.64±0.16,8.23±0.15,2.41±0.11,15.82±0.52,2257±10,0.98±0.144,0.04±0.002,0.86±0.01,0.58±0.03,0.96±0.029,11.82±2.20,64.90±7.22,,,1.80±0.34,,,31.41±5.46,4.10±0.67,8.48±1.38,1.55±0.23,0.02±0.01,,,,33.92±5.53,18.65±0.70,,171±6.8,,,,,,110±10.4,519±31.3,,3.09±0.56,0.001±0.000,135±22.4,0.003±0.004,0.001±0.000,0.89±0.05,4.50±0.63,0.014±0.007,,149±3.0,0.87±0.06,0.65±0.33,0.022±0.003,0.087±0.009,537±9.2,1053±11.7,10.46±2.65,6.93±1.84,2.42±0.14,14.55±0.30,6.65±0.33,4.11±0.02,2.65±0.16,1.15±0.03,,7.90±0.19,,,,39.96±3.16,3473±81.9,425±34.4,49.82±2.80,38.10±7.85,18.11±3.13,,285±12.9,18478±209,144±2.7,,13.87±1.80,11776±277,,171±5.2,,4043±94.4,18922±207,11946±281,,,,,,,,,,,,,,,2.28±0.13,5.22±0.15,7.55±0.30,3.32±0.18,1.45±0.12,1.46±0.13,5.52±0.51,4.60±0.17,1.42±0.19,5.27±0.22,5.17±0.15,8.52±0.36,9.94±0.38,16.37±0.62,5.99±0.17,3.69±0.12,4.19±0.30,3.18±0.29,46.42±7.95,22.88±2.45,23.54±7.90,,3.24±0.34,1.22±0.21,139±3.6,53.79±2.27,6.12±0.37,4.21±1.04,,,,,,,,,,,,,,,1.46±0.11,,0.43±0.28,,0.03±0.01,,,,0.14±0.07,,,,0.09±0.02,0.59±0.02,1.78±0.30,,2.99±0.30,0.69±0.30,,,,,,132±6.4,4.21±0.421,0.13±0.032,,,12.38±0.17,2.22±0.08,369±4.2,808±16.5,3.01±0.15,,,,,,,,,,,,,,,,,,,,,,
H019,Safflower seeds (Carthamus tinctorius),5.0,5.24±0.16,17.66±0.54,2.57±0.15,30.87±0.98,13.49±0.45,10.24±0.27,3.25±0.22,30.18±1.20,1981±20,0.85±0.019,0.15±0.006,1.12±0.02,0.89±0.05,0.93±0.072,17.37±2.17,82.41±1.80,,,1.91±0.17,,,31.74±6.84,5.88±0.69,9.62±3.19,1.98±0.15,0.06±0.01,,,,35.09±7.13,8.80±1.13,,27.6±7.88,11.04±2.45,,,,,2.07±0.58,142±13.8,,1.19±0.21,0.005±0.002,211±14.5,0.003±0.002,0.003±0.001,0.56±0.13,4.06±0.42,0.032±0.044,,321±49.5,0.56±0.81,0.36±0.10,0.020±0.010,0.053±0.016,644±56.5,550±64.3,6.33±1.14,3.05±0.91,3.90±0.76,28.15±0.85,25.48±0.76,0.80±0.02,0.52±0.07,1.35±0.06,,2.67±0.11,,,,28.06±1.91,1789±132,546±21.4,90.69±5.27,58.62±3.79,36.13±3.31,,17.08±2.37,3487±27,49.34±1.37,,36.44±2.22,18760±227,,21.90±0.73,,2548±115,3589±26.7,18781±226,,,,,,,,,,,,,,,2.44±0.21,3.69±0.33,6.32±0.14,3.55±0.09,0.74±0.06,1.60±0.12,4.27±0.19,3.30±0.13,1.43±0.14,4.35±0.24,5.71±0.19,9.34±0.23,10.22±0.38,20.14±0.86,5.96±0.16,4.05±0.21,5.56±0.12,3.24±0.21,215±27.2,92.57±6.98,122±33.5,,1.95±0.53,1.94±0.93,133±7.0,25.63±0.79,9.02±0.62,5.67±0.64,,,,,,,,0.25±0.02,0.05±0.02,0.03±0.01,0.14±0.01,,,,0.17±0.04,0.17±0.03,,,,,0.27±0.02,,,,,,,,,,,,,,,,,22.09±1.13,3.07±0.209,0.10±0.006,0.36±0.022,,17.59±0.31,6.63±0.21,144±2.1,1083±10.7,4.41±0.30,,,,,,,,,,,,,,,,,,,,,,
H020,Sunflower seeds (Helianthus annuus),5.0,3.53±0.29,23.53±0.56,3.44±0.26,51.85±0.07,10.80±0.13,8.51±0.17,2.29±0.07,6.85±0.99,2453±8,0.59±0.064,0.13±0.027,1.60±0.27,0.97±0.05,0.94±0.150,2.44±0.18,81.79±21.37,,,1.54±0.18,,,21.39±0.37,3.42±0.67,3.41±0.32,,,,,,12.93±1.24,9.20±0.89,,20.0±2.52,2.48±0.71,,,,,8.15±1.18,249±12.0,1.33±0.51,,0.005±0.000,176±27.0,0.009±0.002,0.021±0.001,2.78±0.99,5.85±1.09,0.009±0.003,0.006±0.000,413±33.5,2.35±0.91,,0.047±0.020,0.322±0.144,752±118,559±8.0,,1.90±0.44,7.07±0.52,6.79±0.56,3.97±0.45,0.74±0.08,0.60±0.02,1.48±0.15,,2.81±0.13,,,,47.49±10.65,3215±109,2166±179,175±7.7,411±33.7,145±12.2,,71.56±7.04,17649±467,82.25±11.93,,,25545±308,,35.6±5.78,,6159±310,17803±471,25580±305,,,,,,,,,,,,,,,2.30±0.10,4.21±0.08,6.38±0.34,3.26±0.26,0.84±0.19,1.43±0.15,4.97±0.31,3.31±0.16,1.14±0.06,4.99±0.19,5.69±0.33,8.55±0.37,9.80±0.29,22.29±0.81,6.29±0.18,4.76±0.28,5.51±0.08,2.47±0.11,23.70±5.39,6.13±0.72,17.57±5.94,,33.42±1.26,1.46±0.23,7.47±1.05,,0.60±0.05,57.95±9.16,,,,,,,,0.50±0.08,0.16±0.01,8.29±1.69,3.81±0.87,,,,,,,,,,,,,,,,,,,,,,,,,,,289±6.8,0.09±0.018,,,,11.76±0.26,14.42±0.58,175±3.0,423±15.4,13.93±0.81,,,,,,,,,,,,,,,,,,,,,,
H021,Walnut (Juglans regia),6.0,3.56±0.22,14.92±0.62,1.72±0.08,64.27±0.05,5.39±0.19,4.74±0.17,0.65±0.03,10.14±0.69,2809±3,0.40±0.020,0.12±0.006,0.86±0.03,0.84±0.03,0.80±0.072,13.05±1.48,57.95±9.72,0.88±0.10,,46.31±2.64,,,2.65±1.09,3.50±0.44,0.43±0.15,0.16±0.03,0.10±0.00,,,,4.12±1.14,84.92±1.55,,21.7±10.05,2.30±0.82,,4.94±0.79,,,9.53±0.91,122±5.8,0.37±0.15,0.46±0.52,,105±5.9,0.006±0.007,0.009±0.003,1.52±0.33,3.21±0.17,0.015±0.012,,180±16.2,3.47±0.32,,0.020±0.006,0.300±0.079,400±43.0,457±33.2,6.53±3.72,1.33±0.56,2.94±0.25,10.05±0.73,6.63±0.34,1.10±0.02,0.36±0.03,1.76±0.10,,3.22±0.08,,,,,3661±50.6,1502±36.3,44.18±21.48,,,,39.95±6.12,11168±799,108±13.5,,,36205±626,,8710±238,,5208±74.2,11316±796,44915±830,,,,,,,,,,,,,,,2.34±0.24,4.74±0.12,6.87±0.50,2.18±0.54,0.73±0.13,1.36±0.13,4.41±0.68,3.08±0.28,1.04±0.13,5.78±0.36,5.44±0.60,13.47±0.49,10.18±0.90,20.50±0.77,5.55±0.32,3.42±0.35,6.54±0.50,2.73±0.34,37.03±9.41,27.31±4.89,9.72±5.45,3.33±0.85,15.32±0.80,,24.59±0.82,,279±3.7,81.29±11.73,0.10±0.03,,6.61±0.88,,,,,,,,,,,,,,,,,,,,,,,,,,,,,,,,,,1.23±0.30,216±1.2,,,,,2.99±0.13,1.36±0.08,125±3.2,1001±17.3,10.03±0.14,,,,,,,,,,,,,,,,,,,,,,
I001,"Jaggery, cane (Saccharum officinarum)",6.0,11.20±0.49,1.85±0.19,1.92±0.17,0.16±0.02,,,,84.87±0.63,1480±9,0.04±0.006,0.01±0.000,0.02±0.00,0.23±0.01,0.71±0.084,0.58±0.06,14.40±2.40,,,0.47±0.06,,,0.04±0.01,,,,,,,,0.04±0.01,,,5.90±1.83,,,,,,,18.49±2.26,2.40±0.82,,,107±19.7,0.011±0.006,0.006±0.004,0.07±0.04,4.63±1.23,0.008±0.002,0.005±0.004,115±27.9,0.72±0.39,,,0.017±0.006,74.53±12.20,488±103,,25.38±7.47,0.45±0.22,84.32±3.22,,22.31±1.92,3.79±0.79,58.23±1.21,,84.32±3.22,,,,,45.00±3.15,24.23±1.77,,,,,,21.67±1.45,,,,33.10±2.09,,,,69.23±4.91,21.67±1.45,33.10±2.09,,,,,,,,,,,,,,,1.64±0.41,2.27±0.57,2.97±0.14,2.73±0.15,0.44±0.11,0.49±0.10,4.82±0.46,2.18±0.25,0.59±0.18,3.45±0.30,4.53±0.25,3.01±0.42,31.24±0.90,12.89±2.93,2.72±0.71,1.71±0.74,3.34±0.28,1.00±0.18,,,,,5.24±1.14,3.31±0.70,36.91±1.90,60.69±2.73,46.62±2.59,3.21±0.98,0.95±0.19,,0.50±0.44,0.18±0.17,0.63±0.29,,,0.07±0.02,0.15±0.02,0.49±0.26,,,,7.76±0.93,,0.18±0.02,,,,,,,,,,,,,,,,,,,0.06±0.01,,,127±5.1,,,,,,,,,,,,,,,,,,,,,,,,,,,,,,,
I002,"Sugarcane, juice (Saccharum officinarum)",6.0,85.54±0.99,0.16±0.03,0.23±0.02,0.40±0.05,0.56±0.09,0.40±0.05,0.16±0.05,13.11±0.93,242±18,0.03±0.003,0.04±0.004,0.14±0.02,0.07±0.01,0.40±0.089,0.59±0.06,44.53±4.14,6.73±1.56,,0.41±0.01,,,0.02±0.01,,,,,,,,0.02±0.01,,,8.36±2.40,,,,,,7.87±0.37,41.23±4.16,0.14±0.12,,,18±4.07,0.002±0.000,0.001±0.000,0.03±0.01,1.12±0.27,0.001±0.001,0.001±0.000,13.03±6.37,0.33±0.23,,,0.002±0.000,22.08±5.08,150±47.2,,1.16±0.28,0.14±0.07,12.85±0.80,,0.55±0.22,2.27±0.49,10.03±0.33,,12.85±0.80,,,,,119±4.4,20.80±2.38,,,,,,29.70±2.99,,,,145±12.5,,28.34±4.27,,140±3.1,29.70±2.99,173±16.1,,,,,,,,,,,,,,,1.79±0.17,3.81±0.15,3.55±0.08,2.53±0.29,0.40±0.06,0.52±0.14,5.11±0.29,3.02±0.10,0.75±0.16,4.19±0.27,5.22±0.36,3.43±0.16,30.49±1.15,11.60±0.54,2.70±0.22,2.46±0.25,3.55±0.31,2.35±0.19,,,,,3.55±1.01,,2.04±0.49,132±6.2,459±5.4,,,,,,,,,0.61±0.07,0.55±0.25,,0.31±0.08,,,,,,,,,,,,,,,,,,,,,,,,,,,5.25±1.27,0.03±0.011,,,,,,,,,,,,,,,,,,,,,,,,,,,,,,
J001,"Button mushroom, fresh (Agaricus sp.)",1.0,90.09,3.68,0.71,0.42,3.11,2.76,0.35,1.98,115,0.01,0.03,0.68,0.43,0.12,9.23,8.28,,,20.54,,,0.01,,,,,,,,0.01,12.5,,,,,,,,,,0.13,0.15,0.288,18.38,0.01,0.001,0.09,0.29,1.725,1.275,,,,,,,,,,,,,,,,,,,,,1.83,40.06,12.95,5.07,2.98,,,1.23,5.25,0.34,,,263,,,,62.89,6.82,263,,,,,,,,,,,,,,,2.68,4.36,6.88,6.82,1.66,0.98,4.63,4.4,1.26,5.48,5.6,6.6,10.24,14.35,5.38,3.8,4.32,3.2,10.23,2.46,7.77,,5.61,0.81,3.5,,,,,,,,,,,,,,,,,,,,,,,,,,,,,,,,,,,,,,,,,,,,,,0.93,1.25,7.04,,,,,,,,,,,,,,,,,,,,,,,,
J001 ,,,,,,,,,,,,,,,,,,,,,,,,,,,,,,,,,,,,,,,,,,,,,,,,,,,,,18.3,0.15,,0.002,0.009,87.11,318,,7.72,0.17,0.8,0.7,0.1,,,,0.1,,,,,,,,,,,,,,,,,,,,,,,,,,,,,,,,,,,,,,,,,,,,,,,,,,,,,,,,,,,,,,,,,,,,,,,,,,,,,,,,,,,,,,,,,,,,,,,,,,,,,,,,,,,,,,,,,,,,,,,,,,,,,,,,,,,,,
J002,"Chicken mushroom, fresh (Lactiporus sp.)",1.0,92.43,1.84,0.74,0.25,1.99,1.82,0.18,2.76,89,0.37,0.06,1.45,1.48,0.11,8.94,11.13,0.45,,27.58,,,0.02,,,,,,,,0.02,16.29,,,,,,,,,,,,,4.83,,,0.42,0.3,,,10.78,0.18,,,,79.74,340,,10.22,0.55,1.96,1.86,0.1,,,,0.1,,,,0.79,54.83,3.99,,,,,0.62,2.4,,,,111,,26.43,,59.6,3.02,137,,,,,,,,,,,,,,,2.16,4.42,7.03,7.2,1.7,1.02,4.5,4.38,1.3,5.36,6.2,7.23,10.3,15.8,5.26,4.21,4.5,3.18,12.56,3.55,9.01,,6.48,0.97,3.96,,,,,,,,,,,,,,,,,,,,,,,,,,,,,,,,,,,,,,,,,,,,,,6.83,1.94,2.05,,,,,,,,,,,,,,,,,,,,,,,,
J003,"Shiitake mushroom, fresh (Lentinula sp.)",1.0,82.94,3.19,1.11,0.76,3.02,2.03,0.99,8.98,243,0.05,0.16,1.92,2.04,0.45,10.60,10.92,,,36.40,,,0.01,,,,,,,,0.01,12.50,,,,,,,,,,0.51,2.54,1.154,5.3,0.022,0.001,0.23,1.93,1.666,1.023,24.47,0.13,0.15,0.002,0.007,96.36,323,,9.3,1.21,4.51,4.31,0.2,,,,0.2,,,,3.25,72.7,18.44,9.17,5.21,,,2.05,9.73,0.55,,,417,63.63,,,116,12.33,480,,,,,,,,,,,,,,,2.2,4.5,7.14,7.36,1.56,1.06,4.2,4.92,1.32,6.08,6.38,6.8,10.51,14.67,5.8,3.66,4.45,3.1,15.84,4.12,11.72,,6.25,0.76,3.25,,,,,,,,,,,,,,,,,,,,,,,,,,,,,,,,,,,,,,,,,,,,,,7.35,2.19,2.91,,,,,,,,,,,,,,,,,,,,,,,,
J004,"Oyster mushroom, dried (Pleurotus sp.)",1.0,4.51,19.04,1.41,2.86,39.12,35.64,3.48,33.07,1019,0.24,0.17,3.77,2.33,0.85,22.51,10.40,,,109,,,0.01,,,,,,,,0.01,11.80,,,,,,,,,,5.17,1.95,3.591,23.61,0.058,0.003,0.9,3.58,9.301,4.383,136,1.02,5.01,0.004,0.044,702,350,0.04,8.67,8.67,22,21.32,0.68,,,,0.68,,,,12.67,256,91.79,36.78,20.76,,,7.94,38.44,27.58,,,1491,301,,,422,73.96,1792,,,,,,,,,,,,,,,2.81,4.3,7.08,7.54,1.82,1.2,4.52,4.86,1.41,6.16,6.46,6.94,10.72,15.6,5.69,4.4,4.8,3.08,20.65,6.34,14.31,,6.97,0.86,3.04,,,,,,,,,,,,,,,,,,,,,,,,,,,,,,,,,,,,,,,,,,,,,,7.72,2.03,2.72,,,,,,,,,,,,,,,,,,,,,,,,
K001,Toddy,10.0,93.86±0.59,0.18±0.05,0.21±0.03,0.03±0.01,,,,5.72±0.55,101±10,0.01±0.002,0.27±0.048,0.35±0.05,0.08±0.02,0.03±0.014,1.96±0.28,0.73±0.11,0.92±0.25,,,,,,,,,0.02±0.01,,,,0.01±0.00,,,,,,,,,,,,,,0.44±0.25,,,0.02±0.01,0.42±0.13,,,,,,,,,,,,,,,,,,,,,,,2.10±0.38,21.04±0.93,7.50±0.40,,,,,4.19±0.81,30.49±1.14,,,,44.90±1.71,,20.28±0.78,,30.65±0.93,34.68±0.79,65.18±2.11,,,,,,,,,,,,,,,,,,,,,,,,,,,,,,,,,,,,,,,,,,,,,,,,,,,,,0.03±0.01,,,,,,,,,,,,,,,,,,,,,0.03±0.01,,,,,,113±1.4,,,,,,,,,,,,,,,,,,,,,,,,,,,,,,,
K001 ,,,,,,,,,,,,,,,,,,,,,,,,,,,,,,,,,,,,,,,,,,,,,,,,,,,,,3.99±0.64 ,0.02±0.01 ,,,,5.82±1.31 ,83.54±17.52 ,,1.64±0.45 ,0.01±0.01,5.73±0.17 ,,5.73±0.17 ,,,,5.73±0.17,,,,,,,,,,,,,,,,,,,,,,,,,,,,,,,,,,,,,,,,,,,,,,,,,,,,,,,,,,,,0.03±0.01,,,,,,,,,,,,,,,,,,,,,,,,,,,,,,,,,,,,,,,,,,,,,,,,,,,,,,,,,,,,,,,,,,,,,,,,,
K002,Coconut Water,6.0,95.77±0.42,0.26±0.04,0.65±0.06,0.16±0.02,,,,3.16±0.39,64±7,0.01±0.000,0.01±0.000,0.04±0.01,0.26±0.02,0.06±0.006,0.21±0.02,10.88±1.86,0.64±0.11,,,,,0.45±0.03,,,,,,,,0.45±0.03,2.69±0.18,,4.53±2.12,,,,,,,46.12±7.32,0.04±0.02,,,27.47±4.28,0.001±0.001,,0.02±0.01,0.06±0.01,0.003±0.003,,18.19±6.03,0.48±0.16,,,0.043±0.034,18.05±7.06,215±40.0,,28.09±4.41,0.04±0.01,3.06±0.07,,3.06±0.07,,,,3.06±0.07,,,47.14±3.52,24.62±2.06,16.18±0.97,5.56±1.10,,,,,,10.78±0.38,,,,3.73±0.91,,,,93.49±4.64,24.11±32.54,3.73±0.91,,,,,,,,,,,,,,,1.75±0.46,1.58±0.28,2.35±0.56,3.84±2.33,0.59±0.12,0.99±0.13,1.95±0.89,2.69±0.66,0.78±0.18,3.02±0.59,20.28±2.26,5.13±1.26,10.81±0.71,31.01±1.65,1.97±0.64,4.25±1.56,5.05±1.71,1.57±0.31,,,,0.82±0.07,,1.74±0.92,,,124±15.5,4.20±1.10,0.15±0.03,,,,0.23±0.03,,,,,0.43±0.15,,,,,,,,0.13±0.02,,,,,,,,,,,,,,,,,,,,19.76±3.14,,,,,0.02±0.00,0.04±0.00,0.05±0.00,,,,,,,,,,,,,,,,,,,,,,,,
L001,"Milk, whole, Buffalo",6.0,80.68±0.66,3.68±0.13,0.67±0.02,6.58±0.20,,,,8.39±0.71,449±9,0.05±0.006,0.13±0.031,0.07±0.01,0.38±0.03,0.04±0.004,2.16±0.19,8.57±0.44,2.37±0.19,,1.63±0.13,,,0.12±0.02,0.09±0.02,,,0.10±0.02,,0.08±0.02,,0.19±0.02,,,,,,,,,,,,,0.01±0.00,121±3.0,0.004±0.001,0.005±0.001,0.03±0.01,0.16±0.02,0.005±0.002,,10.05±1.46,0.01±0.00,,,,86.94±6.27,109±5.6,1.45±0.26,30.10±2.98,0.30±0.05,,,,,,,,,158±6.6,220±3.3,806±16.9,1776±63.6,943±58.7,,,,47.08±7.37,61.97±4.34,1671±103,139±2.8,,,132±5.4,,34.76±2.06,21.78±0.89,4630±93.9,1919±106,200±7.8,,,,,,,,,,,,,,,,,,,,,,,,,,,,,,,,,,,,,,,,,,,,,,,,,,,,,,,,,,,,,,,,,,,,,,,,,,,,,,,,,,,,,,,,,,,,,,,,,,,,,,,,,,,,,,,
L001 ,,,,,,,,,,,,,,,,,,,,,,,,,,,,,,,,,,,8.78±2.21 ,,,,,,8.42±0.40 ,80.87±1.41,,,,,,,,,,,,,,,,,,,,,5.48±0.19 ,,0.24±0.05 ,0.39±0.04 ,0.59±0.06 ,,5.34±0.16,4.12±0.14,,,,,,,,,,,,,,,,,,,,,,,,,,,,,,,,,,,,2.08±0.11 ,5.30±0.38 ,9.83±0.05 ,7.87±0.30 ,2.46±0.08 ,1.25±0.08 ,4.26±0.14 ,4.42±0.21 ,1.30±0.18 ,5.86±0.29,3.38±0.14 ,3.09±0.42 ,8.21±0.16 ,16.21±0.76 ,2.43±0.08 ,7.60±0.40 ,5.78±0.39 ,4.86±0.41,,,,,,,,,,,,,,,,,,,,,,,,,,,,,,,,,,,,,,,,,,,,,,,,,,,,,,,,,,,,,,,,,,,,,,,,,,,,,,,
L002,"Milk, whole, Cow",6.0,86.64±1.10,3.26±0.06,0.68±0.02,4.48±0.29,,,,4.94±1.02,305±23,0.03±0.006,0.11±0.019,0.08±0.01,0.34±0.01,0.04±0.007,1.98±0.13,7.03±0.39,2.01±0.28,,1.22±0.21,,,0.14±0.02,0.11±0.01,,,0.15±0.02,,0.08±0.01,,0.22±0.02,,,9.62±1.51,5.01±1.15,,,,,13.67±3.79,200±55.9,,,0.01±0.00,118±2.9,0.004±0.001,0.004±0.001,0.03±0.01,0.15±0.02,0.002±0.001,,8.28±1.38,0.01±0.00,,,,96.56±9.10,115±4.1,0.95±0.17,25.46±2.86,0.33±0.03,4.94±0.18,,0.20±0.04,0.18±0.04,0.24±0.03,,4.89±0.14,4.28±0.10,172±8.8,98±3.08,451±11.8,1033±40.3,518±15.7,,,,,37.90±2.11,1176±30.3,,,,106±2.9,,20.52±2.24,7.03±0.49,2707±29.9,1214±29.4,138±2.6,,,,,,,,,,,,,,,2.14±0.13,6.20±0.55,10.66±0.41,8.59±0.20,2.51±0.12,1.22±0.04,5.09±0.42,4.81±0.07,1.46±0.11,6.40±0.24,3.87±0.27,3.25±0.34,8.84±0.36,17.88±0.43,2.35±0.07,6.82±0.13,6.36±0.51,5.48±0.35,,,,,,,,,,,,,,,,,,,,,,,,,,,,,,,,,,,,,,,,,,,,,,,,,,,,,,,,,,,,,,,,,,,,,,,,,,,,,,,
L003,Paneer,6.0,51.96±0.76,18.86±0.75,1.98±0.08,14.78±0.17,,,,12.41±0.12,1079±13,0.02±0.000,0.10±0.019,0.13±0.03,0.49±0.01,0.04±0.006,21.04±0.57,93.31±14.37,,,0.13±0.04,,,0.02±0.01,,,,,,,,0.02±0.01,,,7.58±0.97,,,,,,4.39±1.44,194±1.7,2.53±0.51,,,476±35.7,0.110±0.012,0.001±0.001,0.10±0.05,0.90±0.24,,,26.62±1.87,0.13±0.05,,,0.010±0.006,330±34.6,63.53±9.96,23.14±1.37,18.04±1.25,2.74±0.14,12.01±0.08,,0.50±0.03,1.11±0.24,0.84±0.08,,11.57±0.28,9.12±0.20,230±10.0,340±29.6,1600±60.9,4792±199,1755±166,88.14±15.40,28.73±6.32,17.14±2.69,,385±33.5,3914±206,,,,206±69.1,,233±14.6,,8851±136,4300±202,439±59.0,,,,,,,,,,,,,,,2.04±0.45,4.79±0.19,9.76±0.14,5.79±0.93,2.28±0.21,0.72±0.16,5.08±0.16,4.37±0.16,1.42±0.87,5.68±0.20,3.39±1.05,3.56±0.46,7.69±0.14,20.24±1.09,2.18±0.19,10.45±0.59,5.27±0.13,5.36±0.31,,,,,5.21±0.82,,,64.28±2.59,1.42±0.22,,,,,,,,,,,,,,,,,,,,,,,,,,,,,,,,,,,,,,,,,,,,,,,,,,,,,,,,,,,,,,,,,,,,,,
L004,Khoa,6.0,42.51±0.21,16.34±0.61,4.00±0.14,20.62±0.83,,,,16.53±1.26,1322±14,0.11±0.013,0.11±0.005,0.43±0.03,0.33±0.01,0.06±0.006,20.39±0.86,94.25±8.57,,,0.12±0.03,,,0.03±0.02,,,,,,,,0.03±0.02,,,2.70±0.69,,,,,,3.52±1.16,190±8.0,3.36±0.34,2.89±0.95,,602±79.7,0.119±0.011,,0.07±0.09,2.32±0.36,0.010±0.003,0.004±0.001,58.53±6.04,0.08±0.03,,,0.008±0.001,476±47.4,536±24.3,44.97±13.14,48.10±10.89,2.34±0.15,16.33±3.84,,0.80±0.04,1.57±0.34,0.91±0.04,,16.14±1.11,12.86±1.03,259±21.1,375±19.4,1932±112,7138±290,3099±286,61.24±12.26,43.03±15.56,28.18±7.46,,398±57.1,5266±422,,,,525±124,,265±76.8,,12936±221,5664±462,790±53.1,,,,,,,,,,,,,,,1.47±0.16,4.93±0.21,10.34±0.28,2.41±0.21,1.95±0.17,0.75±0.17,5.08±0.32,4.63±0.18,1.59±0.80,6.10±0.18,3.99±0.35,1.06±0.67,7.95±0.23,21.82±0.43,2.02±0.11,11.32±0.89,5.37±0.33,4.95±0.31,,,,,25.26±1.48,1.12±0.23,1.43±0.19,651±10.2,6.99±0.76,,,,,,,,,,,,,,,,,,,,,,,,,,,,,,,,,,,,,,,,,,,,,,,,,,,,,,,,,,,,,,,,,,,,,,
M001,"Egg, poultry, whole, raw",6.0,76.51±0.20,13.28±0.29,0.81±0.04,9.15±0.14,,,,,564±3,0.06±0.01,0.19±0.01,0.11±0.01,1.47±0.04,0.16±0.02,18.24±1.33,49.32±2.35,,198±6.7,,0.84±0.13,,1.47±0.41,0.05±0.01,0.02±0.01,0.03±0.02,0.07±0.01,0.01±0.01,0.02±0.01,,1.51±0.41,,14.61±0.27,17.61±2.89,37.23±7.16,,0.97±0.44,,,13.60±2.04,135±2.6,,,,49.44±8.99,,,0.07±0.01,1.82±0.40,,,12.01±0.50,0.02±0.01,,,,185±2.8,138±7.1,40.44±3.63,123±6.2,1.23±0.31,,,,,,,,,,,,,,,,,,,,,,,,,,,,,,,,318±10.3,3090±36.1,24.55±2.12,,47.43±8.16,25.95±2.47,,75.70±3.60,366±2.6,,,,4.65±0.07,2.15±0.07,7.95±0.18,8.37±0.19,6.72±0.27,9.53±0.18,6.29±0.32,6.34±0.23,1.59±0.15,5.82±0.20,3.12±0.12,13.53±0.32,3.23±0.20,2.28±0.05,4.11±0.21,5.36±0.39,6.71±0.33,3.93±0.12,,,,,,,,,,,,,,,,,,,,,,,,,,,,,,,,,,,,,,,,,,,,,,,,,,,,,,,,,,,,,,,,,,,,,,,,,,,,,,,
M002,"Egg, poultry, white, raw",6.0,86.68±0.11,10.84±0.07,0.75±0.03,0.06±0.01,,,,,187±1,0.02±0.01,0.16±0.01,0.01±0.00,1.35±0.17,4.36±0.84,,4.96±0.39,,,,1.05±0.09,,,,,,,,,,,,,,,,,,,,,,,,5.64±0.95,,,0.03±0.00,0.07±0.05,,,11.42±1.07,,,,,15.81±2.31,152±3.9,21.23±2.87,166±1.9,0.03±0.01,,,,,,,,,,,,,,,,,,,,,,,,,,,,,,,,,,,,,,,,,,,,4.54±0.17,2.25±0.14,7.94±0.25,8.35±0.20,6.24±0.33,10.55±0.49,5.28±0.56,6.90±0.21,1.50±0.11,6.89±0.19,3.06±0.13,14.15±0.65,3.49±0.27,2.35±0.23,4.88±0.78,5.31±0.23,6.45±0.31,3.62±0.16,,,,,,,,,,,,,,,,,,,,,,,,,,,,,,,,,,,,,,,,,,,,,,,,,,,,,,,,,,,,,,,,,,,,,,,,,,,,,,,
M003,"Egg, poultry, yolk, raw",6.0,53.57±0.40,15.74±0.33,1.05±0.05,26.34±0.17,,,,,1242±9,0.11±0.01,0.16±0.01,0.69±0.03,2.78±0.05,0.29±0.02,65.22±5.01,112±6.1,,539±26.2,,3.25±0.47,0.04±0.04,2.94±0.37,0.02±0.01,0.01±0.01,0.04±0.02,0.06±0.02,0.01±0.01,0.01±0.01,,2.97±0.36,,45.14±3.21,27.29±1.29,56.60±15.23,,2.09±0.78,,,88.87±0.94,241±6.7,,,,116±10.0,,,0.10±0.01,3.17±0.34,,,13.17±0.30,0.03±0.00,,,,549±18.2,118±7.7,51.44±1.97,46.33±2.16,1.64±0.32,,,,,,,,,,,,,,,,,,,,,,,,,,,,,,,,941±43.1,8919±58.8,68.58±3.61,,139±22.6,73.72±5.76,,180±30.1,1076±2.9,,,,5.69±0.09,2.19±0.08,7.24±0.23,8.58±0.29,6.17±0.22,9.35±0.23,7.08±0.38,6.14±0.10,1.47±0.12,5.66±0.33,2.72±0.11,13.69±0.40,3.20±0.11,2.11±0.07,3.97±0.15,5.35±0.21,7.97±0.33,4.05±0.17,,,,,,,,,,,,,,,,,,,,,,,,,,,,,,,,,,,,,,,,,,,,,,,,,,,,,,,,,,,,,,,,,,,,,,,,,,,,,,,
M004,"Egg, poultry, whole, boiled",6.0,73.46±0.22,13.43±0.28,0.86±0.04,10.54±0.19,,,,,618±6,0.06±0.01,0.18±0.01,0.21±0.01,1.42±0.03,0.14±0.01,15.36±1.41,48.25±2.37,,180±10.5,,0.74±0.10,,1.31±0.11,0.04±0.01,0.02±0.01,,0.03±0.02,0.01±0.01,,,1.34±0.10,,13.02±1.35,14.69±3.40,26.29±11.09,,1.07±0.53,,,13.19±0.49,136±7.3,,,,55.12±3.14,,,0.07±0.02,1.87±0.16,,,13.76±0.25,0.03±0.00,,,,209±16.3,127±1.4,46.12±3.87,121±2.8,1.31±0.11,,,,,,,,,,,,,,,,,,,,,,,,,,,,,,,,333±29.3,3573±92.5,26.62±1.90,,58.25±7.43,29.73±2.17,,65.26±20.53,365±1.8,,,,4.56±0.30,2.29±0.16,7.30±0.07,8.17±0.12,6.66±0.09,10.13±0.56,6.25±0.40,6.42±0.25,1.38±0.14,6.04±0.09,2.86±0.23,13.69±0.39,3.20±0.12,2.30±0.29,3.88±0.17,5.23±0.11,6.85±0.21,4.03±0.15,,,,,,,,,,,,,,,,,,,,,,,,,,,,,,,,,,,,,,,,,,,,,,,,,,,,,,,,,,,,,,,,,,,,,,,,,,,,,,,
M005,"Egg, poultry, white, boiled",6.0,83.54±0.18,12.37±0.16,0.81±0.04,0.26±0.02,,,,,220±3,0.02±0.01,0.18±0.01,0.01±0.00,0.18±0.00,4.37±0.27,,4.10±0.21,,,,0.18±0.02,,,,,,,,,,,,,,,,,,,,5.30±0.31,,,,8.07±0.03,,,0.05±0.01,0.15±0.05,,,11.62±0.57,,,,,23±3.3,147±15.0,14.86±1.51,144±15.3,0.09±0.03,,,,,,,,,,,,,,,,,,,,,,,,,,,,,,,,,,,,,,,,,,,,4.48±0.15,2.21±0.21,7.57±0.16,8.31±0.27,6.16±0.39,10.20±0.40,5.37±0.16,6.70±0.40,1.45±0.08,6.81±0.30,3.34±0.27,13.03±0.64,3.42±0.25,2.25±0.04,4.53±0.71,5.24±0.11,7.36±0.35,3.48±0.22,,,,,,,,,,,,,,,,,,,,,,,,,,,,,,,,,,,,,,,,,,,,,,,,,,,,,,,,,,,,,,,,,,,,,,,,,,,,,,,
M006,"Egg, poultry, yolk, boiled",6.0,51.42±0.22,16.13±0.45,1.38±0.14,27.46±0.24,,,,,1290±8,0.17±0.01,0.15±0.01,0.45±0.02,2.57±0.10,0.27±0.02,58.43±6.73,110±6.1,,456±31.2,,3.04±0.33,,2.77±0.27,0.02±0.01,0.01±0.00,0.03±0.01,0.05±0.02,0.01±0.01,,,2.80±0.28,,40.29±6.52,19.36±3.98,54.75±12.66,,1.69±0.77,,,68.59±2.93,218±9.8,,,,120±2.2,,,0.13±0.00,4.92±0.33,,,15.52±2.19,0.05±0.01,,,,586±2.9,106±7.7,38.57±3.23,44.83±2.04,3.59±0.20,,,,,,,,,,,,,,,,,,,,,,,,,,,,,,,,897±51.9,9525±182,70.89±2.46,,150±23.7,74.14±5.99,,187±25.6,1085±2.4,,,,5.44±0.50,2.16±0.18,7.99±0.33,8.46±0.38,6.43±0.82,9.36±0.24,6.94±0.49,5.86±0.46,1.35±0.08,5.70±0.23,2.43±0.31,13.06±0.74,3.04±0.06,2.08±0.05,3.46±0.25,5.29±0.13,7.44±0.38,4.06±0.62,,,,,,,,,,,,,,,,,,,,,,,,,,,,,,,,,,,,,,,,,,,,,,,,,,,,,,,,,,,,,,,,,,,,,,,,,,,,,,,
M007,"Egg, poultry, omlet",3.0,68.48±0.13,16.53±0.43,0.96±0.03,11.60±0.22,,,,,710±4,0.11±0.02,0.20±0.00,0.33±0.01,2.06±0.04,0.14±0.01,17.13±2.25,37.66±1.03,,181±18.0,,2.98±0.27,,1.82±0.17,0.06±0.01,0.03±0.01,0.25±0.10,0.11±0.02,0.01±0.01,,,1.88±0.17,,16.62±1.49,14.47±0.35,19.03±0.96,,0.75±0.10,,,11.36±0.84,111±1.0,,,,53.26±4.25,,,0.15±0.09,2.16±0.39,,,14.84±0.34,0.02±0.00,,,,222±30.3,163±10.6,42.18±3.37,169±19.9,1.31±0.13,,,,,,,,,,,,,,,,,,,,,,,,,,,,,,,,291±14.7,4247±26.5,30.49±0.64,,46.96±1.69,28.27±1.68,,46.76±1.69,316±1.4,,,,4.65±0.03,2.12±0.14,7.48±0.05,8.34±0.06,6.81±1.01,9.76±0.28,6.09±0.27,6.43±0.08,1.36±0.14,5.85±0.24,2.98±0.06,13.73±0.07,3.32±0.07,2.04±0.40,4.91±1.51,5.24±0.03,6.68±0.15,3.93±0.04,,,,,,,,,,,,,,,,,,,,,,,,,,,,,,,,,,,,,,,,,,,,,,,,,,,,,,,,,,,,,,,,,,,,,,,,,,,,,,,
M008,"Egg, country hen, whole, raw",1.0,72.96,13.14,0.86,13.00,,,,,704,0.14,0.08,0.14,1.03,0.18,19.35,54.60,,206,,4.46,,2.05,0.06,0.03,,0.08,0.01,,,2.10,,64.00,26.86,47.26,,1.56,,,18.55,191,,,,50.14,,,0.06,1.64,,,11,0.02,,,,198,117,62.33,157,1.12,,,,,,,,,,,,,,,,,,,,,,,,,,,,,,,,254,4765,42.32,,,13.01,,92.46,355,,,,5.15,2.25,7.53,7.74,6.21,9.79,6.42,6.24,1.42,5.72,2.97,13.04,3.54,2.15,3.36,5.74,7.54,3.7,,,,,,,,,,,,,,,,,,,,,,,,,,,,,,,,,,,,,,,,,,,,,,,,,,,,,,,,,,,,,,,,,,,,,,,,,,,,,,,
M009,"Egg, country hen, whole, boiled",1.0,70.43,14.43,0.94,14.10,,,,,767,0.11,0.08,0.12,0.96,0.18,20.15,59.98,,195,,2.99,,2.00,0.05,0.03,,0.08,0.01,,,2.05,,60.00,23.61,37.85,,1.06,,,17.45,166,,,,57.79,,,0.09,1.73,,,11,0.02,,,,206,120,52.65,149,1.25,,,,,,,,,,,,,,,,,,,,,,,,,,,,,,,,273,5433,41.19,,,15.29,,120,369,,,,4.52,2.28,7.95,7.81,6.87,9.58,6.39,6.42,1.35,5.97,3.1,13.24,3.28,2.18,3.82,5.82,6.65,3.99,,,,,,,,,,,,,,,,,,,,,,,,,,,,,,,,,,,,,,,,,,,,,,,,,,,,,,,,,,,,,,,,,,,,,,,,,,,,,,,
M010,"Egg, country hen, omlet",1.0,67.80,14.80,1.08,16.30,,,,,855,0.14,0.07,0.14,0.94,0.18,18.55,58.79,,202,,3.44,,2.70,0.07,0.04,,0.18,0.01,,,2.79,,66.00,20.55,30.85,,0.95,,,14.75,161,,,,55.88,,,0.17,2.15,,,13,0.03,,,,243,151,58.63,157,1.26,,,,,,,,,,,,,,,,,,,,,,,,,,,,,,,,338,6031,54.81,,,20.54,,124,318,,,,4.61,2.04,7.18,7.52,5.82,10.03,5.91,6.53,1.34,5.76,2.88,13.87,3.26,2.2,3.83,5.33,6.9,3.71,,,,,,,,,,,,,,,,,,,,,,,,,,,,,,,,,,,,,,,,,,,,,,,,,,,,,,,,,,,,,,,,,,,,,,,,,,,,,,,
M011,"Egg, duck, whole, boiled",1.0,71.61,13.80,0.97,13.61,,,,,738,0.21,0.07,0.18,1.14,0.15,13.87,73.32,,171,,1.90,,2.04,,0.04,,0.04,,,,2.06,,117,22.21,10.16,,9.25,,,34.59,228,,,,56.12,,,0.12,2.61,,,12,0.06,,,,263,221,43.66,110,1.58,,,,,,,,,,,,,,,,,,,,,,,,,,,,,,1.12,1.14,445,5623,5.77,16.22,,,35.29,15.04,856,,,,4.36,1.8,7.39,8.9,6.36,10.12,5.08,6.52,1.36,6.58,3.03,13.41,2.76,2.12,3.59,5.42,5.74,3.93,,,,,,,,,,,,,,,,,,,,,,,,,,,,,,,,,,,,,,,,,,,,,,,,,,,,,,,,,,,,,,,,,,,,,,,,,,,,,,,
M012,"Egg, duck, whole, raw",1.0,70.53,14.60,0.99,13.83,,,,,760,0.18,0.07,0.13,0.51,0.15,14.52,75.48,,181,,2.67,,2.45,,0.04,,0.05,,,,2.47,,118,29.5,17.96,,11.08,,,35.66,249,,,,52.46,,,0.11,2.46,,,12,0.06,,,,247,228,46.33,113,1.49,,,,,,,,,,,,,,,,,,,,,,,,,,,,,,1.12,1.14,399,5638,5.77,10.43,,,35.97,16.2,839,,,,4.79,1.83,7.55,8.85,6.45,10.29,5.22,6.84,1.38,6.6,2.82,13.61,3.62,2.08,3.5,5.24,6.49,3.96,,,,,,,,,,,,,,,,,,,,,,,,,,,,,,,,,,,,,,,,,,,,,,,,,,,,,,,,,,,,,,,,,,,,,,,,,,,,,,,
M013,"Egg, duck, whole, omlet",1.0,68.90,15.10,1.18,14.80,,,,,804,0.31,0.09,0.14,1.05,0.15,13.81,67.95,,166,,2.10,,2.62,,0.06,,0.11,,,,2.66,,111,20.05,9.55,,8.98,,,30.08,213,,,,71.79,,,0.17,3.28,,,15,0.08,,,,309,154,42.02,175,1.89,,,,,,,,,,,,,,,,,,,,,,,,,,,,,,1.2,1.22,488,5963,7.41,14.87,,,41.93,18.57,815,,,,4.24,1.8,7.76,8.4,6.74,9.74,5.08,6.34,1.36,6.38,3.18,13.88,2.88,1.98,3.91,5.42,5.61,3.53,,,,,,,,,,,,,,,,,,,,,,,,,,,,,,,,,,,,,,,,,,,,,,,,,,,,,,,,,,,,,,,,,,,,,,,,,,,,,,,
M014,"Egg, quial, whole, raw",1.0,75.11,12.39,0.94,11.46,,,,,635,0.15,0.11,0.12,0.93,0.17,18.82,54.86,,151,,5.72,,0.98,,0.01,,0.05,,,,0.99,,8.19,14.83,28.48,,3.57,,,12.96,242,,,,60.67,,,0.09,2.55,,,11,0.03,,,,236,119,50.63,132,1.51,,,,,,,,,,,,,,,,,,,,,,,,,,,,,,0.93,2.79,446,3717,24.87,3.84,,,30.2,22.06,833,,,,4.86,2.4,7.11,7.96,6.18,10.79,6.03,6.5,,5.73,2.64,13.77,4.14,1.85,3.36,5.77,6.43,3.73,,,,,,,,,,,,,,,,,,,,,,,,,,,,,,,,,,,,,,,,,,,,,,,,,,,,,,,,,,,,,,,,,,,,,,,,,,,,,,,
M015,"Egg, quial, whole, boiled",1.0,74.41,13.03,0.99,11.50,,,,,647,0.11,0.08,0.15,0.81,0.15,16.53,51.72,,140,,4.91,,0.82,,0.01,,0.04,,,,0.84,,4.46,12.55,14.75,,1.86,,,10.55,230,,,,61.35,,,0.13,2.63,,,12,0.03,,,,237,115,42.6,130,1.55,,,,,,,,,,,,,,,,,,,,,,,,,,,,,,0.93,2.18,427,3919,21.12,2.89,,,22.05,30.79,855,,,,4.31,2.39,7.37,8.02,5.34,9.93,5.48,6.33,1.47,5.57,2.72,13.44,3.45,1.88,3.71,5.82,6,3.89,,,,,,,,,,,,,,,,,,,,,,,,,,,,,,,,,,,,,,,,,,,,,,,,,,,,,,,,,,,,,,,,,,,,,,,,,,,,,,,
N001,"Chicken, poultry, leg, skinless",4.0,67.61±0.30,19.44±0.79,1.14±0.08,12.64±0.53,,,,,1605±23,0.17±0.04,0.13±0.02,5.60±0.96,1.28±0.24,0.33±0.01,4.58±0.71,7.47±0.19,,10.95±2.21,,1.12,0.02±0.00,0.60±0.10,,0.10±0.00,,0.02±0.01,0.01±0.01,,,0.61±0.10,,10.78±1.41,,,,,,,,,0.01±0.00,,,20.52±0.33,,,0.25±0.11,1.27±0.23,0.002±0.000,,23.82±1.59,0.03±0.01,,,0.01±0.00,199±13.7,283±28.5,20.22±1.67,65.07±13.68,1.77±0.14,,,,,,,,,,,,,,,,,,,,,,,,,,,,,,,,205±27.5,1342±88.5,13.35±0.81,,,8.33±1.08,,,84.25±1.38,,,,4.47±0.17,2.76±0.18,7.84±0.17,7.26±0.28,6.04±0.32,9.35±0.51,7.07±0.21,5.66±0.29,1.16±0.22,4.92±0.22,2.39±0.21,16.40±0.68,4.98±0.12,1.16±0.14,4.30±0.17,4.75±0.25,3.91±0.25,3.71±0.17,,,,,,,,,,,,,,,,,,,,,,,,,,,,,,,,,,,,,,,,,,,,,,,,,,,,,,,,,,,,,,,,,,,,,,,,,,,,,,,
N002,"Chicken, poultry, thigh, skinless",6.0,67.58±0.46,18.18±0.57,1.14±0.10,14.23±0.84,,,,,836±38,0.13±0.01,0.10±0.01,5.62±1.05,1.06±0.46,0.38±0.07,3.86±0.74,9.00±0.62,,16.48±2.85,,1.22,0.02±0.00,0.65±0.13,,0.10±0.00,,0.01±0.01,0.02±0.01,,,0.66±0.13,,16.17±1.12,,,,,,,,,0.10±0.00,,,18.37±0.39,,,0.23±0.20,1.11±0.16,,,22.55±0.64,0.02±0.00,,,,186±12.6,263±33.7,18.69±2.12,64.59±14.32,1.42±0.07,,,,,,,,,,,,,,,,,,,,,,,,,,,,,,,,185±11.5,1263±43.6,12.79±1.77,,,7.36±1.97,,,91.93±1.10,,,,4.57±0.21,2.54±0.25,7.87±0.13,8.06±0.22,6.04±0.32,9.05±0.56,7.01±0.15,5.94±0.44,1.20±0.21,4.63±0.29,2.63±0.32,16.87±0.37,4.85±0.46,1.20±0.12,3.93±0.47,4.89±0.16,4.01±0.36,3.51±0.23,,,,,,,,,,,,,,,,,,,,,,,,,,,,,,,,,,,,,,,,,,,,,,,,,,,,,,,,,,,,,,,,,,,,,,,,,,,,,,,
N003,"Chicken, poultry, breast, skinless",5.0,67.15±0.18,21.81±0.81,1.19±0.09,9.00±0.52,,,,,704±24,0.10±0.04,0.06±0.01,8.06±0.87,1.15±0.18,0.53±0.05,4.11±0.49,10.44±0.55,,6.96±1.36,,1.38,,0.29±0.10,,0.05±0.00,,0.01±0.01,,0.02±0.01,,0.29±0.10,,27.80±5.84,,,,,,,,,0.03±0.00,,,12.91±3.41,,,0.27±0.23,0.83±0.16,,,20.20±0.14,0.02±0.01,,,,178±0.5,295±15.6,18.56±2.12,36.70±3.29,0.78±0.30,,,,,,,,,,,,,,,,,,,,,,,,,,,,,,,,120±6.3,862±32,9.10±0.31,,,7.82±0.38,,,61.55±0.93,,,,4.87±0.22,3.57±0.11,7.89±0.34,6.34±0.42,6.31±0.37,9.16±0.45,7.23±0.23,5.66±0.23,1.20±0.21,4.97±0.23,2.49±0.20,16.92±0.43,4.80±0.25,1.08±0.12,4.77±0.31,5.48±0.37,4.15±0.39,3.89±0.16,,,,,,,,,,,,,,,,,,,,,,,,,,,,,,,,,,,,,,,,,,,,,,,,,,,,,,,,,,,,,,,,,,,,,,,,,,,,,,,
N004,"Chicken, poultry, wing, skinless",5.0,67.48±0.21,17.42±0.60,1.13±0.05,13.81±0.26,,,,,807±17,0.08±0.02,0.07±0.01,6.66±1.00,1.28±0.14,0.39±0.06,3.61±0.55,7.87±0.45,,31.21±4.75,,1.11±0.12,,0.57±0.14,,0.08±0.00,,0.01±0.01,,0.02±0.01,,0.58±0.14,,28.17±3.06,,,,,,,,,0.02±0.00,,,28.13±3.66,,,0.43±0.29,1.38±0.29,,,22.81±0.71,0.04±0.02,,,0.01±0.00,189±12.7,185±5.8,20.52±2.52,72.78±9.61,1.48±0.23,,,,,,,,,,,,,,,,,,,,,,,,,,,,,,,,238±14.9,1524±63,15.00±1.25,,,7.31±0.38,,,54.52±0.78,,,,4.46±0.20,2.62±0.18,8.51±0.17,7.74±0.20,6.26±0.33,9.42±0.37,6.84±0.20,5.02±0.33,1.21±0.21,4.55±0.16,2.69±0.18,16.01±0.45,5.01±0.27,1.42±0.13,4.37±0.43,4.77±0.15,3.85±0.20,3.15±0.05,,,,,,,,,,,,,,,,,,,,,,,,,,,,,,,,,,,,,,,,,,,,,,,,,,,,,,,,,,,,,,,,,,,,,,,,,,,,,,,
N005,"Poultry, chicken, liver",1.0,73.20,21.57,1.11,4.08,,,,,518,0.28,0.20,4.44,6.39,0.92,4.07,1032,,3486,,2.62,0.02,0.72,,0.10,,,,,,0.73,,14.30,,,,,,,,,,,,4.1,,,0.29,9.92,,,16,0.21,,,,244,241,46.35,61.58,2.65,,,,,,,,,,,,,,,,,,,,,,,,,,,,,,,,,681,,,,,,194,268,,,,4.82,3.2,8.2,9.93,6.12,9.33,6.59,6.3,1.52,5.82,2.53,12.74,4.65,1.44,4.51,5.11,4.44,3.81,,,,,,,,,,,,,,,,,,,,,,,,,,,,,,,,,,,,,,,,,,,,,,,,,,,,,,,,,,,,,,,,,,,,,,,,,,,,,,,
N006,"Poultry, chicken, gizzard",1.0,78.05,18.22,1.46,2.07,,,,,386,0.01,0.11,2.87,0.70,0.14,5.12,8.72,,46.78,,1.60,,0.63,,,,,,,,0.63,,28.58,,,,,,,,,,,,5.46,,,0.2,3.19,,,14,0.03,,,,119,244,54.66,50.6,2.65,,,,,,,,,,,,,,,,,,,,,,,,,,,,,,,,98,604,13.85,,,,,,57.24,,,,4.3,2.61,8.82,7.67,6.22,8.56,7.97,4.59,1.83,4.48,2.55,14.29,5.63,1.67,5.9,4.53,4.01,3.78,,,,,,,,,,,,,,,,,,,,,,,,,,,,,,,,,,,,,,,,,,,,,,,,,,,,,,,,,,,,,,,,,,,,,,,,,,,,,,,
N007,"Country hen, leg, with skin",1.0,70.02,17.01,1.20,11.73,,,,,723,0.17,0.10,2.44,0.73,0.36,4.60,8.10,,17.44,,1.12,,0.69,,0.10,,0.01,0.01,0.01,,0.70,,11.31,,,,,,,,,,,,22.56,,,0.22,1.66,,,25,0.03,,,,250,357,16.33,50.46,2.71,,,,,,,,,,,,,,,,,,,,,,,,,,,,,,,2.11,59,616,5.59,,,6.24,,15.98,87.95,,,,4.93,2.2,7.52,9.22,6.03,9.92,7.42,5.99,1.15,4.32,2.49,15.12,3.03,1.19,3.69,5.16,5.57,3.97,,,,,,,,,,,,,,,,,,,,,,,,,,,,,,,,,,,,,,,,,,,,,,,,,,,,,,,,,,,,,,,,,,,,,,,,,,,,,,,
N008,"Country hen, thigh, with skin",1.0,67.46,18.29,1.23,12.82,,,,,785,0.11,0.13,3.62,0.89,0.42,2.91,10.42,,27.00,,1.05,,0.54,,0.10,,0.01,0.02,,,0.55,,18.50,,,,,,,,,,,,20.12,,,0.4,1.4,,,24,0.02,,,,232,330,18.33,51.14,2.16,,,,,,,,,,,,,,,,,,,,,,,,,,,,,,,2.73,57,687,6.05,,,3.63,,7.63,91.81,,,,5.21,2.87,7.65,9.29,6.19,8.86,7.32,5.01,1.26,5.01,2.63,15.54,4.76,1.08,4.87,5.04,4.96,3.99,,,,,,,,,,,,,,,,,,,,,,,,,,,,,,,,,,,,,,,,,,,,,,,,,,,,,,,,,,,,,,,,,,,,,,,,,,,,,,,
N009,"Country hen, breast, with skin",1.0,66.53,22.08,1.14,10.20,,,,,753,0.11,0.04,5.62,0.81,0.59,3.06,12.98,,8.52,,0.80,,0.35,,0.06,,0.01,0.02,,,0.36,,28.88,,,,,,,,,,,,12.49,,,0.13,1.09,,,22,0.01,,,,222,365,20.12,23.13,0.78,,,,,,,,,,,,,,,,,,,,,,,,,,,,,,,1.35,28,422,3.65,,,,,,66.03,,,,4.38,4.04,7.96,7.92,6.05,8.77,7.67,5.08,1.8,5.77,2.47,15.91,4.34,1.08,5.06,4.98,4.78,4.09,,,,,,,,,,,,,,,,,,,,,,,,,,,,,,,,,,,,,,,,,,,,,,,,,,,,,,,,,,,,,,,,,,,,,,,,,,,,,,,
N010,"Country hen, wing, with skin",1.0,68.01,18.65,1.14,12.09,,,,,764,0.07,0.03,3.19,0.85,0.43,5.13,9.19,,27.52,,0.61,,0.57,,0.08,,0.01,,0.02,,0.58,,31.65,,,,,,,,,,,,35.46,,,0.15,1.45,,,25,0.02,,,,235,249,18.01,54.15,1.64,,,,,,,,,,,,,,,,,,,,,,,,,,,,,,,2.94,65,763,7.94,,,6.75,12.9,25.09,55.42,,,,4.33,3.5,7.9,9.12,6.58,9.03,6.5,5.12,1.24,5.7,2.84,15.93,5.37,1.16,4.6,4.64,3.77,3.86,,,,,,,,,,,,,,,,,,,,,,,,,,,,,,,,,,,,,,,,,,,,,,,,,,,,,,,,,,,,,,,,,,,,,,,,,,,,,,,
N011,"Duck, meat, with skin",1.0,73.49,19.07,1.22,6.03,,,,,547,0.22,0.13,2.24,0.74,0.31,4.27,27.98,,48.86,,0.91,,0.70,,,,0.01,,,,0.70,,7.88,,,,,,,,,,,,22.77,0.001,,1,4.26,,,26,0.06,,,,237,273,23.55,82.25,2.92,,,,,,,,,,,,,,,,,,,,,,,,,,,,,,,,1467,748,,,,,,,81.76,,,,5.31,3.26,7.31,8.36,6.44,9.31,7.45,5.09,1.54,5.34,2.65,14.99,4.8,1.14,4.47,5.46,4.43,4.59,,,,,,,,,,,,,,,,,,,,,,,,,,,,,,,,,,,,,,,,,,,,,,,,,,,,,,,,,,,,,,,,,,,,,,,,,,,,,,,
N012,"Emu, meat, skinless",1.0,71.65,22.65,0.98,4.62,,,,,556,0.10,0.17,3.26,2.21,0.35,,7.07,,2.84,,0.67,,0.40,,0.15,,0.02,,,,0.42,,8.06,,,,,,,,,,,,7.4,0.002,,0.65,3.95,,,25,0.04,,,,243,275,21.32,48.48,2.91,,,,,,,,,,,,,,,,,,,,,,,,,,,,,,,,20,221,1,,,,5.94,5.26,72.69,,,,5.13,3.12,7.23,8.58,6.62,8.73,7.14,5.04,1.74,5.12,2.89,14.36,4.83,1.24,4.53,5.77,4.26,4.39,,,,,,,,,,,,,,,,,,,,,,,,,,,,,,,,,,,,,,,,,,,,,,,,,,,,,,,,,,,,,,,,,,,,,,,,,,,,,,,
N013,"Guinea fowl, meat, with skin",1.0,75.21,20.52,0.92,3.24,,,,,469,0.02,0.18,3.64,0.71,0.58,,5.69,,2.26,,1.02,,1.75,,1.30,,,,0.01,,1.88,,11.05,,,,,,,,,,,,30.77,0.002,,0.17,2.2,,,21,0.03,,,,187,240,24.37,57.64,1.48,,,,,,,,,,,,,,,,,,,,,,,,,,,,,,0.9,7.03,21,879,17.33,1.86,6.23,,45.45,102,87.48,,,,4.64,2.66,7.35,8.49,6.58,9.08,6.79,4.98,1.65,4.7,2.58,14.57,4.98,0.99,4.2,4.88,4.04,3.45,,,,,,,,,,,,,,,,,,,,,,,,,,,,,,,,,,,,,,,,,,,,,,,,,,,,,,,,,,,,,,,,,,,,,,,,,,,,,,,
N014,"Pigeon, meat, with skin",1.0,74.61,17.94,1.32,6.03,,,,,528,0.18,0.39,3.45,0.79,0.48,,8.41,,15.25,,1.20,,1.52,,0.15,,,0.01,,,1.54,,7.10,,,,,,,,,,,,18.11,,,0.1,3.81,,,29,0.04,,,,255,346,19.32,56.1,2.48,,,,,,,,,,,,,,,,,,,,,,,,,,,,,,,,283,2305,,,,,94.93,29.29,107,,,,4.88,2.47,7.22,8.32,6.31,8.95,6.59,5.28,1.62,4.51,3.02,14.38,4.77,1.16,4.14,5.33,4.19,3.62,,,,,,,,,,,,,,,,,,,,,,,,,,,,,,,,,,,,,,,,,,,,,,,,,,,,,,,,,,,,,,,,,,,,,,,,,,,,,,,
N015,"Quail, meat, skinless",1.0,71.58,20.92,1.35,5.95,,,,,576,0.05,0.24,4.69,0.81,0.56,,9.33,,12.84,,1.53,,1.59,,0.81,,0.01,,,,1.67,,7.30,,,,,,,,,,,,20.6,,,0.2,1.9,,,31,0.05,,,,300,333,14.32,56.21,1.13,,,,,,,,,,,,,,,,,,,,,,,,,,,,,,,6.7,392,2364,14.13,,12.52,,,,77.87,,,,5.11,2.98,7.2,8.65,6.79,8.9,7.01,5.14,1.74,5.03,2.89,14.35,5.03,1.27,3.5,5.74,4.46,4.13,,,,,,,,,,,,,,,,,,,,,,,,,,,,,,,,,,,,,,,,,,,,,,,,,,,,,,,,,,,,,,,,,,,,,,,,,,,,,,,
N016,"Turkey, leg, with skin",1.0,69.24,20.30,1.21,8.15,,,,,647,0.05,0.11,4.92,1.59,0.48,,8.55,,8.15,,0.50,,0.72,,0.01,,0.01,,,,0.72,,18.46,,,,,,,,,,,,20.44,0.001,,0.53,2.01,,,26,0.04,,,,236,308,17.63,66.47,3.35,,,,,,,,,,,,,,,,,,,,,,,,,,,,,,,,0,938,,,,,,,83.44,,,,5.06,2.4,6.58,8.62,6.6,8.77,6.8,5.06,1.66,4.64,3.08,15.71,4.55,1.43,4.13,5.8,4.46,4.04,,,,,,,,,,,,,,,,,,,,,,,,,,,,,,,,,,,,,,,,,,,,,,,,,,,,,,,,,,,,,,,,,,,,,,,,,,,,,,,
N017,"Turkey, thigh, with skin",1.0,72.17,20.46,0.97,6.31,,,,,581,0.04,0.12,1.94,1.54,0.51,,10.91,,13.11,,0.36,,0.62,,0.02,,0.01,,,,0.63,,25.36,,,,,,,,,,,,23.52,,,0.47,1.58,,,23,0.02,,,,194,280,20.36,50.01,2.95,,,,,,,,,,,,,,,,,,,,,,,,,,,,,,,,0,927,,,,,,,85.35,,,,5.32,2.62,6.78,8.94,6.15,8.65,6.93,5.36,1.62,4.62,2.69,16.08,4.66,1.44,4.27,5.82,4.65,3.89,,,,,,,,,,,,,,,,,,,,,,,,,,,,,,,,,,,,,,,,,,,,,,,,,,,,,,,,,,,,,,,,,,,,,,,,,,,,,,,
N018,"Turkey, breast, with skin",1.0,68.44,21.96,1.01,8.04,,,,,671,0.06,0.10,4.49,1.53,0.56,,14.67,,8.97,,0.52,,0.56,,0.03,,0.02,,,,0.57,,26.43,,,,,,,,,,,,14.35,,,0.1,1.01,,,22,0.02,,,,182,315,14.33,40.45,1.28,,,,,,,,,,,,,,,,,,,,,,,,,,,,,,,,0,884,,,,,,,81.28,,,,4.8,2.97,7.07,8.17,6.44,8.86,7.52,5.03,1.54,5.91,2.57,15.39,4.62,1.12,4.26,5.46,4.09,4.36,,,,,,,,,,,,,,,,,,,,,,,,,,,,,,,,,,,,,,,,,,,,,,,,,,,,,,,,,,,,,,,,,,,,,,,,,,,,,,,
N019,"Turkey, wing, with skin",1.0,66.16,21.91,0.97,10.77,,,,,771,0.03,0.09,4.38,1.36,0.45,,10.41,,18.07,,0.52,,0.43,,0.02,,0.01,,,,0.44,,18.43,,,,,,,,,,,,33.49,0.001,,0.2,1,,,24,0.02,,,,199,262,18.36,57,1.68,,,,,,,,,,,,,,,,,,,,,,,,,,,,,,,,0,826,,,,,,,80.01,,,,4.85,3.32,7.22,9.14,6.09,9.44,6.26,5.51,1.71,5.07,2.35,16.62,5.2,1.43,4.28,5.1,4.22,4.07,,,,,,,,,,,,,,,,,,,,,,,,,,,,,,,,,,,,,,,,,,,,,,,,,,,,,,,,,,,,,,,,,,,,,,,,,,,,,,,
O001,"Goat, shoulder",6.0,66.39±0.40,20.33±0.50,0.90±0.02,11.94±0.78,,,,,787±33,0.07±0.01,0.17±0.01,5.14±0.56,1.07±0.10,0.26±0.03,2.08±0.44,,,7.57±1.04,,0.80,,0.35±0.04,,,,,,,,0.35±0.04,,5.80±1.29,,,,,,,,,0.29±0.06,0.71±0.32,,6.18±1.58,0.008±0.005,,0.11±0.07,1.48±0.34,0.003±0.001,,21.39±1.54,0.02±0.00,0.25±0.30,,0.01±0.00,189±11.6,332±46.8,12.91±3.65,47.31±8.90,4.19±0.54,,,,,,,,,,,,,,,,,,,,,,,,,,,,,,,,251±54.2,4563±318,87.48±42.27,,,,,,82.18±3.33,,,,4.71±0.15,3.33±0.48,7.66±0.33,9.00±0.38,5.66±0.62,9.26±0.68,7.29±1.42,5.12±0.28,1.34±0.10,4.71±0.24,2.17±0.17,14.68±0.73,5.63±0.34,1.35±0.18,4.72±0.13,4.19±0.39,4.34±0.30,3.95±0.43,,,,,,,,,,,,,,,,,,,,,,,,,,,,,,,,,,,,,,,,,,,,,,,,,,,,,,,,,,,,,,,,,,,,,,,,,,,,,,,
O002,"Goat, chops",6.0,72.46±1.10,20.39±0.83,0.99±0.01,5.98±0.37,,,,,568±26,0.05±0.01,0.13±0.01,5.51±0.57,0.98±0.09,0.30±0.02,1.53±0.10,,,2.55±0.50,,0.40,,0.15±0.03,,,,,,,,0.15±0.03,,6.50±1.06,,,,,,,,,0.16±0.02,0.76±0.41,,7.44±0.28,0.012±0.007,0.001±0.000,0.07±0.01,1.87±0.44,0.002±0.000,,21.13±2.10,0.02±0.01,0.19±0.13,,0.01±0.00,195±11.7,334±43.9,21.76±5.69,45.72±6.21,4.55±1.05,,,,,,,,,,,,,,,,,,,,,,,,,,,,,,,,113±27.3,2193±170,39.47±12.04,,,,,,88.37±7.14,,,,5.09±0.66,3.53±0.69,6.24±0.19,7.26±0.09,5.41±0.61,9.29±0.34,7.06±1.26,4.92±0.29,1.63±0.23,4.45±0.23,2.56±0.57,14.31±1.25,6.05±0.70,1.35±0.16,4.20±0.47,4.59±0.17,4.24±0.63,3.71±0.23,,,,,,,,,,,,,,,,,,,,,,,,,,,,,,,,,,,,,,,,,,,,,,,,,,,,,,,,,,,,,,,,,,,,,,,,,,,,,,,
O003,"Goat, legs",6.0,68.85±0.86,22.07±0.63,0.97±0.03,7.94±0.62,,,,,669±26,0.07±0.01,0.15±0.04,5.15±0.36,0.99±0.04,0.31±0.02,2.25±0.59,,,8.51±1.19,,0.28,0.04±0.00,0.09±0.03,,,,,,,,0.09±0.03,,9.50±1.86,,,,,,,,,0.13±0.02,1.20±0.69,,5.76±0.97,0.007±0.003,,0.08±0.02,1.77±0.48,0.003±0.001,,21.71±1.72,0.01±0.00,0.01±0.01,,0.01±0.00,187±14.2,339±25.5,17.76±3.82,42.77±5.74,3.52±0.43,,,,,,,,,,,,,,,,,,,,,,,,,,,,,,,,156±22.5,2805±340,77.43±30.80,,,,,,82.52±5.47,,,,5.38±0.82,3.63±0.76,6.81±0.04,8.09±0.15,5.15±0.74,9.89±0.20,7.76±1.20,4.65±0.35,1.43±0.21,4.51±0.09,2.79±0.30,14.02±1.12,5.64±0.58,1.67±0.57,4.08±0.45,4.63±0.31,4.43±0.42,4.66±0.79,,,,,,,,,,,,,,,,,,,,,,,,,,,,,,,,,,,,,,,,,,,,,,,,,,,,,,,,,,,,,,,,,,,,,,,,,,,,,,,
O004,"Goat, brain",5.0,76.74±1.02,13.82±0.80,1.29±0.07,8.06±0.46,,,,,533±23,0.13±0.02,0.17±0.02,2.04±0.19,1.52±0.42,0.28±0.04,1.30±0.18,,,1.98±0.92,,0.30±0.30,,0.08±0.01,,,,,,,,0.07±0.04,,3.80±1.23,,,,,,,,,0.22±0.04,0.56±0.20,,10.61±0.24,0.011±0.012,,0.30±0.06,1.63±0.35,0.003±0.001,,13.94±0.67,0.04±0.01,0.03±0.02,,0.01±0.00,296±21.2,296±15.6,21.70±6.90,132±38.4,1.08±0.09,,,,,,,,,,,,,,,,,,,,,,,,,,,,,,,,23.08±5.65,1304±88,119±83.2,,,,,516±52.1,1340±21.6,,,,5.29±0.44,2.98±1.01,5.21±0.20,8.24±0.25,6.01±0.30,8.47±0.30,6.61±0.72,5.29±0.18,1.36±0.11,4.70±0.03,3.05±0.29,13.68±0.35,5.72±0.23,1.29±0.08,4.20±0.14,4.82±0.09,5.29±0.35,4.68±0.55,,,,,,,,,,,,,,,,,,,,,,,,,,,,,,,,,,,,,,,,,,,,,,,,,,,,,,,,,,,,,,,,,,,,,,,,,,,,,,,
O005,"Goat, tongue",4.0,68.40±1.00,16.63±0.54,1.02±0.04,13.68±1.09,,,,,789±39,0.14±0.00,0.22±0.03,3.04±0.24,0.88±0.06,0.17±0.04,2.54±0.18,,,8.95±2.16,,0.02,0.33±0.00,0.08±0.01,,,,,,,,0.08±0.01,,1.70±0.16,,,,,,,,,0.40±0.04,0.57±0.18,,7.11±0.14,0.014±0.004,,0.16±0.03,2.09±0.42,0.003±0.002,,19.39±2.23,0.04±0.01,0.20±0.19,,0.01±0.01,212±15.9,223±37.3,22.76±6.04,118±35.1,2.44±0.11,,,,,,,,,,,,,,,,,,,,,,,,,,,,,,,,289±34.9,4498±607,129±54.1,,,,,,206±1.8,,,,4.70±0.47,3.18±0.37,5.59±0.09,7.05±0.18,5.70±0.61,8.26±0.43,7.02±0.81,4.67±0.32,1.45±0.23,4.50±0.42,2.38±0.52,13.47±0.63,6.34±0.36,1.45±0.11,4.78±0.53,4.15±0.28,4.64±0.75,3.97±0.62,,,,,,,,,,,,,,,,,,,,,,,,,,,,,,,,,,,,,,,,,,,,,,,,,,,,,,,,,,,,,,,,,,,,,,,,,,,,,,,
O006,"Goat, lungs",4.0,79.03±1.20,16.86±0.71,0.74±0.01,3.09±0.56,,,,,401±32,0.08±0.01,0.32±0.02,2.79±0.15,0.83±0.11,0.14±0.03,1.80±0.44,,,2.75±0.59,,0.09,1.31±0.00,0.08±0.01,,,,,,,,0.08±0.01,,4.60±0.91,,,,,,,,,0.32±0.05,1.18±0.35,,10.44±2.48,0.041±0.031,0.001±0.000,0.22±0.01,7.10±1.77,0.002±0.000,,11.48±1.33,0.04±0.00,0.07±0.03,0.02±0.00,0.01±0.00,209±8.5,180±19.4,26.00±6.96,85.72±22.56,1.70±0.32,,,,,,,,,,,,,,,,,,,,,,,,,,,,,,,,43.19±6.3,836±186,15.22±3.36,,,,,,448±5.6,,,,4.64±0.42,2.54±0.05,5.82±0.10,8.04±0.59,6.07±0.64,7.77±0.31,7.16±0.67,5.74±0.45,1.45±0.16,5.15±0.53,2.46±0.41,11.41±0.94,6.06±0.26,1.48±0.05,5.59±0.45,3.26±0.12,4.58±0.29,4.51±0.48,,,,,,,,,,,,,,,,,,,,,,,,,,,,,,,,,,,,,,,,,,,,,,,,,,,,,,,,,,,,,,,,,,,,,,,,,,,,,,,
O007,"Goat, heart",5.0,75.15±1.23,19.38±0.80,0.95±0.09,4.40±0.71,,,,,492±33,0.36±0.02,0.33±0.05,5.97±0.25,1.72±0.20,0.23±0.08,1.63±0.38,,,5.90±0.36,,0.60,,0.09±0.01,,,,,,,,0.09±0.01,,10.60±0.97,,,,,,,,,0.37±0.08,0.93±0.21,,5.71±1.43,0.012±0.005,,0.34±0.04,3.38±0.54,0.002±0.000,,18±2.32,0.03±0.01,0.04±0.03,,0.01±0.00,174±21.0,224±26.8,15.00±3.00,73.21±10.98,1.45±0.16,,,,,,,,,,,,,,,,,,,,,,,,,,,,,,,,37.69±10.44,953±210,35.14±3.75,,,,,,122±1.8,,,,5.38±0.21,3.08±0.76,6.35±0.18,7.04±0.07,5.59±0.34,8.15±0.36,6.25±0.50,5.43±0.51,1.31±0.12,5.08±0.62,2.41±0.20,13.14±0.74,6.71±1.03,1.71±0.38,4.38±0.38,4.27±0.26,4.74±0.29,3.97±0.40,,,,,,,,,,,,,,,,,,,,,,,,,,,,,,,,,,,,,,,,,,,,,,,,,,,,,,,,,,,,,,,,,,,,,,,,,,,,,,,
O008,"Goat, liver",6.0,73.37±1.16,20.32±0.92,1.30±0.07,4.88±0.73,,,,,526±31,0.20±0.04,0.37±0.04,12.88±0.44,7.01±0.11,0.65±0.27,178±34.9,,,15655±972,,0.56,0.18±0.00,0.61±0.08,,,,,,,,0.61±0.08,,12.64±2.43,,,,,,,,,0.53±0.12,1.49±0.49,0.002±0.003,6.09±2.31,0.010±0.004,0.006±0.002,3.70±1.67,6.56±0.34,0.004±0.002,,18±1.34,0.26±0.04,0.44±0.79,0.12±0.04,0.01±0.00,336±45.5,284±48.8,48.12±26.66,55.41±14.75,3.48±1.32,,,,,,,,,,,,,,,,,,,,,,,,,,,,,,,,42.04±12.85,879±337,,,,,,138±64.0,415±26.4,,,,4.23±0.47,3.04±0.42,6.02±0.25,8.39±0.98,6.27±0.18,8.74±0.76,5.64±1.19,6.58±0.68,1.22±0.11,4.53±0.99,2.49±0.15,12.09±1.18,5.29±0.35,1.71±0.74,4.76±0.34,4.61±0.38,4.93±0.21,3.50±0.07,,,,,,,,,,,,,,,,,,,,,,,,,,,,,,,,,,,,,,,,,,,,,,,,,,,,,,,,,,,,,,,,,,,,,,,,,,,,,,,
O009,"Goat, tripe",5.0,80.94±0.84,15.36±0.50,0.23±0.02,3.36±0.29,,,,,386±19,0.02±0.01,0.10±0.01,0.81±0.14,0.21±0.03,0.20±0.05,2.36±0.30,,,2.17±0.52,,,,0.10±0.02,,,,,,,,0.10±0.02,,11.50±2.06,,,,,,,,,0.33±0.06,0.18±0.23,,20.87±6.81,0.007±0.001,,0.07±0.02,0.81±0.23,0.003±0.001,,13±2.07,0.07±0.03,0.15±0.07,,0.01±0.01,59.2±21.2,45±28.7,15.59±7.21,22.38±5.45,1.66±0.40,,,,,,,,,,,,,,,,,,,,,,,,,,,,,,,,63.87±26.62,1063±234,27.10±7.84,,,,,,113±3.5,,,,4.40±0.25,3.59±0.31,5.99±0.17,7.22±0.19,5.55±0.26,8.33±0.59,7.76±0.93,4.16±0.21,1.34±0.06,5.24±0.45,2.88±0.20,11.46±0.53,8.20±0.97,1.62±0.42,5.02±0.45,3.24±0.10,4.48±0.35,4.11±0.91,,,,,,,,,,,,,,,,,,,,,,,,,,,,,,,,,,,,,,,,,,,,,,,,,,,,,,,,,,,,,,,,,,,,,,,,,,,,,,,
O010,"Goat, spleen",4.0,77.93±0.50,18.45±0.15,1.15±0.09,2.37±0.36,,,,,401±14,0.06±0.01,0.16±0.02,5.20±0.39,6.58±0.12,0.33±0.07,3.30±0.36,,,7.85±0.84,,0.10,0.36±0.00,0.08±0.02,,,,,,,,0.08±0.02,,9.00±0.74,,,,,,,,,0.29±0.03,1.18±0.39,,8.35±0.44,0.015±0.006,0.001±0.001,0.13±0.02,51.41±17.21,0.004±0.002,,15.3±2.76,0.03±0.00,0.05±0.01,0.01±0.00,0.01±0.00,266±7.3,368±17.1,48.55±13.46,52.40±8.62,1.95±0.19,,,,,,,,,,,,,,,,,,,,,,,,,,,,,,,,25.25±3.79,575±114,15.79±5.62,,,,,,243±10.4,,,,4.62±0.35,2.70±0.41,5.50±0.11,8.89±0.87,6.49±0.32,8.80±0.40,6.58±0.40,6.27±0.90,1.46±0.06,5.27±0.28,2.48±0.61,12.26±0.30,7.86±1.08,1.37±0.17,4.54±0.50,3.44±0.02,4.26±0.15,3.74±0.35,,,,,,,,,,,,,,,,,,,,,,,,,,,,,,,,,,,,,,,,,,,,,,,,,,,,,,,,,,,,,,,,,,,,,,,,,,,,,,,
O011,"Goat, kidneys",4.0,80.26±1.07,15.60±1.15,1.10±0.05,2.93±0.18,,,,,374±18,0.34±0.03,0.34±0.05,5.50±0.17,6.54±0.34,0.40±0.07,68.76±2.10,,,68.56±3.91,,,,0.09±0.01,,,,,,,,0.09±0.01,,3.50±1.46,,,,,,,,,0.19±0.04,1.44±0.87,0.002±0.001,12.37±4.51,0.009±0.005,0.003±0.001,0.25±0.03,6.73±0.13,0.001±0.000,,18.6±2.65,0.08±0.01,0.38±0.11,0.01±0.00,0.01±0.00,220±8.1,195±43.7,142±47.6,184±21.3,1.73±0.07,,,,,,,,,,,,,,,,,,,,,,,,,,,,,,,,23.91±8.08,523±42.7,19.00±9.32,,,,,,419±10.3,,,,5.23±0.18,3.41±0.39,6.46±0.19,8.48±0.46,5.52±0.22,8.43±0.22,5.74±1.03,5.69±0.21,1.50±0.11,5.44±0.43,2.66±0.32,12.62±0.77,6.98±0.29,1.71±0.05,4.73±0.29,4.08±0.25,5.08±0.09,4.77±0.87,,,,,,,,,,,,,,,,,,,,,,,,,,,,,,,,,,,,,,,,,,,,,,,,,,,,,,,,,,,,,,,,,,,,,,,,,,,,,,,
O012,"Goat, tube (small intestine)",3.0,78.12±0.63,12.92±0.54,0.54±0.01,8.26±1.08,,,,,525±32,0.01±0.00,0.11±0.01,0.64±0.14,0.53±0.13,0.21±0.05,1.87±0.10,,,2.62±1.01,,,,0.19±0.02,,,,,,,,0.13±0.12,,11.00±0.99,,,,,,,,,0.57±0.19,2.05±0.91,,27.52±1.44,0.009±0.000,0.001±0.000,0.06±0.03,2.21±0.97,0.001±0.000,,7.14±1.99,0.05±0.02,0.05±0.03,0.01±0.00,0.03±0.00,55.9±16.5,130±5.4,26.09±10.09,7.46±2.01,1.12±0.55,,,,,,,,,,,,,,,,,,,,,,,,,,,,,,,,113±27.1,2339±327,51.10±34.11,,,,,,176±3.6,,,,4.55±0.33,3.90±0.83,7.01±0.34,7.50±0.04,5.75±0.38,8.28±0.00,7.42±0.74,4.44±0.17,1.47±0.00,4.14±0.03,2.31±1.02,12.78±0.81,9.29±0.34,1.44±0.05,5.30±0.13,3.50±0.11,4.61±0.09,3.13±0.03,,,,,,,,,,,,,,,,,,,,,,,,,,,,,,,,,,,,,,,,,,,,,,,,,,,,,,,,,,,,,,,,,,,,,,,,,,,,,,,
O013,"Goat, testis",2.0,84.29,12.32,0.87,2.39,,,,,298,0.15,0.11,1.72,1.58,0.24,2.01,,,2.48,,0.55,0.07,0.09,,,,,,,,0.09,,2.50,,,,,,,,,0.06,0.65,0.001,5.95,0.015,0.001,0.08,1.43,0.007,,13.66,0.02,0.64,,,186,253,80.34,92.61,1.19,,,,,,,,,,,,,,,,,,,,,,,,,,,,,,,,21.27,552,16.51,,,,,,118,,,,4.59,3.88,8.31,7.09,5.99,8.38,6.44,5.25,1.28,4.36,2.41,12.92,9.35,1.32,5.51,3.4,4.31,3.94,,,,,,,,,,,,,,,,,,,,,,,,,,,,,,,,,,,,,,,,,,,,,,,,,,,,,,,,,,,,,,,,,,,,,,,,,,,,,,,
O014,"Sheep, shoulder",5.0,66.51±2.51,18.24±1.41,0.86±0.01,14.31±1.37,,,,,840±68,0.05±0.01,0.18±0.03,4.53±0.41,0.96±0.10,0.15±0.04,3.16±0.17,,,8.71±1.66,,0.07±0.04,,0.31±0.06,,,,,,,,0.31±0.06,,6.80±0.57,,,,,,,,,0.25±0.06,1.18±0.52,,5.46±2.05,0.023±0.038,0.001±0.000,0.07±0.04,1.63±0.62,0.003±0.001,,21.31±3.01,0.02±0.01,0.07±0.03,0.01±0.00,0.01±0.00,195±24.9,336±61.6,22.36±7.31,45.65±11.25,3.69±0.53,,,,,,,,,,,,,,,,,,,,,,,,,,,,,,,,329±195,4598±970,169±54.9,,,,,,74.72±2.97,,,,5.23±0.78,3.73±0.65,7.68±0.28,8.05±0.15,5.36±0.29,9.61±0.32,7.87±0.87,5.22±0.36,1.42±0.12,4.82±0.07,2.48±0.20,14.72±0.95,5.47±0.39,1.31±0.37,4.64±0.27,4.19±0.19,4.34±0.45,4.10±0.45,,,,,,,,,,,,,,,,,,,,,,,,,,,,,,,,,,,,,,,,,,,,,,,,,,,,,,,,,,,,,,,,,,,,,,,,,,,,,,,
O015,"Sheep, chops",4.0,75.66±2.78,18.00±1.22,1.09±0.02,5.15±2.05,,,,,496±86,0.07±0.01,0.16±0.03,4.94±0.15,1.01±0.10,0.18±0.02,1.61±0.24,,,3.49±0.44,,0.47,,0.10±0.02,,,,,,,,0.10±0.02,,7.30±0.45,,,,,,,,,0.13±0.02,0.69±0.39,,7.98±1.94,0.009±0.004,0.001±0.001,0.08±0.02,2.24±0.33,0.003±0.001,,21.42±2.22,0.03±0.01,0.13±0.01,,0.01±0.00,191±20.0,323±49.9,20.82±9.63,45.26±10.93,3.46±0.71,,,,,,,,,,,,,,,,,,,,,,,,,,,,,,,,92.36±46.71,1766±727,57.91±24.42,,,,,,86.14±3.09,,,,5.19±0.69,3.31±0.26,7.36±0.48,7.29±0.13,5.48±0.19,9.39±0.32,6.80±0.37,4.89±0.17,1.50±0.16,4.23±0.26,2.76±0.20,14.31±0.14,5.91±0.80,1.39±0.11,4.24±0.15,4.64±0.38,4.33±0.40,3.59±0.21,,,,,,,,,,,,,,,,,,,,,,,,,,,,,,,,,,,,,,,,,,,,,,,,,,,,,,,,,,,,,,,,,,,,,,,,,,,,,,,
O016,"Sheep, leg",5.0,68.26±1.01,21.42±0.43,0.94±0.01,8.69±0.74,,,,,686±25,0.08±0.02,0.16±0.02,5.25±0.32,1.04±0.11,0.24±0.04,1.81±0.25,,,9.93±1.67,,2.14,0.65±0.00,0.08±0.02,,,,,,,,0.08±0.02,,8.90±1.38,,,,,,,,,0.13±0.03,0.70±0.26,,6.87±1.88,0.009±0.003,,0.09±0.01,1.54±0.15,0.001±0.001,,22.22±1.50,0.01±0.00,0.02±0.02,,,187±9.2,333±22.2,20.00±7.37,49.30±9.48,2.67±0.56,,,,,,,,,,,,,,,,,,,,,,,,,,,,,,,,126±44.9,2377±162,103±22.3,,,,,,84.84±2.53,,,,5.54±0.86,3.88±0.84,7.07±0.25,8.26±0.16,5.33±0.34,9.52±0.55,7.78±0.72,4.89±0.12,1.47±0.17,4.58±0.07,2.42±0.28,14.46±0.43,5.86±0.67,1.54±0.16,3.97±0.35,4.19±0.04,4.57±0.54,4.10±0.53,,,,,,,,,,,,,,,,,,,,,,,,,,,,,,,,,,,,,,,,,,,,,,,,,,,,,,,,,,,,,,,,,,,,,,,,,,,,,,,
O017,"Sheep, brain",1.0,78.36,13.05,1.19,7.29,,,,,492,0.12,0.21,2.66,1.73,0.33,1.86,,,1.55,,1.06,,0.09,,,,,,,,0.09,,2.80,,,,,,,,,0.14,0.73,,10.27,0.003,,0.28,1.93,0.002,,14.08,0.04,0.02,,0.01,271,312,34.6,122,1.11,,,,,,,,,,,,,,,,,,,,,,,,,,,,,,,,28,1060,94.94,,,,,449,1336,,,,5.54,2.47,5.21,8.51,6.04,8.08,6.83,5.3,1.29,4.19,3.2,13.47,5.28,1.34,3.89,4.69,5.19,4.23,,,,,,,,,,,,,,,,,,,,,,,,,,,,,,,,,,,,,,,,,,,,,,,,,,,,,,,,,,,,,,,,,,,,,,,,,,,,,,,
O018,"Sheep, tongue",1.0,68.70,16.61,1.06,13.53,,,,,783,0.15,0.20,2.78,0.35,0.16,2.40,,,7.33,,,,0.07,,,,,,,,0.07,,1.50,,,,,,,,,0.28,0.34,,8.05,0.082,,0.17,2.46,0.001,,24.53,0.03,0.45,,0.02,207,220,23.2,185,2.46,,,,,,,,,,,,,,,,,,,,,,,,,,,,,,,,618,4999,258,,,,,,210,,,,5.71,3.64,5.45,7.49,5.22,8.3,6.79,4.87,1.36,3.62,2.72,14.42,6.28,1.48,4.3,3.72,4.79,3.78,,,,,,,,,,,,,,,,,,,,,,,,,,,,,,,,,,,,,,,,,,,,,,,,,,,,,,,,,,,,,,,,,,,,,,,,,,,,,,,
O019,"Sheep, lungs",2.0,80.41,16.12,0.97,2.41,,,,,363,0.07,0.23,2.75,0.88,0.02,13.89,,,2.45,,0.12,0.19,0.08,,,,,,,,0.08,,4.90,,,,,,,,,0.48,1.85,0.004,7.74,0.015,0.003,0.41,8.58,0.001,,11.68,0.03,0.07,0.01,0.01,187,204,16.12,109,1.58,,,,,,,,,,,,,,,,,,,,,,,,,,,,,,,,22.22,730,15.63,,,,,,431,,,,4.56,2.58,5.02,7.78,6.63,7.27,7.43,5.41,1.36,4.53,2.48,10.53,8.33,1.4,5.48,3.22,4.64,3.37,,,,,,,,,,,,,,,,,,,,,,,,,,,,,,,,,,,,,,,,,,,,,,,,,,,,,,,,,,,,,,,,,,,,,,,,,,,,,,,
O020,"Sheep, heart",1.0,77.06,18.19,0.97,3.66,,,,,445,0.34,0.30,5.43,1.66,0.30,2.17,,,4.64,,0.80,,0.15,,,,,,,,0.15,,9.70,,,,,,,,,0.03,6.04,,6.79,0.012,0.001,0.29,3.07,,0.03,15.19,0.03,0.03,,0.01,163,225,33.3,72.62,1.31,,,,,,,,,,,,,,,,,,,,,,,,,,,,,,,,37.52,815,20.02,,,,13.62,,112,,,,5.93,3.18,6.77,7.86,5.56,7.65,6.45,5.45,1.4,4.86,2.09,13.75,5.5,1.61,4.23,4.15,4.72,3.81,,,,,,,,,,,,,,,,,,,,,,,,,,,,,,,,,,,,,,,,,,,,,,,,,,,,,,,,,,,,,,,,,,,,,,,,,,,,,,,
O021,"Sheep, liver",4.0,69.71±1.12,22.26±1.46,1.26±0.07,4.87±0.12,,,,,559±21,0.17±0.04,0.35±0.02,15.66±0.44,6.95±0.18,0.26±0.05,206±26.8,,,14106±866,,0.31,0.36±0.00,0.60±0.04,,,,,,,,0.60±0.04,,14.70±1.24,,,,,,,,,0.16±0.00,1.66±0.51,0.001±0.000,5.92±0.44,0.025±0.004,0.007±0.002,5.70±1.99,6.15±1.70,0.007±0.001,,17.91±2.26,0.28±0.02,0.16±0.15,0.15±0.03,0.02±0.01,334±55.6,280±53.8,43.38±17.97,55.82±12.86,3.73±1.05,,,,,,,,,,,,,,,,,,,,,,,,,,,,,,,,30.36±13.93,742±145,,,,,,229±31.7,430±10.7,,,,4.39±0.30,2.83±0.27,6.20±0.06,7.79±0.34,5.12±0.71,8.22±0.80,5.66±0.99,5.52±0.39,1.19±0.28,4.68±0.20,2.64±0.29,10.93±0.65,5.17±0.20,1.68±0.22,4.79±0.65,4.53±0.12,4.91±0.16,3.67±0.07,,,,,,,,,,,,,,,,,,,,,,,,,,,,,,,,,,,,,,,,,,,,,,,,,,,,,,,,,,,,,,,,,,,,,,,,,,,,,,,
O022,"Sheep, tripe",2.0,78.81,16.76,0.26,4.05,,,,,435,0.02,0.08,0.63,0.20,0.22,1.87,,,2.72,,,,0.20,,,,,,,,0.20,,10.90,,,,,,,,,0.27,0.1,,14.85,0.019,,0.06,0.9,0.002,,17.81,0.16,0.19,,0.01,55.61,48.75,13.92,18.37,1.89,,,,,,,,,,,,,,,,,,,,,,,,,,,,,,,,85.72,1417,31.48,,,,,,113,,,,4.72,3.44,5.78,7.05,5.33,8.65,7.17,3.86,1.46,6.05,2.6,10.8,8.76,1.48,5.11,3.32,4.36,4.42,,,,,,,,,,,,,,,,,,,,,,,,,,,,,,,,,,,,,,,,,,,,,,,,,,,,,,,,,,,,,,,,,,,,,,,,,,,,,,,
O023,"Sheep, spleen",1.0,79.66,16.02,1.17,3.02,,,,,384,0.07,0.23,5.42,6.07,0.27,3.19,,,6.61,,,,0.10,,,,,,,,0.10,,7.50,,,,,,,,,0.16,0.92,0.001,11.49,0.013,0.001,0.16,53.11,0.009,,17.23,0.04,0.04,0.04,0.01,266,327,64.53,50.58,1.71,,,,,,,,,,,,,,,,,,,,,,,,,,,,,,,,26.6,716,20.83,,,,,,262,,,,5.05,2.89,5.9,8.91,7.04,8.83,6.55,6.94,1.38,5.5,2.27,12.11,6.76,1.46,4.38,4.02,4.39,3.34,,,,,,,,,,,,,,,,,,,,,,,,,,,,,,,,,,,,,,,,,,,,,,,,,,,,,,,,,,,,,,,,,,,,,,,,,,,,,,,
O024,"Sheep, kidneys",2.0,79.77,16.22,1.00,2.92,,,,,384,0.35,0.31,5.51,6.22,0.51,46.21,,,68.68,,0.37,0.07,0.10,,,,,,,,0.10,,2.90,,,,,,,,,0.19,2.1,0.003,14.15,0.006,0.009,0.38,6.11,0.006,,17.46,0.69,0.61,0.02,0.01,204,198,127,163,1.92,,,,,,,,,,,,,,,,,,,,,,,,,,,,,,,,20.68,540,27.78,,,,,,299,,,,5.08,3.78,6.34,7.69,5.04,8.82,5.61,4.89,1.59,5.11,2.57,12.78,6.65,1.69,4.9,3.78,4.91,4.36,,,,,,,,,,,,,,,,,,,,,,,,,,,,,,,,,,,,,,,,,,,,,,,,,,,,,,,,,,,,,,,,,,,,,,,,,,,,,,,
O025,"Beef, shoulder",6.0,63.84±0.59,20.56±1.32,0.95±0.01,14.59±0.86,,,,,889±12,0.03±0.01,0.12±0.02,5.18±0.21,1.14±0.09,0.48±0.04,8.06±1.30,,,15.51±2.43,,0.46,0.14±0.00,0.40±0.12,,,,,,,,0.40±0.12,,2.90±1.12,,,,,,,,,0.38±0.10,0.76±0.26,,6.50±1.85,0.007±0.002,,0.07±0.04,2.22±0.56,0.003±0.001,,22.24±3.28,0.01±0.00,0.10±0.07,,,201±25.2,367±56.0,11.58±3.25,45.59±12.45,4.64±0.38,,,,,,,,,,,,,,,,,,,,,,,,,,,,,,,,486±151,5669±825,72.41±34.10,,,,,,66.36±4.77,,,,5.09±0.52,3.85±0.44,7.57±0.11,8.29±0.09,5.36±0.36,9.06±0.29,7.48±0.88,5.35±0.38,0.94±0.22,4.91±0.34,2.60±0.28,13.85±0.62,5.96±0.50,1.38±0.15,4.46±0.31,4.25±0.11,4.45±0.32,3.97±0.44,,,,,,,,,,,,,,,,,,,,,,,,,,,,,,,,,,,,,,,,,,,,,,,,,,,,,,,,,,,,,,,,,,,,,,,,,,,,,,,
O026,"Beef, chops",4.0,72.40±0.34,19.82±0.43,0.96±0.02,6.71±0.45,,,,,585±13,0.02±0.01,0.06±0.01,4.36±0.17,1.27±0.08,0.34±0.03,5.69±0.82,,,2.43±0.40,,0.47,0.05±0.00,0.30±0.03,,,,,,,,0.30±0.03,,2.80±1.07,,,,,,,,,0.30±0.04,1.40±0.41,,4.64±1.64,0.005±0.001,,0.04±0.02,1.95±0.46,0.002±0.000,,24.72±4.70,0.01±0.00,0.24±0.39,,,209±42.2,383±73.0,11.54±4.42,32.47±4.39,3.77±1.08,,,,,,,,,,,,,,,,,,,,,,,,,,,,,,,,209±63.6,2440±351,30.87±13.32,,,,,,45.97±5.89,,,,5.51±0.47,3.82±0.38,5.67±0.09,8.26±0.62,5.37±0.45,9.40±0.72,6.51±0.88,5.32±0.52,1.17±0.18,5.32±0.55,2.87±0.40,14.07±0.78,6.26±0.25,1.25±0.09,4.80±0.26,4.73±0.66,4.79±0.57,3.80±0.47,,,,,,,,,,,,,,,,,,,,,,,,,,,,,,,,,,,,,,,,,,,,,,,,,,,,,,,,,,,,,,,,,,,,,,,,,,,,,,,
O027,"Beef, round (leg)",6.0,68.04±1.36,22.64±1.03,1.19±0.01,7.38±0.71,,,,,658±37,0.04±0.01,0.06±0.01,6.30±0.26,0.84±0.12,0.44±0.11,2.11±0.28,,,2.52±0.64,,0.43,0.11±0.00,0.40±0.09,,,,,,,,0.40±0.09,,5.80±1.29,,,,,,,,,0.19±0.11,1.08±0.29,,5.86±1.13,0.007±0.002,,0.06±0.01,2.30±0.96,0.003±0.001,,26.59±2.36,0.01±0.00,0.02±0.01,,0.01±0.00,215±20.0,366±3.8,18.14±10.72,38.96±8.25,3.36±0.52,,,,,,,,,,,,,,,,,,,,,,,,,,,,,,,,207±34.6,3026±253,46.84±4.27,,,,,,55.81±1.96,,,,5.07±0.36,3.67±0.50,6.43±0.16,8.09±0.22,5.41±0.17,9.85±0.31,7.00±0.85,5.10±0.13,1.42±0.16,4.67±0.18,2.90±0.22,14.70±0.61,5.82±0.65,1.63±0.35,4.13±0.23,4.49±0.29,4.19±0.58,4.28±0.30,,,,,,,,,,,,,,,,,,,,,,,,,,,,,,,,,,,,,,,,,,,,,,,,,,,,,,,,,,,,,,,,,,,,,,,,,,,,,,,
O028,"Beef, brain",4.0,78.71±1.43,10.55±0.50,1.37±0.17,9.28±0.92,,,,,523±42,0.12±0.01,0.13±0.01,1.91±0.48,1.76±0.09,0.25±0.01,5.39±2.10,,,2.18±0.22,,0.69,0.05±0.00,0.10±0.02,,,,,,,,0.10±0.02,,2.70±0.85,,,,,,,,,0.38±0.10,0.85±0.15,,11.38±0.39,0.004±0.000,,0.29±0.06,2.15±0.42,0.003±0.001,,15.84±2.93,0.03±0.01,0.04±0.01,,0.01±0.00,326±34.2,320±59.0,16.57±4.35,127±25.4,1.18±0.19,,,,,,,,,,,,,,,,,,,,,,,,,,,,,,,,37.16±8.99,1653±128,178±63.1,,,,,432±99.1,1668±28.5,,,,5.35±0.53,2.74±0.02,5.48±0.21,8.42±0.46,5.64±0.50,8.08±0.25,6.29±0.53,5.43±0.62,1.39±0.02,4.70±0.07,2.75±0.17,12.75±0.54,5.65±0.47,1.35±0.08,4.05±0.23,4.17±0.55,5.43±0.53,4.87±0.58,,,,,,,,,,,,,,,,,,,,,,,,,,,,,,,,,,,,,,,,,,,,,,,,,,,,,,,,,,,,,,,,,,,,,,,,,,,,,,,
O029,"Beef, tongue",4.0,70.97±1.20,15.63±0.67,0.73±0.00,12.57±0.63,,,,,731±32,0.05±0.01,0.13±0.01,2.93±0.05,0.72±0.03,0.19±0.04,10.81±1.33,,,5.56±0.53,,0.61,0.15±0.00,0.11±0.02,,,,,,,,0.11±0.02,,1.90±0.26,,,,,,,,,0.48±0.10,1.04±0.27,,9.49±0.28,0.005±0.002,,0.13±0.03,2.17±0.70,0.003±0.001,,22.82±7.66,0.04±0.01,0.11±0.07,,0.01±0.00,220±61.6,260±57.4,15.16±2.49,89.88±20.41,3.31±0.35,,,,,,,,,,,,,,,,,,,,,,,,,,,,,,,,351±86.8,4302±421,88.41±16.12,,,,,,141±1.1,,,,4.99±0.45,3.22±0.21,5.55±0.11,7.98±0.47,5.49±0.14,8.23±0.50,6.77±0.88,5.20±0.59,1.20±0.18,4.59±0.55,3.02±0.21,13.80±0.47,5.72±0.48,1.25±0.31,4.77±0.21,4.35±0.32,4.67±0.18,3.71±0.43,,,,,,,,,,,,,,,,,,,,,,,,,,,,,,,,,,,,,,,,,,,,,,,,,,,,,,,,,,,,,,,,,,,,,,,,,,,,,,,
O030,"Beef, lungs",3.0,80.83±0.18,15.66±0.42,1.13±0.05,2.28±0.21,,,,,351±1,0.09±0.01,0.12±0.02,3.13±0.05,0.85±0.06,0.23±0.01,6.98±0.78,,,1.89±0.16,,,,0.11±0.04,,,,,,,,0.11±0.04,,3.70±1.05,,,,,,,,,0.33±0.04,2.06±0.57,0.001±0.000,9.31±0.87,0.011±0.010,0.002±0.001,0.20±0.12,6.85±1.65,0.006±0.002,,11.60±1.19,0.07±0.09,0.07±0.02,0.01±0.00,0.01±0.00,172±15.0,216±37.2,16.69±5.47,109±14.5,1.52±0.20,,,,,,,,,,,,,,,,,,,,,,,,,,,,,,,,41.34±5.15,588±63.5,17.58±5.02,,,,,,334±8.8,,,,4.51±0.47,3.46±0.28,5.37±0.14,8.13±0.26,6.12±0.47,7.08±0.19,6.21±1.62,5.92±0.18,1.47±0.14,5.20±0.59,2.61±0.30,11.46±0.08,8.15±0.52,1.64±0.20,5.74±0.34,3.56±0.13,4.78±0.56,3.87±0.55,,,,,,,,,,,,,,,,,,,,,,,,,,,,,,,,,,,,,,,,,,,,,,,,,,,,,,,,,,,,,,,,,,,,,,,,,,,,,,,
O031,"Beef, heart",5.0,77.77±0.72,17.68±0.51,0.87±0.01,3.57±0.46,,,,,433±20,0.24±0.04,0.30±0.05,5.38±0.45,1.55±0.06,0.25±0.07,8.50±1.25,,,10.13±1.52,,5.71,0.27±0.00,0.10±0.02,,,,,,,,0.10±0.02,,2.50±1.02,,,,,,,,,0.62±0.12,1.39±0.32,,6.16±1.43,0.006±0.001,0.002±0.002,0.37±0.08,3.62±0.29,0.004±0.001,,15.66±8.91,0.03±0.01,0.09±0.07,,,181±16.0,258±69.1,20.66±7.75,70.52±13.92,1.50±0.22,,,,,,,,,,,,,,,,,,,,,,,,,,,,,,,,39.33±17.31,780±199,28.50±24.56,,,,,,92.73±5.29,,,,5.84±0.46,2.54±0.50,6.41±0.05,7.77±0.48,5.53±0.54,8.00±0.55,7.29±0.08,4.99±0.57,1.44±0.13,6.01±0.20,2.84±0.16,13.39±0.53,4.60±0.47,1.61±0.23,4.30±0.63,4.53±0.44,4.92±0.54,4.92±0.61,,,,,,,,,,,,,,,,,,,,,,,,,,,,,,,,,,,,,,,,,,,,,,,,,,,,,,,,,,,,,,,,,,,,,,,,,,,,,,,
O032,"Beef, liver",6.0,74.15±1.31,20.73±0.96,1.07±0.03,3.96±0.45,,,,,499±30,0.17±0.03,0.34±0.05,14.01±0.44,9.32±0.03,0.30±0.05,1744±71.2,,,9119±707,,,4.00±0.00,0.60±0.06,,,,,,,,0.60±0.06,,4.00±1.31,,,,,,,,,0.52±0.14,2.60±0.33,0.001±0.000,5.46±0.44,0.012±0.005,0.004±0.003,1.23±1.40,14.82±2.65,0.007±0.002,,18.57±2.85,0.25±0.08,0.46±0.25,0.10±0.02,0.02±0.01,332±61.4,289±58.2,20.20±5.44,50.14±3.83,4.36±1.97,,,,,,,,,,,,,,,,,,,,,,,,,,,,,,,,51.37±16.51,740±171,33.85±14.75,,,,,103±27.5,261±9.9,,,,4.83±0.23,2.92±0.13,6.53±0.18,8.53±0.57,5.54±0.29,8.48±0.25,5.94±0.31,5.90±0.55,1.17±0.12,5.02±0.59,2.82±0.21,11.84±0.42,5.60±0.37,1.30±0.26,4.59±0.09,4.24±0.18,4.66±0.14,3.77±0.59,,,,,,,,,,,,,,,,,,,,,,,,,,,,,,,,,,,,,,,,,,,,,,,,,,,,,,,,,,,,,,,,,,,,,,,,,,,,,,,
O033,"Beef, tripe",5.0,83.74±0.62,13.10±0.29,0.55±0.01,2.51±0.74,,,,,316±25,0.03±0.01,0.08±0.03,1.31±0.12,1.09±0.09,0.23±0.07,1.45±0.19,,,4.29±0.30,,4.00,0.06±0.00,0.41±0.08,,,,,,,,0.41±0.08,,3.50±0.64,,,,,,,,,0.37±0.21,0.61±0.43,,15.30±2.91,0.012±0.007,0.001±0.001,0.04±0.02,0.84±0.12,0.002±0.000,,9.33±2.12,0.03±0.02,0.08±0.03,,0.01±0.00,60.17±9.2,143±61.1,10.18±3.72,41.00±11.13,2.02±0.36,,,,,,,,,,,,,,,,,,,,,,,,,,,,,,,,56.14±19.48,767±194,10.65±2.12,,,,,,82.66±4.33,,,,4.38±0.07,3.30±0.14,5.28±0.06,7.11±0.18,6.07±0.38,8.39±0.68,7.06±0.20,4.75±0.20,1.48±0.16,5.58±0.07,2.82±0.23,11.70±0.13,7.40±0.23,1.75±0.37,5.40±0.64,4.07±0.14,4.54±0.27,4.16±0.26,,,,,,,,,,,,,,,,,,,,,,,,,,,,,,,,,,,,,,,,,,,,,,,,,,,,,,,,,,,,,,,,,,,,,,,,,,,,,,,
O034,"Beef, spleen",6.0,79.03±0.73,17.42±0.55,1.22±0.04,2.22±0.24,,,,,378±16,0.31±0.02,0.25±0.03,7.45±0.43,7.30±0.21,0.26±0.03,3.40±0.88,,,8.71±1.00,,0.33,,0.10±0.01,,,,,,,,0.10±0.01,,2.50±1.00,,,,,,,,,0.32±0.12,1.80±0.56,0.001±0.000,9.40±0.24,0.008±0.004,0.001±0.000,0.09±0.01,31.68±4.50,0.003±0.001,,15.80±1.25,0.03±0.01,0.11±0.04,0.05±0.01,0.01±0.00,252±24.2,348±32.4,37.55±9.76,58.94±5.92,2.01±0.16,,,,,,,,,,,,,,,,,,,,,,,,,,,,,,,,25.01±8.71,442±119,13.83±2.95,,,,,,353±8.3,,,,4.82±0.34,3.19±0.35,5.50±0.19,8.38±0.39,5.71±0.58,7.73±0.41,6.12±0.55,5.83±0.51,1.49±0.14,5.05±0.56,2.54±0.44,11.81±0.51,7.41±0.60,1.65±0.40,4.75±0.52,3.78±0.49,4.86±0.26,3.17±0.08,,,,,,,,,,,,,,,,,,,,,,,,,,,,,,,,,,,,,,,,,,,,,,,,,,,,,,,,,,,,,,,,,,,,,,,,,,,,,,,
O035,"Beef, kidneys",3.0,77.59±0.66,17.09±0.30,1.22±0.04,4.01±0.36,,,,,439±17,0.26±0.04,0.27±0.05,6.52±0.25,2.05±0.18,0.22±0.02,53.68±4.93,,,98.04±9.31,,0.53,0.11±0.00,0.08±0.03,,,,,,,,0.08±0.03,,2.50±0.92,,,,,,,,,0.34±0.12,2.37±0.54,0.043±0.010,15.31±0.44,0.005±0.000,0.002±0.002,0.21±0.09,4.71±1.89,0.481±0.827,,14.70±6.6.8,0.05±0.02,0.78±0.18,0.01±0.01,,180±16.5,184±80.9,135±16.8,160±31.1,1.40±0.49,,,,,,,,,,,,,,,,,,,,,,,,,,,,,,,,33.01±0.00,790±0,12.02±0.00,,,,,,439±3.8,,,,5.27±0.38,3.33±0.27,6.85±0.18,8.08±0.21,5.40±0.44,7.95±0.18,6.21±0.18,5.14±0.63,1.32±0.04,5.22±0.60,2.56±0.26,12.93±0.66,5.26±0.09,1.56±0.21,5.05±0.30,3.78±0.34,4.96±0.23,4.26±0.34,,,,,,,,,,,,,,,,,,,,,,,,,,,,,,,,,,,,,,,,,,,,,,,,,,,,,,,,,,,,,,,,,,,,,,,,,,,,,,,
O036,"Calf, shoulder",2.0,70.49,20.98,0.94,7.47,,,,,633,0.10,0.20,6.11,0.98,0.50,9.25,,,13.17,,,,0.30,,,,,,,,0.30,,3.50,,,,,,,,,0.29,0.7,,8.39,0.008,,0.05,1.31,0.001,,22.71,0.01,0.07,,0.01,197,369,12.34,77,3.31,,,,,,,,,,,,,,,,,,,,,,,,,,,,,,,,166,2452,29.26,,,,,,58.27,,,,4.82,3.6,5.58,7.73,5.4,9.49,5.35,4.71,1.14,3.87,2.36,13.73,5.07,1.04,4.59,3.95,4.64,3.11,,,,,,,,,,,,,,,,,,,,,,,,,,,,,,,,,,,,,,,,,,,,,,,,,,,,,,,,,,,,,,,,,,,,,,,,,,,,,,,
O037,"Calf, chops",2.0,72.66,22.47,0.92,3.85,,,,,524,0.07,0.17,5.11,0.94,0.37,2.13,,,2.10,,0.74,,0.30,,,,,,,,0.30,,3.20,,,,,,,,,0.27,0.27,,9.27,0.012,,0.07,1.2,0.004,,20.77,,0.13,,0.01,195,366,12.53,64.94,3.29,,,,,,,,,,,,,,,,,,,,,,,,,,,,,,,,50,966,17.69,,,,,,62.05,,,,5.22,3.76,5.61,8.23,5.69,10.47,5.78,5.28,1.3,4.47,2.82,14.47,5.09,1.08,4.33,4.9,4.43,3.68,,,,,,,,,,,,,,,,,,,,,,,,,,,,,,,,,,,,,,,,,,,,,,,,,,,,,,,,,,,,,,,,,,,,,,,,,,,,,,,
O038,"Calf, round (leg)",2.0,71.13,21.10,0.74,6.92,,,,,615,0.03,0.17,5.97,0.87,0.41,7.81,,,2.42,,0.97,,0.20,,,,,,,,0.20,,6.20,,,,,,,,,0.19,0.93,,10.03,0.007,,0.08,2.4,,,22.28,0.01,0.05,,0.01,185,356,13.32,67.04,2.64,,,,,,,,,,,,,,,,,,,,,,,,,,,,,,,,180,2207,46.47,,,,,,50.1,,,,5.12,5.1,6.49,8.32,5.99,9.45,6.66,5.45,1.25,4.36,3.01,14.32,5.38,1.66,4.37,4.62,4.52,4.09,,,,,,,,,,,,,,,,,,,,,,,,,,,,,,,,,,,,,,,,,,,,,,,,,,,,,,,,,,,,,,,,,,,,,,,,,,,,,,,
O039,"Calf, brain",2.0,81.19,9.84,1.26,7.60,,,,,448,0.07,0.19,3.19,1.61,0.30,1.50,,,1.41,,0.61,7.98,0.10,,,,,,,,0.10,,3.00,,,,,,,,,0.15,0.71,,10.53,0.006,,0.24,1.44,0.002,,14.29,0.03,0.03,,0.01,296,306,15.48,115,1.11,,,,,,,,,,,,,,,,,,,,,,,,,,,,,,,,46.39,1357,56.9,,,,,249,1345,,,,5.98,2.33,5.56,9.19,5.67,8.18,5.22,5.17,1.4,4.25,2.3,13.19,5.12,1.32,4.08,4.37,5.59,4.4,,,,,,,,,,,,,,,,,,,,,,,,,,,,,,,,,,,,,,,,,,,,,,,,,,,,,,,,,,,,,,,,,,,,,,,,,,,,,,,
O040,"Calf, tongue",2.0,69.44,17.78,0.93,11.76,,,,,737,0.11,0.22,4.31,0.79,0.17,5.20,,,4.63,,,,0.10,,,,,,,,0.10,,1.70,,,,,,,,,0.3,0.93,,9.08,0.015,,0.14,2.63,,,15.38,0.03,0.07,,0.01,178,238,10.57,91.64,2.67,,,,,,,,,,,,,,,,,,,,,,,,,,,,,,,,308,4050,47.58,,,,,,107,,,,4.89,2.7,5.54,7.77,6.86,8.45,6.39,4.76,1.54,4.37,2.21,12.73,6.61,1.2,4.43,3.92,4.7,3.5,,,,,,,,,,,,,,,,,,,,,,,,,,,,,,,,,,,,,,,,,,,,,,,,,,,,,,,,,,,,,,,,,,,,,,,,,,,,,,,
O041,"Calf, heart",1.0,73.44,18.84,0.86,3.75,,,,,459,0.26,0.29,5.30,2.29,0.41,9.41,,,4.83,,,,0.10,,,,,,,,0.10,,1.90,,,,,,,,,0.17,0.6,,6.48,0.031,0.001,0.28,4.66,,,18.21,0.04,0.05,,0.01,185,224,11.86,58,1.63,,,,,,,,,,,,,,,,,,,,,,,,,,,,,,,,19.68,656,20.82,,,,,,130,,,,5.25,2.69,6.43,8.11,4.98,7.97,6.83,5,1.41,5.38,2.29,13.82,5.5,1.49,3.78,4.13,4.2,4.28,,,,,,,,,,,,,,,,,,,,,,,,,,,,,,,,,,,,,,,,,,,,,,,,,,,,,,,,,,,,,,,,,,,,,,,,,,,,,,,
O042,"Calf, liver",1.0,73.66,21.02,1.26,3.95,,,,,503,0.17,0.31,12.98,8.95,0.59,1473,,,9664,,,,0.50,,,,,,,,0.50,,5.00,,,,,,,,,0.07,3.47,0.001,5.19,0.007,0.013,1.04,16.26,,,19.16,0.19,0.8,0.12,0.01,358,307,19.94,54.99,3.8,,,,,,,,,,,,,,,,,,,,,,,,,,,,,,,,30.8,618,21.19,,,,,92,306,,,,4.33,2.36,6.13,8.76,5.51,8.61,5.55,6.13,1.43,4.98,2.65,12.77,5.66,1.52,4.55,4.28,4.62,3.62,,,,,,,,,,,,,,,,,,,,,,,,,,,,,,,,,,,,,,,,,,,,,,,,,,,,,,,,,,,,,,,,,,,,,,,,,,,,,,,
O043,"Calf, spleen",1.0,78.65,17.71,1.41,2.12,,,,,379,0.09,0.28,7.61,6.83,0.44,3.58,,,6.32,,0.29,,0.10,,,,,,,,0.10,,2.50,,,,,,,,,0.32,0.45,0.003,10.56,0.008,0.001,0.19,25.42,0.006,,18.95,0.04,0.11,0.08,0.01,274,372,41.33,67.87,2.02,,,,,,,,,,,,,,,,,,,,,,,,,,,,,,,,26.95,474,11.5,,,,,,360,,,,4.76,3.15,5.66,9.51,6.96,8.25,5.32,6.84,1.47,5.19,2.26,13.25,7.83,1.47,4.54,3.45,4.51,3.25,,,,,,,,,,,,,,,,,,,,,,,,,,,,,,,,,,,,,,,,,,,,,,,,,,,,,,,,,,,,,,,,,,,,,,,,,,,,,,,
O044,"Calf, kidneys",2.0,80.23,15.16,1.02,3.50,,,,,387,0.32,0.35,4.16,2.49,0.30,33.48,,,95.73,,,,0.10,,,,,,,,0.10,,3.10,,,,,,,,,0.19,1.42,0.014,12.63,0.008,0.002,0.21,4.92,0.003,,17.35,0.06,1.33,0.01,0.01,204,206,91.31,174,1.58,,,,,,,,,,,,,,,,,,,,,,,,,,,,,,,,31.46,613,15.59,,,,,,271,,,,5.49,3.77,6.39,8.27,5.92,8.2,6.15,5.53,1.21,5.38,2.81,12.5,6.08,1.55,5.23,3.88,5.1,4.19,,,,,,,,,,,,,,,,,,,,,,,,,,,,,,,,,,,,,,,,,,,,,,,,,,,,,,,,,,,,,,,,,,,,,,,,,,,,,,,
O045,"Mithun, shoulder",1.0,68.86,19.05,0.84,11.14,,,,,736,0.04,0.06,6.29,1.31,0.37,1.86,,,12.68,,0.06,,0.30,,,,,,,,0.30,,3.80,,,,,,,,,0.35,1.4,,4.27,0.05,,0.08,2.05,0.003,,18.86,0.01,0.08,,0.02,199,307,28.28,32.94,6.11,,,,,,,,,,,,,,,,,,,,,,,,,,,,,,,,108,2049,,,,,,,45.07,,,,4.72,4.08,7.78,7.48,6.01,9.54,7.44,5.01,1.28,4.47,2.52,16.4,5.63,1.28,4.83,4.45,4.2,3.87,,,,,,,,,,,,,,,,,,,,,,,,,,,,,,,,,,,,,,,,,,,,,,,,,,,,,,,,,,,,,,,,,,,,,,,,,,,,,,,
O046,"Mithun, chops",1.0,73.81,18.19,0.79,6.12,,,,,536,0.20,0.18,4.76,1.62,0.34,1.90,,,2.62,,0.08,,0.20,,,,,,,,0.20,,4.20,,,,,,,,,0.36,0.62,0.001,4.88,0.019,,0.09,2.25,0.006,,18.2,0.02,,,0.03,178,222,14.58,42.17,6.08,,,,,,,,,,,,,,,,,,,,,,,,,,,,,,,,70.1,1206,,,,,,,46.99,,,,5.21,3.35,6.92,7.87,5.37,9.71,7.73,4.65,1.28,4.76,3.1,15.61,5.6,1.14,4.29,4.71,4.5,3.87,,,,,,,,,,,,,,,,,,,,,,,,,,,,,,,,,,,,,,,,,,,,,,,,,,,,,,,,,,,,,,,,,,,,,,,,,,,,,,,
O047,"Mithun, round (leg)",1.0,72.25,19.61,0.90,4.10,,,,,485,0.02,0.05,5.30,1.36,0.29,1.86,,,2.47,,0.04,,0.30,,,,,,,,0.30,,8.50,,,,,,,,,0.17,0.63,,5.32,0.038,0.001,0.09,2.18,0.004,,22.23,0.01,,,0.06,190,338,14.81,28.42,3.47,,,,,,,,,,,,,,,,,,,,,,,,,,,,,,,,48.11,1870,,,,,,,44.01,,,,5.08,3.77,6.49,7.87,5.5,9.57,7.34,4.93,1.33,3.94,2.58,14.79,5.38,1.21,4.16,4.4,4.37,4.58,,,,,,,,,,,,,,,,,,,,,,,,,,,,,,,,,,,,,,,,,,,,,,,,,,,,,,,,,,,,,,,,,,,,,,,,,,,,,,,
O048,"Pork, shoulder",6.0,62.92±0.74,17.41±0.71,0.75±0.12,18.83±0.88,,,,,993±28,0.18±0.01,0.10±0.02,4.22±0.43,0.86±0.06,0.41±0.08,6.70±1.09,,,5.12±0.89,,9.03,0.35±0.00,0.30±0.18,,,,,,,,0.30±0.18,,1.80±0.34,,,,,,,,,0.47±0.14,1.53±0.89,,9.95±5.13,0.020±0.011,,0.23±0.17,0.91±0.23,0.005±0.000,,15.01±4.36,0.02±0.01,0.15±0.10,,,157±36.8,234±33.1,13.26±5.22,54.47±16.10,2.08±0.66,,,,,,,,,,,,,,,,,,,,,,,,,,,,,,,,418±106,7696±1111,,,,,,,44.38±2.76,,,,4.83±0.29,3.86±0.46,5.50±0.13,8.39±0.12,5.32±0.44,9.17±0.24,6.51±0.58,4.39±0.43,1.32±0.11,4.41±0.29,2.89±0.40,13.31±0.59,5.37±0.10,1.35±0.43,5.74±0.50,4.40±0.07,4.33±0.12,3.23±0.52,,,,,,,,,,,,,,,,,,,,,,,,,,,,,,,,,,,,,,,,,,,,,,,,,,,,,,,,,,,,,,,,,,,,,,,,,,,,,,,
O049,"Pork, chops",6.0,68.40±1.25,19.41±0.68,0.64±0.05,11.30±1.33,,,,,748±51,0.30±0.02,0.11±0.02,4.49±0.30,0.72±0.13,0.36±0.10,7.74±1.03,,,1.51±0.26,,4.83±0.60,2.27±1.00,0.11±0.02,,,,,,,,0.11±0.02,,2.20±0.73,,,,,,,,,0.41±0.12,0.85±0.38,,8.12±0.81,0.024±0.005,,0.22±0.13,1.00±0.20,0.003±0.001,,11.62±1.58,0.03±0.01,0.23±0.05,,,143±0.3,243±0.7,15.06±3.70,43.70±11.05,1.34±0.46,,,,,,,,,,,,,,,,,,,,,,,,,,,,,,,,242±12.2,4731±361,,,,,,,46.98±3.18,,,,4.42±0.25,4.08±0.72,5.97±1.11,7.77±0.04,6.74±0.05,9.73±0.21,7.30±1.49,4.63±0.23,1.31±0.08,4.37±0.67,2.88±0.13,14.27±0.94,5.50±0.13,1.41±0.14,5.27±0.04,4.55±0.08,4.69±0.64,3.46±0.07,,,,,,,,,,,,,,,,,,,,,,,,,,,,,,,,,,,,,,,,,,,,,,,,,,,,,,,,,,,,,,,,,,,,,,,,,,,,,,,
O050,"Pork, ham",6.0,61.94±0.39,18.83±0.59,0.62±0.02,18.55±0.78,,,,,1006±20,0.24±0.02,0.10±0.01,4.59±0.68,0.79±0.06,0.25±0.06,1.51±0.21,,,2.98±0.30,,5.85,,0.20±0.04,,,,,,,,0.20±0.04,,5.30±1.39,,,,,,,,,0.32±0.28,1.54±0.94,,7.40±2.16,0.015±0.012,,0.20±0.19,1.27±0.48,0.003±0.001,,17.05±3.66,0.01±0.01,0.10±0.14,,,140±26.6,239±34.6,13.21±6.77,40.44±9.89,1.76±0.41,,,,,,,,,,,,,,,,,,,,,,,,,,,,,,,,466±108,7600±769,,,,,,,47.08±1.64,,,,4.91±0.38,4.47±0.22,6.49±0.14,8.27±0.26,5.32±0.44,9.38±0.25,7.62±0.58,4.56±0.34,1.47±0.11,5.09±0.25,2.78±0.26,14.18±1.07,5.41±0.29,1.77±0.39,4.79±0.54,4.81±0.45,4.49±0.21,4.47±0.51,,,,,,,,,,,,,,,,,,,,,,,,,,,,,,,,,,,,,,,,,,,,,,,,,,,,,,,,,,,,,,,,,,,,,,,,,,,,,,,
O051,"Pork, lungs",4.0,81.12±0.72,15.13±0.52,0.93±0.01,2.74±0.23,,,,,358±16,0.08±0.02,0.14±0.02,3.11±0.19,1.79±0.20,0.19±0.02,6.36±0.75,,,5.14±0.40,,1.91,0.14±0.00,0.11±0.03,,,,,,,,0.11±0.03,,3.80±0.68,,,,,,,,,0.33±0.14,2.03±0.55,0.002±0.000,10.30±0.26,0.007±0.007,0.001±0.001,0.21±0.12,6.76±2.03,,,9.82±3.41,0.03±0.01,0.12±0.11,,0.01±0.00,161±33.4,200±23.0,17.75±9.09,61.41±20.69,1.18±0.21,,,,,,,,,,,,,,,,,,,,,,,,,,,,,,,,32.88±10.53,834±103,,,,,,,232±11.0,,,,4.34±0.20,3.02±0.35,5.50±0.12,8.00±0.55,6.76±0.31,8.22±0.62,6.50±0.88,6.16±0.48,1.37±0.18,3.92±0.62,2.27±0.58,11.71±0.39,8.27±0.11,1.84±0.25,6.23±0.22,3.17±0.29,4.75±0.34,2.93±0.22,,,,,,,,,,,,,,,,,,,,,,,,,,,,,,,,,,,,,,,,,,,,,,,,,,,,,,,,,,,,,,,,,,,,,,,,,,,,,,,
O052,"Pork, heart",4.0,77.74±0.88,16.31±0.16,1.01±0.01,4.87±0.84,,,,,457±32,0.28±0.03,0.30±0.04,5.13±0.18,1.49±0.15,0.30±0.05,4.73±0.80,,,7.16±0.88,,,,0.10±0.02,,,,,,,,0.10±0.02,,3.50±0.93,,,,,,,,,0.29±0.09,1.06±0.24,,4.74±0.91,0.011±0.004,,0.32±0.04,3.97±0.43,0.002±0.001,,18.23±1.82,0.03±0.00,0.27±0.05,0.01±0.00,0.01±0.02,187±18.5,268±54.9,20.75±5.43,70.52±13.46,1.60±0.23,,,,,,,,,,,,,,,,,,,,,,,,,,,,,,,,46.51±14.55,1201±335,,,,,,,134±4.2,,,,5.09±0.49,3.11±0.08,6.57±0.24,8.73±0.35,5.76±0.35,8.65±0.46,6.20±1.89,5.69±0.36,1.55±0.04,5.58±0.12,2.86±0.34,13.97±0.63,6.09±0.15,1.68±0.44,4.49±0.28,4.44±0.40,4.41±0.33,4.51±0.41,,,,,,,,,,,,,,,,,,,,,,,,,,,,,,,,,,,,,,,,,,,,,,,,,,,,,,,,,,,,,,,,,,,,,,,,,,,,,,,
O053,"Pork, liver",5.0,74.88±1.23,19.89±1.16,1.18±0.03,3.94±0.34,,,,,484±24,0.16±0.02,0.31±0.05,13.76±0.76,7.93±0.20,0.37±0.16,954±88.6,,,8759±798,,2.97,0.23±0.00,0.85±0.08,,,,,,,,0.85±0.08,,4.50±0.92,,,,,,,,,0.33±0.27,1.64±0.89,0.003±0.004,5.52±0.27,0.007±0.002,0.003±0.003,0.66±0.31,20.74±7.24,0.002±0.001,,16.59±1.79,0.17±0.03,0.92±1.63,0.13±0.02,0.01±0.00,310±24.2,279±20.7,33.49±10.76,64.89±17.55,4.19±1.30,,,,,,,,,,,,,,,,,,,,,,,,,,,,,,,,21.63±6.99,678±206,,,,,,,216±1.4,,,,4.73±0.45,3.07±0.47,6.71±0.21,8.64±0.35,5.26±0.51,8.60±0.20,6.12±0.70,6.07±0.18,1.24±0.15,4.73±0.57,2.57±0.27,12.99±0.81,5.89±0.44,1.53±0.43,4.34±0.38,4.28±0.19,4.87±0.56,3.61±0.43,,,,,,,,,,,,,,,,,,,,,,,,,,,,,,,,,,,,,,,,,,,,,,,,,,,,,,,,,,,,,,,,,,,,,,,,,,,,,,,
O054,"Pork, stomach",1.0,76.51,15.36,0.23,7.81,,,,,550,0.10,0.06,1.90,3.10,0.19,6.87,,,3.34,,0.42,0.13,0.30,,,,,,,,0.30,,3.50,,,,,,,,,0.44,5.94,,11.75,0.042,,0.74,1.92,0.006,,23.32,0.02,0.16,,0.01,125,200,31.64,109,2.34,,,,,,,,,,,,,,,,,,,,,,,,,,,,,,,,127,2563,,,,,,,187,,,,5.27,3.13,6.66,6.44,5.55,8.96,8.82,5.04,1.46,5.47,2.89,9.24,8.41,1.22,4.56,4.49,5.29,5.48,,,,,,,,,,,,,,,,,,,,,,,,,,,,,,,,,,,,,,,,,,,,,,,,,,,,,,,,,,,,,,,,,,,,,,,,,,,,,,,
O055,"Pork, spleen",3.0,80.93±1.08,15.13±0.79,1.13±0.05,2.71±0.71,,,,,357±31,0.13±0.02,0.27±0.12,7.80±0.43,4.87±0.34,0.22±0.04,5.92±0.49,,,8.44±0.81,,,,0.17±0.06,,,,,,,,0.17±0.06,,2.50±0.83,,,,,,,,,0.26±0.22,1.83±1.59,0.003±0.003,6.98±2.93,0.018±0.018,,0.11±0.01,27.21±6.43,0.799±1.381,,16.08±2.24,0.03±0.01,0.18±0.10,0.01±0.00,0.01±0.00,230±28.7,325±35.1,37.25±4.76,49.14±5.55,2.09±0.29,,,,,,,,,,,,,,,,,,,,,,,,,,,,,,,,34.64±7.32,785±276,,,,,,,201±70.8,,,,4.36±0.08,3.06±0.02,7.53±0.34,8.61±0.47,6.30±0.42,8.61±0.68,6.77±0.44,5.84±0.16,1.28±0.28,4.26±0.07,2.43±0.65,12.65±0.40,7.08±0.41,1.50±0.51,4.59±0.28,3.61±0.30,4.78±0.42,2.71±0.21,,,,,,,,,,,,,,,,,,,,,,,,,,,,,,,,,,,,,,,,,,,,,,,,,,,,,,,,,,,,,,,,,,,,,,,,,,,,,,,
O056,"Pork, kidneys",5.0,80.92±0.87,14.35±1.03,0.97±0.10,3.65±0.55,,,,,379±21,0.24±0.14,0.37±0.05,6.46±0.38,2.52±0.27,0.16±0.04,59.61±10.30,,,72.53±6.91,,2.92,0.24±0.00,0.19±0.06,,,,,,,,0.19±0.06,,1.50±0.19,,,,,,,,,0.11±0.02,1.80±1.89,0.022±0.014,6.71±0.55,0.012±0.008,0.001±0.001,0.53±0.19,6.26±2.55,0.002±0.001,,15.56±1.39,0.10±0.01,1.15±0.43,0.01±0.01,0.01±0.00,201±17.8,198±11.5,206±39.5,138±17.5,1.90±0.28,,,,,,,,,,,,,,,,,,,,,,,,,,,,,,,,28.23±12.20,817±162,,,,,,,267±2.1,,,,5.15±0.61,3.67±0.49,7.76±0.07,8.12±0.11,5.55±0.56,8.87±0.51,5.86±0.32,6.11±0.64,1.26±0.10,4.96±0.21,2.53±0.23,11.65±0.48,7.22±0.43,1.36±0.41,4.73±0.27,4.07±0.31,5.08±0.35,3.98±0.66,,,,,,,,,,,,,,,,,,,,,,,,,,,,,,,,,,,,,,,,,,,,,,,,,,,,,,,,,,,,,,,,,,,,,,,,,,,,,,,
O057,"Pork, tube (small intestine)",1.0,75.42,14.96,0.55,8.98,,,,,587,0.08,0.10,0.90,3.02,0.19,7.84,,,1.13,,1.01,,0.20,,,,,,,,0.20,,3.50,,,,,,,,,0.52,2.48,0.001,16.05,0.008,,0.11,2.83,0.007,,9.78,0.05,0.16,,0.01,124,140,26.44,60.17,1.36,,,,,,,,,,,,,,,,,,,,,,,,,,,,,,,,190,2984,,,,,,,180,,,,4.98,4.08,7.74,7.93,6.7,8.07,7.99,4.73,1.27,3.5,2.25,13.19,9.15,1.26,5.32,3.62,4.97,2.92,,,,,,,,,,,,,,,,,,,,,,,,,,,,,,,,,,,,,,,,,,,,,,,,,,,,,,,,,,,,,,,,,,,,,,,,,,,,,,,
O058,"Hare, shoulder",1.0,71.06,21.13,1.17,6.58,,,,,603,0.07,0.27,5.04,0.70,0.28,2.20,,,8.88,,0.06,,1.46,,,,,,,0.58,1.46,,25.59,,,,,,,,,,,,57.51,0.002,,0.43,2.98,0.002,,28,0.04,,,,260,303,16.38,55.03,2.72,,,,,,,,,,,,,,,,,,,,,,,,,,,,,,,,240,1366,,,,,,,79.93,,,,4.64,2.57,7.76,9.13,7.07,8.41,6.81,5.04,1.49,5.01,2.53,15.99,6.27,1.03,4.75,5.04,4.08,3.99,,,,,,,,,,,,,,,,,,,,,,,,,,,,,,,,,,,,,,,,,,,,,,,,,,,,,,,,,,,,,,,,,,,,,,,,,,,,,,,
O059,"Hare, chops",1.0,75.47,20.62,1.27,2.55,,,,,445,0.07,0.28,4.85,0.61,0.22,3.85,,,2.84,,0.09,,1.73,,,,,,,0.69,1.73,,23.65,,,,,,,,,,,,38.36,,,0.19,2.78,0.001,,31,0.03,,,,295,340,30.25,48.61,1.45,,,,,,,,,,,,,,,,,,,,,,,,,,,,,,,,90,523,,,,,,,77.7,,,,4.98,2.64,7.46,9.08,6.82,8.8,6.48,5.86,1.64,4.88,2.93,14.89,5.53,1.2,4.24,5.26,4.32,3.8,,,,,,,,,,,,,,,,,,,,,,,,,,,,,,,,,,,,,,,,,,,,,,,,,,,,,,,,,,,,,,,,,,,,,,,,,,,,,,,
O060,"Hare, leg",1.0,73.00,20.52,1.26,4.16,,,,,503,0.08,0.22,5.63,0.64,0.24,1.95,,,1.26,,0.08,,1.44,,,,,,,0.58,1.44,,22.18,,,,,,,,,,,,53.02,,,0.25,2.46,0.002,,32,0.02,,,,275,370,21.01,42.48,1.62,,,,,,,,,,,,,,,,,,,,,,,,,,,,,,,,75,439,,,,,,,78.81,,,,4.83,2.72,7.73,9,6.47,8.93,6.45,5.08,1.82,4.94,2.71,15.68,5.22,1.05,4.43,5.18,4.12,4.03,,,,,,,,,,,,,,,,,,,,,,,,,,,,,,,,,,,,,,,,,,,,,,,,,,,,,,,,,,,,,,,,,,,,,,,,,,,,,,,
O061,"Rabbit, shoulder",1.0,70.75,20.01,1.19,7.96,,,,,635,0.03,0.14,4.38,0.69,0.30,1.80,,,5.90,,0.57,,1.22,,,,,,,0.49,1.22,,24.68,,,,,,,,,,,,46.37,0.001,,0.64,1.74,0.003,,32,0.03,,,,238,361,14.83,61.38,2.34,,,,,,,,,,,,,,,,,,,,,,,,,,,,,,,,504,1828,,,,,,,82.56,,,,5.04,2.86,7.23,8.34,6.63,8.65,6.59,5.1,1.65,5.31,2.88,15.43,5.01,1.21,3.83,5.42,4.29,4.35,,,,,,,,,,,,,,,,,,,,,,,,,,,,,,,,,,,,,,,,,,,,,,,,,,,,,,,,,,,,,,,,,,,,,,,,,,,,,,,
O062,"Rabbit, chops",1.0,71.03,22.61,1.35,4.88,,,,,565,0.02,0.08,7.54,0.73,0.24,2.10,,,3.88,,0.70,,0.83,,,,,,,0.33,0.83,,25.88,,,,,,,,,,,,25.48,,,0.08,2.42,0.002,,33,0.03,,,,245,374,30.22,47.84,1.3,,,,,,,,,,,,,,,,,,,,,,,,,,,,,,,,310,1170,,,,,,,79.17,,,,5.11,2.97,7.51,8.84,6.74,8.61,6.52,5.1,1.46,4.93,3.17,15.31,4.8,1.34,4.46,5.56,4.31,4.21,,,,,,,,,,,,,,,,,,,,,,,,,,,,,,,,,,,,,,,,,,,,,,,,,,,,,,,,,,,,,,,,,,,,,,,,,,,,,,,
O063,"Rabbit, leg",1.0,70.33,21.31,1.26,5.99,,,,,584,0.03,0.10,5.02,0.70,0.26,1.80,,,8.49,,0.43,,0.72,,,,,,,0.29,0.72,,23.85,,,,,,,,,,,,22.31,,,0.18,1.21,0.003,,21,0.03,,,,245,389,24.31,46.03,1.23,,,,,,,,,,,,,,,,,,,,,,,,,,,,,,,,268,935,,,,,,,76.7,,,,4.86,2.95,7.21,9.17,6.94,8.48,6.71,5.08,1.52,5.09,2.54,14.4,6.02,1.21,4.62,5.31,4.26,4.41,,,,,,,,,,,,,,,,,,,,,,,,,,,,,,,,,,,,,,,,,,,,,,,,,,,,,,,,,,,,,,,,,,,,,,,,,,,,,,,
P001,Allathi (Elops machnata),1.0,75.91,21.77,1.06,0.98,,,,,406,0.08,0.04,3.67,0.72,194,1230,,,9.60,,1.03,0.25,1.02,,,,,,,,1.02,,1.98,,,,,,,,,,,,13.78,0.012,,0.03,0.62,,,29.08,0.01,,,0.004,215,286,12.55,32.68,0.3,,,,,,,,,,,,,,,,,,,,,,,,,,,,,,,,,,,,,,,,,4.33,,21.54,5.23,4.76,7.8,6.63,3.26,1.42,5.49,5.13,1.18,5.26,5.41,5.95,10.7,14.01,4.68,3.39,3.88,5.15,,,,,,,,,,,,,,,,,,,,,,,,,,,,,,,,,,,,,,,,,,,,,,,,,,,,,,,,,,,,,,,,,,,,,,,,,,,,,,,
P002,Aluva (Parastromateus niger),3.0,75.71±0.06,21.63±0.28,1.39±0.08,1.80±0.51,,,,,434±17,0.05±0.01,0.02±0.00,2.35±0.50,0.74±0.12,158±8.5,1132±159,,,14.30±1.94,,0.79±0.02,0.34±0.08,1.00±0.56,,,,,,,,1.00±0.56,,8.88±0.03,,,,,,,,,,,0.001±0.000,11.32±2.07,0.011±0.007,0.001±0.000,0.04±0.01,0.42±0.02,0.004±0.002,0.003±0.002,34.38±1.63,0.01±0.00,,,0.004±0.001,245±13.9,470±61.3,35.15±8.07,44.86±6.80,0.38±0.02,,,,,,,,,,,,,,,,,,,,,,,,,,,,,,,,,,,,,,,,,18.37±3.56,,70.40±22.65,3.72±0.23,4.57±0.40,8.65±0.35,5.91±0.96,2.28±0.30,1.42±0.39,6.43±0.42,5.57±0.74,0.99±0.02,5.74±0.25,5.55±0.36,6.97±1.17,9.56±1.05,13.13±0.62,5.47±0.29,3.53±0.40,4.34±0.63,5.13±0.33,,,,,,,,,,,,,,,,,,,,,,,,,,,,,,,,,,,,,,,,,,,,,,,,,,,,,,,,,,,,,,,,,,,,,,,,,,,,,,,
P003,Anchovy (Stolephorus indicus),2.0,77.77,19.88,1.62,0.78,,,,,367,0.03,0.04,0.91,1.21,61.25,1170,,,12.18,,2.76,0.11,0.73,,,,,,,,0.73,,0.60,,,,,,,,,,,0.003,36.6,0.016,,0.04,0.54,,0.011,53,0.07,,,0.004,246,270,56.22,212,0.65,,,,,,,,,,,,,,,,,,,,,,,,,,,,,,,,,,,,,,,,,,,10.15,3.65,4.59,7.72,5.67,3.28,1.82,4.61,5.55,0.81,5.49,5.28,5.83,7.89,14.66,5.57,3.35,4.39,4.15,,,,,,,,,,,,,,,,,,,,,,,,,,,,,,,,,,,,,,,,,,,,,,,,,,,,,,,,,,,,,,,,,,,,,,,,,,,,,,,
P004,Ari fish (Aprion virescens ),1.0,77.09,22.01,1.34,1.11,,,,,415,0.06,0.03,3.65,0.23,218,602,,,1.56,,1.02,0.02,0.10,,,,,,,,0.10,,0.88,,,,,,,,,,,,4.36,0.002,,0.02,0.47,,0.002,30.27,0.01,,,0.006,265,447,53.21,37.35,0.31,,,,,,,,,,,,,,,,,,,,,,,,,,,,,,,,,,,,,,,,,7.89,,21.75,4.71,4.56,8.23,6.3,2.64,2.14,4.55,5.49,1.23,5.11,5.39,7.56,10.65,12.16,5.83,3.28,4.38,4.26,,,,,,,,,,,,,,,,,,,,,,,,,,,,,,,,,,,,,,,,,,,,,,,,,,,,,,,,,,,,,,,,,,,,,,,,,,,,,,,
P005,Betki (Lates calcarifer),1.0,82.52,15.28,1.12,0.29,,,,,284,0.01,0.04,1.54,0.40,85.00,2079,,,5.58,,1.05,0.06,0.38,,,,,,,,0.38,,0.63,,,,,,,,,0.01,0.27,,8.84,0.014,,0.79,0.31,0.002,,24.16,0.01,5.87,,0.003,188,355,35.75,63.68,0.36,,,,,,,,,,,,,,,,,,,,,,,,,,,,,,,,,,,,,,,,,,,,4.54,4.62,6.98,7.6,3.15,1.95,5.79,5.19,0.81,5.33,2.15,5.93,10.35,13.28,6.51,5.55,4.46,5.28,,,,,,,,,,,,,,,,,,,,,,,,,,,,,,,,,,,,,,,,,,,,,,,,,,,,,,,,,,,,,,,,,,,,,,,,,,,,,,,
P006,Black snapper (Macolor niger),1.0,78.09,19.50,1.19,1.24,,,,,377,0.02,,2.89,0.54,106,1772,,,14.55,,1.31,0.18,0.51,,,,,,,,0.51,,115,,,,,,,,,0.17,0.08,,9.91,0.046,,0.02,0.56,,,26.72,0.01,6.88,0.001,0.007,195,341,14.4,41.23,0.4,,,,,,,,,,,,,,,,,,,,,,,,,,,,,,,,,,,,,,,,,,,,4.94,4.93,7.97,5.84,3.12,2.01,5.33,4.64,0.79,5.43,5.67,5.74,11.43,15.7,5.36,3.58,4.07,3.85,,,,,,,,,,,,,,,,,,,,,,,,,,,,,,,,,,,,,,,,,,,,,,,,,,,,,,,,,,,,,,,,,,,,,,,,,,,,,,,
P007,Bombay duck (Harpadon nehereus),2.0,83.24,13.53,1.07,1.03,,,,,287,0.03,0.02,0.64,1.48,98.00,2784,,,3.38,,0.96,0.29,0.75,,,,,,,,0.75,,1.04,,,,,,,,,0.67,7.68,0.001,159,0.01,0.001,0.03,0.81,0.003,0.004,24.27,0.05,0.9,,0.006,185,188,25.45,223,0.42,,,,,,,,,,,,,,,,,,,,,,,,,,,,,,,,,,,,,,,,,,,,4.6,4.49,7.47,7.17,3.44,1.74,5.37,4.51,1.25,5.34,5.95,5.25,9.93,11.16,6.17,6.14,4.5,4.23,,,,,,,,,,,,,,,,,,,,,,,,,,,,,,,,,,,,,,,,,,,,,,,,,,,,,,,,,,,,,,,,,,,,,,,,,,,,,,,
P008,Bommuralu (Muraenesox cinerius),3.0,76.42±0.05,22.30±0.27,1.21±0.20,2.87±0.29,,,,,485±14,0.05±0.02,0.02±0.00,1.34±1.09,0.64±0.08,68.63±18.97,1004±91,,,3.28±1.70,,3.19±0.09,0.08±0.04,0.54±0.46,,,,,,,,0.54±0.46,,0.94±0.04,,,,,,,,,,,,47.33±16.91,0.017±0.002,0.001±0.000,0.14±0.21,0.43±0.10,,0.002±0.001,27.13±4.91,0.03±0.03,,,0.005±0.002,207±29.5,349±27.7,18.01±5.16,61.87±2.43,0.67±0.21,,,,,,,,,,,,,,,,,,,,,,,,,,,,,,,,,,,,,,,,,31.72±5.57,,128±46.4,3.74±0.09,4.75±0.46,8.59±0.25,5.07±0.45,2.57±0.13,1.48±0.14,6.19±0.37,5.58±0.11,1.19±0.07,5.35±0.45,4.52±0.53,6.73±0.33,10.19±0.81,13.89±0.53,4.76±0.34,3.29±0.42,4.54±0.07,5.46±0.47,,,,,,,,,,,,,,,,,,,,,,,,,,,,,,,,,,,,,,,,,,,,,,,,,,,,,,,,,,,,,,,,,,,,,,,,,,,,,,,
P009,Cat fish (Tachysurus thalassinus),1.0,76.22,22.18,1.32,2.13,,,,,456,0.05,0.05,1.38,1.24,223,1136,,,14.08,,1.42,0.47,0.38,,,,,,,,0.38,,0.96,,,,,,,,,,,,5.54,0.015,,0.03,0.72,,,25.69,0.01,,,0.005,252,429,42.33,35.82,0.58,,,,,,,,,,,,,,,,,,,,,,,,,,,,,,,,,,,,,,,,,16.84,,61.6,2.06,5.04,8.35,6.13,2.12,1.42,4.4,4.83,0.55,5.59,5.84,5.77,12,15.36,5.19,3.62,4.18,3.91,,,,,,,,,,,,,,,,,,,,,,,,,,,,,,,,,,,,,,,,,,,,,,,,,,,,,,,,,,,,,,,,,,,,,,,,,,,,,,,
P010,Chakla (Rachycentron canadum),5.0,78.36±0.07,20.21±0.70,1.07±0.09,1.68±1.00,,,,,406±36,0.06±0.01,0.04±0.02,2.37±0.75,0.67±0.03,99.11±11.25,572±107,,,1.39±0.37,,2.07±0.04,0.08±0.02,0.72±0.43,,,,,,,,0.72±0.43,,0.62±0.03,,,,,,,,,,,,6.55±1.09,0.014±0.003,0.001±0.001,0.38±0.73,0.41±0.10,0.001±0.000,0.002±0.002,24.71±1.74,0.01±0.00,,0.001±0.000,0.006±0.002,219±59.3,343±43.7,58.99±7.35,51.41±11.15,0.57±0.38,,,,,,,,,,,,,,,,,,,,,,,,,,,,,,,,,,,,,,,,,10.42±6.85,,39.35±26.20,3.61±0.32,4.62±0.17,7.59±0.29,6.26±0.44,2.52±0.21,1.83±0.32,5.63±0.28,5.15±0.46,1.02±0.12,5.28±0.16,5.57±0.20,6.88±1.24,10.25±0.50,13.92±0.58,4.96±0.22,3.44±0.16,4.30±0.25,4.41±0.59,,,,,,,,,,,,,,,,,,,,,,,,,,,,,,,,,,,,,,,,,,,,,,,,,,,,,,,,,,,,,,,,,,,,,,,,,,,,,,,
P011,Chappal (Aluterus monoceros ),1.0,80.61,17.17,1.23,0.67,,,,,317,0.06,0.02,3.95,0.18,185,776,,,1.37,,0.21,0.04,1.09,,,,,,,,1.09,,0.77,,,,,,,,,,,,10.22,0.014,,0.43,1.29,,0.001,25.85,0.01,,0.004,,203,306,52.37,38.12,0.67,,,,,,,,,,,,,,,,,,,,,,,,,,,,,,,,,,,,,,,,,,,8.92,3.04,4.82,8.35,5.47,4.1,1.91,4.72,5.76,1.18,5.75,5.73,8.17,9.16,14.1,6.1,3.75,4.97,3.35,,,,,,,,,,,,,,,,,,,,,,,,,,,,,,,,,,,,,,,,,,,,,,,,,,,,,,,,,,,,,,,,,,,,,,,,,,,,,,,
P012,Chelu (Elagatis bipinnulata),2.0,76.36,20.02,1.28,0.70,,,,,366,0.06,0.02,2.19,1.07,161,677,,,1.49,,0.86,0.17,0.41,,,,,,,,0.41,,1.06,,,,,,,,,,,,8.17,0.009,,0.13,0.67,,0.002,31.68,0.02,,,0.019,252,406,18.43,37.6,0.41,,,,,,,,,,,,,,,,,,,,,,,,,,,,,,,,,,,,,,,,,2.28,,8.79,2.96,4.7,7.41,6.31,4.15,1.58,4.37,5.82,1.13,5.63,5.15,6.98,9.86,14.88,5.07,3.34,5.11,4.47,,,,,,,,,,,,,,,,,,,,,,,,,,,,,,,,,,,,,,,,,,,,,,,,,,,,,,,,,,,,,,,,,,,,,,,,,,,,,,,
P013,Chembali (Lutjanus quinquelineatus),1.0,77.54,20.06,0.86,1.77,,,,,406,0.03,0.06,1.80,0.27,146,1221,,,1.59,,0.72,0.16,1.20,,,,,,,,1.20,,1.44,,,,,,,,,,,0.001,23.72,0.003,,0.03,0.31,,0.001,30.55,0.02,,,0.002,211,323,15.65,38.98,0.32,,,,,,,,,,,,,,,,,,,,,,,,,,,,,,,,,,,,,,,,,12.89,,49.26,3.19,4.6,7.72,8.03,4.3,1.45,4.93,5.29,1.01,5.26,5.72,5.98,11.41,12.69,5.6,3.21,4.28,5.44,,,,,,,,,,,,,,,,,,,,,,,,,,,,,,,,,,,,,,,,,,,,,,,,,,,,,,,,,,,,,,,,,,,,,,,,,,,,,,,
P014,Eri meen (Pristipomoides filamentosus),1.0,76.54,22.30,1.28,2.02,,,,,454,0.04,0.03,2.88,0.57,190,579,,,13.24,,0.33,0.01,0.10,,,,,,,,0.10,,0.92,,,,,,,,,,,,12.45,0.001,,0.02,0.46,,0.001,30.99,0.01,,,0.005,243,402,14.36,41.19,0.31,,,,,,,,,,,,,,,,,,,,,,,,,,,,,,,,,,,,,,,,,15.94,,53.02,3.89,4.86,8.19,6.92,3.19,1.67,5.95,5.25,1.11,5.39,5.72,5.97,10.33,15.02,5.89,3.56,4.4,3.48,,,,,,,,,,,,,,,,,,,,,,,,,,,,,,,,,,,,,,,,,,,,,,,,,,,,,,,,,,,,,,,,,,,,,,,,,,,,,,,
P015,Gobro (Epinephelus diacanthus),2.0,78.84,19.37,0.98,0.88,,,,,362,0.07,0.02,1.27,0.24,43.72,302,,,1.82,,0.15,,0.89,,,,,,,,0.89,,1.58,,,,,,,,,,,,24.18,0.006,0.001,0.1,0.36,,0.001,28.23,0.01,,,0.004,170,316,70.58,52.68,0.37,,,,,,,,,,,,,,,,,,,,,,,,,,,,,,,,,,,,,,,,,5.81,,28.02,2.87,4.59,7.92,7.51,3.54,1.98,4.52,5.53,1.15,5.23,5.43,6.38,9.19,14.35,5.02,3.37,4.49,4.26,,,,,,,,,,,,,,,,,,,,,,,,,,,,,,,,,,,,,,,,,,,,,,,,,,,,,,,,,,,,,,,,,,,,,,,,,,,,,,,
P016,Guitar fish (Rhinobatus prahli),1.0,75.73,22.56,1.32,0.44,,,,,400,0.03,0.02,2.01,0.15,139,1532,,,1.27,,0.12,0.30,0.34,,,,,,,,0.34,,3.43,,,,,,,,,,,,17.32,0.024,0.001,0.03,0.44,,0.002,27.45,0.01,,0.003,0.002,230,342,34.66,70.81,0.35,,,,,,,,,,,,,,,,,,,,,,,,,,,,,,,,,,,,,,,,,0.29,,5.69,2.35,4.89,8.37,6.92,3.07,1.33,4.26,4.96,1.04,5.22,6.14,6.69,9.13,14.68,5.78,5.29,4.29,4.85,,,,,,,,,,,,,,,,,,,,,,,,,,,,,,,,,,,,,,,,,,,,,,,,,,,,,,,,,,,,,,,,,,,,,,,,,,,,,,,
P017,Hilsa (Tenualosa ilisha),2.0,60.09,21.80,1.11,18.49,,,,,1083,0.01,0.04,2.85,2.33,120,2875,,,7.42,,4.96,1.02,1.35,,,,,,,,1.35,,0.94,,,,,,,,,0.59,0.18,0.001,19.82,0.006,0.001,0.15,1.19,,0.001,30.62,0.08,0.52,,0.001,278,341,37.62,80.88,0.64,,,,,,,,,,,,,,,,,,,,,,,,,,,,,,,,,,,,,,,,,101,104,,4.32,3.79,8.14,7.45,3.68,1.43,5.17,5.48,1.88,5.35,4.43,4.15,1.72,13.13,6.66,6.85,4.43,3.83,,,,,,,,,,,,,,,,,,,,,,,,,,,,,,,,,,,,,,,,,,,,,,,,,,,,,,,,,,,,,,,,,,,,,,,,,,,,,,,
P018,Jallal (Arius sp.),1.0,77.50,21.55,1.17,1.46,,,,,420,0.02,0.02,3.24,0.91,89.14,627,,,8.49,,0.94,0.03,0.62,,,,,,,,0.62,,0.64,,,,,,,,,,,,14.73,0.003,,0.03,0.46,,0.002,29.12,0.01,,,0.003,204,368,41.03,74.33,0.83,,,,,,,,,,,,,,,,,,,,,,,,,,,,,,,,,,,,,,,,,14.21,,42,3.5,4.78,7.85,6.03,3.97,2.27,5.02,5.8,1.08,5.41,5.11,6.87,9.54,13.98,5.33,3.14,5.41,4.28,,,,,,,,,,,,,,,,,,,,,,,,,,,,,,,,,,,,,,,,,,,,,,,,,,,,,,,,,,,,,,,,,,,,,,,,,,,,,,,
P019,Jathi vela meen (Lethrinus lentjan),2.0,75.66,22.45,1.26,1.92,,,,,453,0.12,0.02,2.82,0.29,67.45,828,,,3.16,,0.93,0.10,1.49,,,,,,,,1.49,,1.06,,,,,,,,,,,,6.65,0.011,0.001,0.02,0.28,0.001,0.001,31.12,0.01,,0.001,0.003,249,467,12.35,30.53,0.35,,,,,,,,,,,,,,,,,,,,,,,,,,,,,,,,,,,,,,,,,9.74,,27.75,3.58,4.63,8.25,6.72,3.79,1.75,4.4,4.75,1,5.7,5.61,6.42,9.92,14.07,5.38,3.73,4.23,4.18,,,,,,,,,,,,,,,,,,,,,,,,,,,,,,,,,,,,,,,,,,,,,,,,,,,,,,,,,,,,,,,,,,,,,,,,,,,,,,,
P020,Kadal bral (Synodus indicus),1.0,79.66,18.72,1.27,1.34,,,,,368,0.01,0.06,1.76,0.19,89.19,1178,,,10.63,,1.20,0.42,0.12,,,,,,,,0.12,,0.55,,,,,,,,,,,0.001,73.92,0.001,,0.02,0.31,,0.002,29.55,0.02,,,0.002,219,366,52.85,53.66,0.38,,,,,,,,,,,,,,,,,,,,,,,,,,,,,,,,,,,,,,,,,6.77,,34.93,3.2,4.38,7.43,6.52,3.46,2.01,3.82,5.39,0.81,5.22,5,6.44,10.46,13.8,5.37,3.2,4.34,3.51,,,,,,,,,,,,,,,,,,,,,,,,,,,,,,,,,,,,,,,,,,,,,,,,,,,,,,,,,,,,,,,,,,,,,,,,,,,,,,,
P021,Kadali (Nemipterus mesoprion),1.0,73.74,22.07,1.06,4.20,,,,,530,0.04,0.01,1.86,0.32,184,1317,,,25.61,,0.84,0.20,0.58,,,,,,,,0.58,,1.02,,,,,,,,,,,,8.62,0.018,,0.02,0.38,,,26.23,,,0.001,0.005,207,390,16.88,36.06,0.35,,,,,,,,,,,,,,,,,,,,,,,,,,,,,,,,,,,,,,,,,34.85,,130,3.63,4.71,8.01,7.43,2.33,1.21,5.77,5.48,1.11,5.24,6.23,5.35,8.51,16.44,5.13,3.74,3.87,5.27,,,,,,,,,,,,,,,,,,,,,,,,,,,,,,,,,,,,,,,,,,,,,,,,,,,,,,,,,,,,,,,,,,,,,,,,,,,,,,,
P022,Kalamaara (Leptomelanosoma indicum),2.0,75.50,20.89,1.08,4.54,,,,,523,0.06,0.03,2.22,0.65,160,657,,,9.04,,1.45,0.05,0.82,,,,,,,,0.82,,0.85,,,,,,,,,,,,7.54,0.006,0.001,0.03,0.5,0.009,0.001,34.29,0.01,,0.001,0.003,227,420,57.99,29.33,0.38,,,,,,,,,,,,,,,,,,,,,,,,,,,,,,,,,,,,,,,,,39.48,,130,2.76,4.52,8.63,6.04,3.05,1.76,6.29,5.5,1.1,5.06,5.48,7.75,8.39,13.66,5.38,3.55,4.44,5.55,,,,,,,,,,,,,,,,,,,,,,,,,,,,,,,,,,,,,,,,,,,,,,,,,,,,,,,,,,,,,,,,,,,,,,,,,,,,,,,
P023,Kalava (Epinephelus coioides),1.0,80.02,19.38,1.34,1.20,,,,,374,0.06,0.05,2.24,0.22,135,1194,,,1.29,,1.86,0.07,0.33,,,,,,,,0.33,,1.63,,,,,,,,,,,0.001,10.66,0.009,,0.72,0.26,0.004,,22.87,0.02,,,0.003,177,279,12.34,40.14,0.82,,,,,,,,,,,,,,,,,,,,,,,,,,,,,,,,,,,,,,,,,7.24,2.06,29.63,3.81,4.82,8,6.04,3.5,1.72,5.61,5.1,1.28,5.19,5.41,6.54,9.33,14.2,5.83,3.82,4.44,4.5,,,,,,,,,,,,,,,,,,,,,,,,,,,,,,,,,,,,,,,,,,,,,,,,,,,,,,,,,,,,,,,,,,,,,,,,,,,,,,,
P024,Kanamayya (Lutjanus rivulatus),2.0,77.59,20.19,1.07,0.65,,,,,367,0.06,0.01,1.22,1.46,83.86,1167,,,16.42,,0.82,0.34,0.59,,,,,,,,0.59,,2.15,,,,,,,,,,,,7.72,0.003,,0.02,0.36,,0.001,27.07,0.01,,,0.003,194,346,5.6,50.53,0.31,,,,,,,,,,,,,,,,,,,,,,,,,,,,,,,,,,,,,,,,,8.85,,16.8,2,4.95,7.78,5.62,2.87,1.61,5.36,6.11,0.98,5.64,5.66,6.09,10.96,14.6,5.42,3.73,4.63,5.24,,,,,,,,,,,,,,,,,,,,,,,,,,,,,,,,,,,,,,,,,,,,,,,,,,,,,,,,,,,,,,,,,,,,,,,,,,,,,,,
P025,Kannadi paarai (Alectis indicus),3.0,76.25±0.65,22.09±0.24,1.28±0.19,1.27±0.40,,,,,423±11,0.04±0.02,0.03±0.00,1.81±0.27,1.07±0.07,67.09±9.46,561±115,,,12.37±5.10,,0.10±0.03,0.19±0.03,0.70±0.24,,,,,,,,0.70±0.24,,0.92±0.05,,,,,,,,,,,0.002±0.001,9.04±2.54,0.010±0.004,0.001±0.001,0.03±0.01,0.31±0.06,,0.002±0.001,32.36±2.43,0.01±0.00,,,0.005±0.002,252±47.7,432±47.8,23.26±0.15,59.57±15.15,0.40±0.05,,,,,,,,,,,,,,,,,,,,,,,,,,,,,,,,,,,,,,,,,9.30±6.60,,29.33±5.78,4.13±0.64,4.47±0.02,7.68±0.36,6.11±0.42,2.89±0.11,1.66±0.34,5.61±0.09,5.57±0.24,1.10±0.06,5.29±0.06,5.34±0.20,6.01±0.22,9.73±1.86,13.56±0.62,5.09±0.25,3.37±0.08,4.43±0.21,4.28±0.13,,,,,,,,,,,,,,,,,,,,,,,,,,,,,,,,,,,,,,,,,,,,,,,,,,,,,,,,,,,,,,,,,,,,,,,,,,,,,,,
P026,Karimeen (Etroplus suratensis),1.0,78.66,19.68,0.97,1.38,,,,,386,0.08,0.05,1.15,0.23,90.62,1199,,,1.29,,0.87,0.13,0.37,,,,,,,,0.37,,12.04,,,,,,,,,,,,11.73,0.006,0.001,,0.6,,,28.49,0.03,,,0.005,192,452,19.66,23.72,0.46,,,,,,,,,,,,,,,,,,,,,,,,,,,,,,,,,,,,,,,,,13.41,,46.9,2.3,4.59,8.06,6.5,3.61,1.7,4.03,5.11,0.78,5.24,6.36,6.48,11.62,15.32,6.34,3.69,4.5,3.2,,,,,,,,,,,,,,,,,,,,,,,,,,,,,,,,,,,,,,,,,,,,,,,,,,,,,,,,,,,,,,,,,,,,,,,,,,,,,,,
P027,Karnagawala (Anchoa hepsetus),1.0,79.22,19.52,1.45,0.84,,,,,363,0.07,0.01,0.98,1.39,60.47,377,,,1.82,,1.24,0.04,0.12,,,,,,,,0.12,,0.85,,,,,,,,,,,,60.03,0.013,,0.01,0.44,,0.007,44.3,0.02,,,0.004,178,228,16.45,63.27,0.41,,,,,,,,,,,,,,,,,,,,,,,,,,,,,,,,,,,,,,,,,,,15.53,2.85,5.06,8.51,5.43,3.66,2.54,4.68,6.8,0.91,5.83,5.69,6.63,9.28,13.8,5.18,3.33,5.36,3.39,,,,,,,,,,,,,,,,,,,,,,,,,,,,,,,,,,,,,,,,,,,,,,,,,,,,,,,,,,,,,,,,,,,,,,,,,,,,,,,
P028,Kayrai (Thunnus albacores),2.0,72.69,20.15,1.28,3.00,,,,,454,0.08,0.07,5.18,1.29,264,884,,,10.19,,3.12,0.13,0.75,,,,,,,,0.75,,1.70,,,,,,,,,,,,6,0.006,,0.08,0.98,,,31.74,0.01,,,0.003,266,321,40.32,25.12,0.39,,,,,,,,,,,,,,,,,,,,,,,,,,,,,,,,,,,,,,,,,16.02,,62.91,2.27,4.6,8.27,6.76,2.46,1.52,5.13,5.19,1.1,5.72,5.56,6.33,9.56,13.19,4.56,3.69,4.04,4.71,,,,,,,,,,,,,,,,,,,,,,,,,,,,,,,,,,,,,,,,,,,,,,,,,,,,,,,,,,,,,,,,,,,,,,,,,,,,,,,
P029,Kiriyan (Atule mate),1.0,72.39,22.49,0.94,4.70,,,,,556,0.04,0.13,2.75,1.36,121,604,,,1.62,,0.38,0.38,0.35,,,,,,,,0.35,,0.93,,,,,,,,,,,0.004,19.42,,,0.09,1,,0.002,31.98,0.03,,0.001,0.004,214,277,23.56,35.88,0.82,,,,,,,,,,,,,,,,,,,,,,,,,,,,,,,,,,,,,,,,,21.8,,129,3.07,4.54,7.39,6.3,4.14,2.34,5.09,5.37,1.24,5.59,5.54,6.56,10.05,14.49,6.06,3.37,4.22,3.93,,,,,,,,,,,,,,,,,,,,,,,,,,,,,,,,,,,,,,,,,,,,,,,,,,,,,,,,,,,,,,,,,,,,,,,,,,,,,,,
P030,Kite fish (Mobula kuhlii),1.0,77.61,23.07,1.50,0.56,,,,,413,0.04,0.07,2.50,0.45,127,1334,,,1.52,,0.03,0.01,0.24,,,,,,,,0.24,,1.54,,,,,,,,,,,0.001,11.02,0.005,,0.04,1.38,,0.002,28.46,0.01,,,0.005,231,387,15.69,59.03,0.55,,,,,,,,,,,,,,,,,,,,,,,,,,,,,,,,,,,,,,,,,5.53,,10.67,3.07,4.67,8.18,5.8,3.1,1.31,4.97,5.66,1.56,4.98,5.25,6.7,10.35,14.85,6.3,3.57,4.47,4.96,,,,,,,,,,,,,,,,,,,,,,,,,,,,,,,,,,,,,,,,,,,,,,,,,,,,,,,,,,,,,,,,,,,,,,,,,,,,,,,
P031,Korka (Terapon jarbua),1.0,72.25,23.72,1.09,3.36,,,,,528,0.03,0.17,3.42,0.40,316,751,,,6.55,,0.34,0.02,0.63,,,,,,,,0.63,,1.31,,,,,,,,,,,0.003,11.12,0.004,,1.22,0.73,0.004,0.001,28.55,0.02,,,0.007,229,349,51.96,43.3,1.47,,,,,,,,,,,,,,,,,,,,,,,,,,,,,,,,,,,,,,,,,27.37,,119,3.43,4.47,7.4,5.49,3.34,2.38,3.6,5.56,1.09,5.18,5.36,8.53,8.38,13.01,5.75,3.14,4.22,3.03,,,,,,,,,,,,,,,,,,,,,,,,,,,,,,,,,,,,,,,,,,,,,,,,,,,,,,,,,,,,,,,,,,,,,,,,,,,,,,,
P032,Kulam paarai (Carangoides fulvoguttatus),1.0,73.44,21.62,1.25,3.60,,,,,501,0.06,0.01,1.97,0.57,218,699,,,3.64,,2.45,0.31,1.05,,,,,,,,1.05,,0.88,,,,,,,,,,,,15.17,0.027,0.001,0.05,0.5,,,30.79,0.01,,,0.008,244,366,21.51,49.17,0.52,,,,,,,,,,,,,,,,,,,,,,,,,,,,,,,,,,,,,,,,,15.51,,72.89,1.74,4.91,8.39,5.95,2.49,1.56,5.17,6.36,1.15,6.03,5.64,7.64,10.08,12.26,6.13,3.68,5.02,4.09,,,,,,,,,,,,,,,,,,,,,,,,,,,,,,,,,,,,,,,,,,,,,,,,,,,,,,,,,,,,,,,,,,,,,,,,,,,,,,,
P033,Maagaa (Polynemus plebeius),1.0,79.23,20.11,1.01,0.67,,,,,366,0.02,0.01,0.73,0.40,106,695,,,1.76,,1.18,0.09,1.03,,,,,,,,1.03,,0.75,,,,,,,,,,,,8.42,0.002,,0.02,0.23,,0.001,30.32,0.01,,,0.002,181,375,32.85,52.28,0.35,,,,,,,,,,,,,,,,,,,,,,,,,,,,,,,,,,,,,,,,,4,,13.74,3.07,4.75,8.15,7.24,3.25,1.43,5.18,5.17,1.14,5.29,5.67,6.34,8.91,15.62,4.96,3.54,4.45,5.61,,,,,,,,,,,,,,,,,,,,,,,,,,,,,,,,,,,,,,,,,,,,,,,,,,,,,,,,,,,,,,,,,,,,,,,,,,,,,,,
P034,Mackerel (Rastrelliger kanagurta),3.0,74.55±1.14,21.51±0.34,1.20±0.43,1.53±0.93,,,,,423±40,0.07±0.02,0.10±0.03,2.67±2.00,1.35±0.08,100±2.9,713±112,,,16.34±16.88,,0.22±0.02,0.23±0.02,0.71±0.29,,,,,,,,0.71±0.29,,5.25±0.01,,,,,,,,,,,0.002±0.001,31.27±15.90,0.011±0.007,0.001±0.001,0.12±0.03,1.46±0.63,0.003±0.000,0.003±0.003,37.46±10.04,0.02±0.00,,,0.002±0.001,231±18.6,309±36.8,64.08±9.98,83.01±12.99,0.67±0.11,,,,,,,,,,,,,,,,,,,,,,,,,,,,,,,,,,,,,,,,,6.76±5.61,,47.11±39.83,3.63±0.31,4.64±0.16,7.91±0.35,6.39±0.19,2.56±0.23,1.68±0.36,5.25±0.29,5.71±0.39,1.00±0.06,5.47±0.19,5.41±0.54,5.81±0.54,9.96±0.72,13.38±0.59,5.28±0.26,3.27±0.24,4.46±0.11,4.59±0.15,,,,,,,,,,,,,,,,,,,,,,,,,,,,,,,,,,,,,,,,,,,,,,,,,,,,,,,,,,,,,,,,,,,,,,,,,,,,,,,
P035,Manda clathi (Naso reticulatus),1.0,76.32,21.27,1.48,1.00,,,,,398,0.03,0.02,2.77,1.02,87.58,738,,,1.99,,1.46,0.45,0.16,,,,,,,,0.16,,0.46,,,,,,,,,,,,11.48,0.027,,0.01,0.43,,0.001,37.88,0.01,,0.003,0.006,320,431,22.56,58.5,0.37,,,,,,,,,,,,,,,,,,,,,,,,,,,,,,,,,,,,,,,,,6.56,,35.57,2.98,4.7,8.74,6.05,3.32,1.94,6.09,4.8,0.81,5.16,5.29,6.64,10.88,13.48,5.35,3.22,4.13,4.61,,,,,,,,,,,,,,,,,,,,,,,,,,,,,,,,,,,,,,,,,,,,,,,,,,,,,,,,,,,,,,,,,,,,,,,,,,,,,,,
P036,Matha (Acanthurus mata),2.0,79.81,21.17,1.35,0.79,,,,,389,0.05,0.05,2.37,1.40,42.45,1157,,,4.99,,1.95,0.11,0.61,,,,,,,,0.61,,0.78,,,,,,,,,,,,14.02,0.017,0.001,0.02,0.32,,0.003,40.24,0.01,,,0.012,263,450,17.9,62.58,0.32,,,,,,,,,,,,,,,,,,,,,,,,,,,,,,,,,,,,,,,,,9.82,,10.64,4.02,5.11,8.65,5.18,3.54,2.03,5.94,5.68,1.25,5.74,5.52,8.02,8.66,13.56,5.22,3.63,4.39,4.8,,,,,,,,,,,,,,,,,,,,,,,,,,,,,,,,,,,,,,,,,,,,,,,,,,,,,,,,,,,,,,,,,,,,,,,,,,,,,,,
P037,Milk fish (Chanos chanos),1.0,72.22,23.66,1.12,1.09,,,,,442,0.05,0.07,5.21,1.03,76.51,1132,,,3.29,,1.20,0.02,1.86,,,,,,,,1.86,,1.18,,,,,,,,,,,0.003,29.18,0.006,,0.45,1.35,0.002,0.001,35.38,0.02,,,0.003,292,301,62.25,42.98,2.43,,,,,,,,,,,,,,,,,,,,,,,,,,,,,,,,,,,,,,,,,12.81,,33.07,3.1,5.15,8.3,7.36,3.3,1.86,5.2,5.87,0.9,6.12,6.23,6.15,8.6,14.07,5.06,3.96,3.93,4.84,,,,,,,,,,,,,,,,,,,,,,,,,,,,,,,,,,,,,,,,,,,,,,,,,,,,,,,,,,,,,,,,,,,,,,,,,,,,,,,
P038,Moon fish (Mene maculata),1.0,74.21,20.74,1.69,4.69,,,,,526,0.07,0.07,1.83,1.72,136,772,,,8.94,,0.48,0.09,1.20,,,,,,,,1.20,,4.20,,,,,,,,,,,0.001,29.18,0.004,0.001,0.16,1.67,,0.004,37.14,0.04,,,0.003,169,157,30.02,65.17,0.93,,,,,,,,,,,,,,,,,,,,,,,,,,,,,,,,,,,,,,,,,26.86,,52.58,4.94,4.89,8.27,5.84,3.12,2.01,4.73,4.64,1.22,5.54,5.67,5.74,11.43,14.7,5.36,3.58,4.07,4.26,,,,,,,,,,,,,,,,,,,,,,,,,,,,,,,,,,,,,,,,,,,,,,,,,,,,,,,,,,,,,,,,,,,,,,,,,,,,,,,
P039,Mullet (Mugil cephalus),3.0,76.12±0.33,20.23±1.30,1.16±0.13,1.32±0.27,,,,,393±26,0.05±0.02,0.09±0.11,2.52±2.20,1.11±0.06,135±15.2,1189±267,,,18.38±15.27,,0.31±0.07,0.19±0.02,0.53±0.63,,,,,,,,0.53±0.63,,0.83±0.03,,,,,,,,,,,0.001±0.001,35.20±5.83,0.014±0.002,0.001±0.000,0.06±0.05,1.31±0.98,,0.002±0.001,34.09±4.19,0.04±0.03,,,0.004±0.002,222±35.2,331±18.9,40.49±16.75,66.09±6.91,0.45±0.13,,,,,,,,,,,,,,,,,,,,,,,,,,,,,,,,,,,,,,,,,7.60±2.26,,41.83±19.78,3.35±0.30,4.66±0.04,7.91±0.13,6.41±0.60,2.96±0.20,1.39±0.10,5.44±0.13,5.92±0.39,0.93±0.06,5.32±0.10,5.57±0.29,7.18±0.38,8.33±0.67,14.52±0.52,5.76±0.37,3.54±0.37,4.60±0.36,5.27±0.31,,,,,,,,,,,,,,,,,,,,,,,,,,,,,,,,,,,,,,,,,,,,,,,,,,,,,,,,,,,,,,,,,,,,,,,,,,,,,,,
P040,Mural (Tylosurus crocodilus crocodilus),1.0,78.96,19.04,1.11,0.58,,,,,345,0.06,0.03,2.65,0.37,67.24,1146,,,1.61,,0.86,0.01,0.44,,,,,,,,0.44,,1.34,,,,,,,,,,,,8.61,0.005,,0.02,0.24,,,27.1,0.01,,,0.001,224,330,26.36,110,0.71,,,,,,,,,,,,,,,,,,,,,,,,,,,,,,,,,,,,,,,,,,,23.25,4.77,4.86,8.44,5.5,3.95,1.57,5.56,5.21,0.8,5.46,5.56,6.08,8.24,14.67,5.8,3.83,4.29,4.98,,,,,,,,,,,,,,,,,,,,,,,,,,,,,,,,,,,,,,,,,,,,,,,,,,,,,,,,,,,,,,,,,,,,,,,,,,,,,,,
P041,Myil meen (Istiophorus platypterus),2.0,75.57,22.89,1.21,0.56,,,,,410,0.04,0.04,4.41,0.71,119,808,,,21.51,,0.18,0.22,0.53,,,,,,,,0.53,,0.89,,,,,,,,,,,,7.2,0.06,0.002,0.12,1.2,,0.003,30.08,0.02,,0.007,0.004,268,365,47.58,61.96,0.58,,,,,,,,,,,,,,,,,,,,,,,,,,,,,,,,,,,,,,,,,1.81,,8.59,2.95,4.78,7.94,7.21,2.03,1.94,4.48,5.34,0.9,5.94,5.44,7.37,8.56,13.97,5.65,3.53,4.5,4.08,,,,,,,,,,,,,,,,,,,,,,,,,,,,,,,,,,,,,,,,,,,,,,,,,,,,,,,,,,,,,,,,,,,,,,,,,,,,,,,
P042,Nalla bontha (Epinephelus sp.),1.0,79.32,19.82,1.00,0.72,,,,,364,0.04,0.01,0.56,0.22,83.41,1714,,,2.40,,0.54,0.01,0.11,,,,,,,,0.11,,1.20,,,,,,,,,,,,9.04,0.005,,0.02,0.31,,0.002,29.2,0.01,,,0.003,197,403,12.34,57.87,0.3,,,,,,,,,,,,,,,,,,,,,,,,,,,,,,,,,,,,,,,,,4.86,,15.84,3.51,4,7.31,6.27,3.08,2.05,4.01,6.62,1.12,4.91,6.61,7.43,9.59,13.21,4.71,2.73,5.41,4.9,,,,,,,,,,,,,,,,,,,,,,,,,,,,,,,,,,,,,,,,,,,,,,,,,,,,,,,,,,,,,,,,,,,,,,,,,,,,,,,
P043,Narba (Caranx sexfasciatus),2.0,76.37,21.95,1.17,1.60,,,,,432,0.05,0.04,1.51,0.75,153,1303,,,2.93,,0.19,0.20,0.90,,,,,,,,0.90,,1.11,,,,,,,,,,,0.001,7.21,0.004,,0.1,1.11,0.004,0.002,26.33,0.01,,,0.003,235,384,42.5,49.51,0.45,,,,,,,,,,,,,,,,,,,,,,,,,,,,,,,,,,,,,,,,,9.95,,55.82,5.32,4.44,7.58,6.54,3.88,1.92,5.47,4.81,1.23,5.43,5.42,6.11,9.75,13.59,5.44,3.36,4.12,4.74,,,,,,,,,,,,,,,,,,,,,,,,,,,,,,,,,,,,,,,,,,,,,,,,,,,,,,,,,,,,,,,,,,,,,,,,,,,,,,,
P044,Paarai (Caranx heberi),1.0,75.77,21.58,1.21,1.84,,,,,435,0.03,0.02,2.86,0.27,173,1612,,,3.23,,1.40,0.38,0.30,,,,,,,,0.30,,0.97,,,,,,,,,,,,13.52,0.011,,0.03,0.69,,0.001,27.59,0.01,,0.003,0.007,284,384,35.63,45.22,0.45,,,,,,,,,,,,,,,,,,,,,,,,,,,,,,,,,,,,,,,,,8.06,,38.83,3.09,4.11,7.82,7.08,3.96,1.15,4.86,4.37,1.12,5.2,6.36,6.08,11.1,14.51,6.78,4.66,3.94,3.36,,,,,,,,,,,,,,,,,,,,,,,,,,,,,,,,,,,,,,,,,,,,,,,,,,,,,,,,,,,,,,,,,,,,,,,,,,,,,,,
P045,Padayappa (Canthidermis maculata),1.0,79.18,19.70,1.26,0.69,,,,,360,0.03,0.05,4.53,0.68,68.93,1337,,,1.46,,0.62,0.08,0.25,,,,,,,,0.25,,0.63,,,,,,,,,,,0.001,9.83,0.003,0.001,0.58,0.33,0.001,0.001,28.98,0.02,,,0.006,256,490,62.35,33.87,1.48,,,,,,,,,,,,,,,,,,,,,,,,,,,,,,,,,,,,,,,,,,,12.24,2.45,4.69,7.94,6.22,3.27,1.35,3.84,5.02,1.22,5.23,6.3,6.06,13.85,15.76,6.4,4.06,4.3,3.55,,,,,,,,,,,,,,,,,,,,,,,,,,,,,,,,,,,,,,,,,,,,,,,,,,,,,,,,,,,,,,,,,,,,,,,,,,,,,,,
P046,Pali kora (Panna microdon),1.0,78.63,19.25,1.00,1.81,,,,,394,0.03,0.05,0.78,0.43,126,887,,,1.89,,0.11,0.02,0.44,,,,,,,,0.44,,1.92,,,,,,,,,,,,17.03,0.002,,0.01,0.42,,0.002,28,0.01,,,0.001,195,364,32.15,54.85,0.38,,,,,,,,,,,,,,,,,,,,,,,,,,,,,,,,,,,,,,,,,9.79,,30.86,2.9,4.64,7.74,6.85,3.94,1.33,3.78,5.9,0.86,5.15,5.49,5.72,10.57,15.68,4.78,3.12,4.57,3.19,,,,,,,,,,,,,,,,,,,,,,,,,,,,,,,,,,,,,,,,,,,,,,,,,,,,,,,,,,,,,,,,,,,,,,,,,,,,,,,
P047,Pambada (Lepturacanthus savala),2.0,74.67,21.95,1.41,4.44,,,,,537,0.04,0.03,1.96,0.64,76.49,1163,,,2.88,,1.15,0.20,0.55,,,,,,,,0.55,,0.98,,,,,,,,,,,,16.53,0.023,0.001,0.02,0.38,,0.004,29.87,0.02,,,0.002,170,263,13.58,82.65,0.41,,,,,,,,,,,,,,,,,,,,,,,,,,,,,,,,,,,,,,,,,21.14,,161,2.73,4.58,7.77,6.44,3.38,1.27,5.51,6.13,0.94,5.2,5.71,6.09,8.95,14.1,6.45,3.77,4.43,5.59,,,,,,,,,,,,,,,,,,,,,,,,,,,,,,,,,,,,,,,,,,,,,,,,,,,,,,,,,,,,,,,,,,,,,,,,,,,,,,,
P048,Pandukopa (Pseudosciaena manchurica),1.0,77.46,19.73,1.15,0.65,,,,,360,0.04,0.02,0.54,0.42,262,1651,,,1.33,,0.20,0.10,0.47,,,,,,,,0.47,,0.62,,,,,,,,,,,,12.18,0.004,,0.03,0.47,,0.002,29.15,0.01,,,0.004,203,427,15.65,49.15,0.33,,,,,,,,,,,,,,,,,,,,,,,,,,,,,,,,,,,,,,,,,3.52,,19.69,4,4.89,8.37,5.28,2.63,1.1,5.71,5.29,0.9,5.94,5.31,7.08,9.66,14.1,5.19,3.75,4.45,5.44,,,,,,,,,,,,,,,,,,,,,,,,,,,,,,,,,,,,,,,,,,,,,,,,,,,,,,,,,,,,,,,,,,,,,,,,,,,,,,,
P049,Parava (Lactarius lactarius),1.0,77.19,21.50,1.08,2.74,,,,,467,0.03,0.03,0.98,0.09,153,796,,,2.56,,1.12,0.01,0.55,,,,,,,,0.55,,0.66,,,,,,,,,,,,29.12,0.006,,0.02,3.58,,0.002,32.52,0.03,,0.001,0.009,194,363,11.54,84.08,0.56,,,,,,,,,,,,,,,,,,,,,,,,,,,,,,,,,,,,,,,,,9.95,,44.29,2.6,4.77,8.11,5.25,3.73,1.76,4.18,4.82,0.89,5.09,6.01,6.15,8.08,13.19,6.42,3.45,4,3.15,,,,,,,,,,,,,,,,,,,,,,,,,,,,,,,,,,,,,,,,,,,,,,,,,,,,,,,,,,,,,,,,,,,,,,,,,,,,,,,
P050,Parcus (Psettodes erumei),1.0,79.01,19.87,1.12,0.62,,,,,361,0.04,0.02,0.88,0.21,202,488,,,1.72,,0.57,0.20,0.30,,,,,,,,0.30,,1.84,,,,,,,,,,,,21.08,0.005,,0.02,0.28,,0.002,28.84,0.02,,,0.004,218,446,16.23,64.38,0.33,,,,,,,,,,,,,,,,,,,,,,,,,,,,,,,,,,,,,,,,,2.65,,9.42,3.07,4.81,8.44,6.08,3.81,2.07,5.33,5.2,0.88,5.61,5.29,6.43,9.08,14.97,4.69,3.35,4.43,5.58,,,,,,,,,,,,,,,,,,,,,,,,,,,,,,,,,,,,,,,,,,,,,,,,,,,,,,,,,,,,,,,,,,,,,,,,,,,,,,,
P051,Parrot fish (Scarus ghobban),1.0,76.84,20.82,1.40,0.57,,,,,375,0.06,0.02,1.89,1.15,132,556,,,2.47,,0.67,0.01,0.26,,,,,,,,0.26,,2.83,,,,,,,,,,,,9.21,0.021,0.003,0.06,0.38,,,28.88,0.02,,0.004,0.003,316,432,64.52,51.79,0.31,,,,,,,,,,,,,,,,,,,,,,,,,,,,,,,,,,,,,,,,,2.26,,7.06,2.61,4.86,8.06,7.06,3.62,1.96,5.34,5.18,0.78,5.66,5.78,5.12,10.4,14.96,5.59,3.64,4.36,4.85,,,,,,,,,,,,,,,,,,,,,,,,,,,,,,,,,,,,,,,,,,,,,,,,,,,,,,,,,,,,,,,,,,,,,,,,,,,,,,,
P052,Perinkilichai (Pinjalo pinjalo),1.0,78.33,20.89,1.02,0.87,,,,,387,0.08,0.01,1.48,0.43,119,511,,,1.62,,0.36,0.08,1.10,,,,,,,,1.10,,0.95,,,,,,,,,,,,7.25,0.015,,0.02,0.29,,0.001,29.01,0.01,,,0.003,236,365,26.33,34.16,0.36,,,,,,,,,,,,,,,,,,,,,,,,,,,,,,,,,,,,,,,,,4.7,,18.23,3.16,4.93,8.49,7.18,3.2,1.35,5.08,5.18,0.87,5.53,5.59,7.3,9.94,14.94,4.5,3.47,4.49,4.56,,,,,,,,,,,,,,,,,,,,,,,,,,,,,,,,,,,,,,,,,,,,,,,,,,,,,,,,,,,,,,,,,,,,,,,,,,,,,,,
P053,Phopat (Coryphaena hippurus),4.0,76.42±0.14,22.05±0.75,1.24±0.02,1.33±0.47,,,,,424±8,0.06±0.02,0.04±0.02,4.28±1.13,1.13±0.06,131±11,502±163,,,3.52±3.27,,0.43±0.24,0.25±0.16,0.58±0.60,,,,,,,,0.58±0.60,,0.75±0.11,,,,,,,,,,,,9.32±3.09,0.013±0.002,,0.05±0.01,0.47±0.05,0.015±0.006,,32.27±2.78,0.01±0.00,,,0.007±0.004,258±21.3,439±12.1,65.53±7.30,36.20±2.65,0.36±0.06,,,,,,,,,,,,,,,,,,,,,,,,,,,,,,,,,,,,,,,,,4.66±3.53,,35.03±21.16,3.40±0.13,4.66±0.24,7.72±0.29,7.30±0.44,3.02±0.17,1.57±0.28,3.99±0.47,5.18±0.22,1.00±0.11,5.39±0.33,5.63±0.10,6.02±0.51,10.00±0.24,14.08±0.16,5.54±0.38,3.55±0.09,4.41±0.04,4.89±0.11,,,,,,,,,,,,,,,,,,,,,,,,,,,,,,,,,,,,,,,,,,,,,,,,,,,,,,,,,,,,,,,,,,,,,,,,,,,,,,,
P054,Piranha (Pygopritis sp.),1.0,76.15,20.46,0.93,5.43,,,,,549,0.04,0.05,0.97,1.04,67.91,774,,,1.05,,1.06,0.09,0.37,,,,,,,,0.37,,3.15,,,,,,,,,,,,14.85,0.003,0.001,,0.5,,,23.41,0.02,,,0.003,170,323,28.22,38.97,0.43,,,,,,,,,,,,,,,,,,,,,,,,,,,,,,,,,,,,,,,,,24.26,,6.95,3.26,4.51,8.05,7.24,2.87,1.14,3.74,5.1,1.05,5.15,6.18,5.66,11.24,15.79,6.56,3.96,4.33,4.13,,,,,,,,,,,,,,,,,,,,,,,,,,,,,,,,,,,,,,,,,,,,,,,,,,,,,,,,,,,,,,,,,,,,,,,,,,,,,,,
P055,"Pomfret, black (Parastromateus niger)",1.0,74.43,18.91,0.97,4.83,,,,,515,0.06,0.02,2.61,0.75,76.00,2056,,,10.55,,2.28,0.66,0.60,,,,,,,,0.60,,102,,,,,,,,,0.13,1.52,0.001,18.1,0.008,,0.07,0.78,,,28.22,0.02,1.7,,0.005,195,295,50.25,69.09,0.5,,,,,,,,,,,,,,,,,,,,,,,,,,,,,,,,,,,,,,,,,98.65,,,4.36,4.77,8.11,5.52,2.42,1.52,6.43,5.12,1.12,5.95,5.75,6.86,9.77,12.54,6.07,4.7,4.91,4.98,,,,,,,,,,,,,,,,,,,,,,,,,,,,,,,,,,,,,,,,,,,,,,,,,,,,,,,,,,,,,,,,,,,,,,,,,,,,,,,
P056,"Pomfret, snub nose (Trachinotus blochii)",2.0,77.81,21.05,1.29,0.46,,,,,375,0.08,0.05,1.94,0.61,77.51,651,,,3.91,,0.51,0.08,1.54,,,,,,,,1.54,,0.84,,,,,,,,,,,0.001,6.57,0.002,,0.03,0.41,,0.001,29.85,0.01,,,0.004,247,483,30.62,36.1,0.92,,,,,,,,,,,,,,,,,,,,,,,,,,,,,,,,,,,,,,,,,4.9,,13.32,3.19,5.52,7.94,6.04,3.13,1.71,4.25,4.89,0.89,5.45,5.7,6.07,10.89,14.65,5.01,3.51,4.08,3.74,,,,,,,,,,,,,,,,,,,,,,,,,,,,,,,,,,,,,,,,,,,,,,,,,,,,,,,,,,,,,,,,,,,,,,,,,,,,,,,
P057,"Pomfret, white (Pampus argenteus)",2.0,75.91,19.02,1.01,5.12,,,,,513,0.05,0.03,1.38,1.11,130,961,,,30.31,,0.61,0.10,1.26,,,,,,,,1.26,,0.99,,,,,,,,,,,,13.64,0.011,0.004,0.05,0.31,,0.001,32.2,0.02,,0.001,0.003,211,255,29.33,46.09,0.53,,,,,,,,,,,,,,,,,,,,,,,,,,,,,,,,,,,,,,,,,40.22,,174,3.8,4.64,8.21,7.03,2.99,1.75,6.38,5.28,1.11,5.42,5.09,6.11,9.11,14.69,5.66,3.15,4.34,5.98,,,,,,,,,,,,,,,,,,,,,,,,,,,,,,,,,,,,,,,,,,,,,,,,,,,,,,,,,,,,,,,,,,,,,,,,,,,,,,,
P058,Pranel (Gerres sp.),1.0,79.54,19.69,0.76,1.89,,,,,405,0.04,0.13,3.37,0.76,120,1251,,,1.84,,0.54,0.01,0.42,,,,,,,,0.42,,0.69,,,,,,,,,,,,21.88,0.003,0.001,0.03,0.41,,0.001,26.26,0.02,,,0.003,166,251,63.35,52.37,0.55,,,,,,,,,,,,,,,,,,,,,,,,,,,,,,,,,,,,,,,,,19.02,,58.34,3,4.55,7.75,5.94,3.24,1.82,5.85,4.79,1.05,5.97,6.41,5.22,8.96,16.31,6.51,3.76,3.85,5.47,,,,,,,,,,,,,,,,,,,,,,,,,,,,,,,,,,,,,,,,,,,,,,,,,,,,,,,,,,,,,,,,,,,,,,,,,,,,,,,
P059,Pulli paarai (Gnathanodon speciosus),1.0,75.99,20.06,1.19,1.55,,,,,399,0.05,0.04,1.94,1.13,101,1387,,,1.75,,1.60,0.01,0.82,,,,,,,,0.82,,1.24,,,,,,,,,,,,21.84,0.014,0.001,0.04,0.35,,0.002,31.12,0.01,,,0.002,232,335,53.25,58.56,0.52,,,,,,,,,,,,,,,,,,,,,,,,,,,,,,,,,,,,,,,,,5.51,,24.08,2.94,4.88,8.31,5.75,2.75,1.63,5.11,4.42,1.21,5.7,6.42,5.06,11.6,14.05,5.5,3.99,3.93,5.86,,,,,,,,,,,,,,,,,,,,,,,,,,,,,,,,,,,,,,,,,,,,,,,,,,,,,,,,,,,,,,,,,,,,,,,,,,,,,,,
P060,Queen fish (Scomberoides commersonianus),3.0,76.63±0.23,20.97±0.31,1.22±0.09,1.17±0.20,,,,,400±12,0.06±0.02,0.04±0.03,3.24±1.34,0.63±0.04,118±2.8,1073±177,,,1.52±0.47,,0.19±0.01,,0.40±0.26,,,,,,,,0.40±0.26,,0.79±0.01,,,,,,,,,,,,5.75±1.87,0.015±0.005,,0.05±0.01,0.49±0.09,,0.001±0.001,28.10±2.72,0.01±0.00,,0.001±0.000,0.006±0.003,235±17.8,440±17.8,39.82±11.13,48.93±9.31,0.35±0.02,,,,,,,,,,,,,,,,,,,,,,,,,,,,,,,,,,,,,,,,,8.57±9.40,,44.63±43.26,0.86±0.50,4.56±0.11,7.58±0.21,5.93±0.26,3.63±0.50,1.39±0.38,4.25±0.42,5.98±2.20,0.80±0.17,5.32±0.31,5.21±0.25,6.26±1.88,9.83±1.11,14.51±0.54,4.84±0.93,3.29±0.10,4.62±1.51,3.93±0.35,,,,,,,,,,,,,,,,,,,,,,,,,,,,,,,,,,,,,,,,,,,,,,,,,,,,,,,,,,,,,,,,,,,,,,,,,,,,,,,
P061,Raai fish (Lobotes surinamensis),2.0,77.14,21.61,1.11,1.69,,,,,430,0.07,0.02,1.63,0.31,108,1638,,,1.15,,2.99,0.14,0.52,,,,,,,,0.52,,1.05,,,,,,,,,,,0.001,11.09,0.016,0.001,0.03,0.46,,0.001,21.99,0.02,,,0.003,213,347,7.92,47.62,0.36,,,,,,,,,,,,,,,,,,,,,,,,,,,,,,,,,,,,,,,,,20.08,,53.96,2.8,4.52,8.05,6.48,3.1,1.76,5.54,5.91,1.07,5.17,5.67,7.02,8.14,14.18,5.58,3.76,4.61,5.04,,,,,,,,,,,,,,,,,,,,,,,,,,,,,,,,,,,,,,,,,,,,,,,,,,,,,,,,,,,,,,,,,,,,,,,,,,,,,,,
P062,Raai vanthu (Epinephelus chlorostigma),1.0,79.95,19.39,0.92,2.17,,,,,410,0.03,0.01,0.72,0.31,112,1562,,,2.87,,1.23,,0.02,,,,,,,,0.02,,1.21,,,,,,,,,,,,8.72,0.009,,0.03,0.36,,0.001,27.39,0.01,,,0.006,178,311,16.53,50.83,0.35,,,,,,,,,,,,,,,,,,,,,,,,,,,,,,,,,,,,,,,,,22.89,,69.42,3.26,4.47,7.89,6.71,2.98,2.14,5.02,6.5,1.62,5.06,5.47,7.8,10.14,13.69,4.68,3.32,4.26,4.4,,,,,,,,,,,,,,,,,,,,,,,,,,,,,,,,,,,,,,,,,,,,,,,,,,,,,,,,,,,,,,,,,,,,,,,,,,,,,,,
P063,Rani (Pink perch),1.0,78.55,18.83,1.01,1.49,,,,,377,0.01,,1.33,0.53,75.70,1217,,,1.78,,1.84,0.06,1.65,,,,,,,,1.65,,0.71,,,,,,,,,0.41,0.9,,37.9,0.005,,0.08,0.87,,0.001,29.91,0.02,4.53,,0.001,208,335,40.12,63.17,0.4,,,,,,,,,,,,,,,,,,,,,,,,,,,,,,,,,,,,,,,,,60.7,,,4.35,4.65,8.03,7.27,2.56,1.95,5.04,5.07,1.66,5.07,5.4,8.24,9.1,12.08,5.9,4.11,4.34,5.73,,,,,,,,,,,,,,,,,,,,,,,,,,,,,,,,,,,,,,,,,,,,,,,,,,,,,,,,,,,,,,,,,,,,,,,,,,,,,,,
P064,"Ray fish, bow head, spotted (Rhina ancylostoma)",1.0,80.30,19.03,1.15,0.70,,,,,349,0.05,0.03,1.99,0.23,120,1244,,,1.97,,0.81,0.02,0.33,,,,,,,,0.33,,1.51,,,,,,,,,,,0.001,9.64,0.001,,0.03,0.25,,0.002,19.25,0.01,,,0.003,196,353,44.37,105,0.49,,,,,,,,,,,,,,,,,,,,,,,,,,,,,,,,,,,,,,,,,,,27.42,3.06,4.77,7.94,6.52,2.65,1.41,5.87,5.04,0.98,4.64,5.76,6.03,8.38,16.86,6.76,3.94,4.05,3.25,,,,,,,,,,,,,,,,,,,,,,,,,,,,,,,,,,,,,,,,,,,,,,,,,,,,,,,,,,,,,,,,,,,,,,,,,,,,,,,
P065,Red snapper (Lutjanus argentimaculatus),1.0,76.28,22.79,1.26,1.34,,,,,437,0.02,0.02,3.14,0.52,66.93,1386,,,4.77,,2.32,0.05,0.41,,,,,,,,0.41,,98.48,,,,,,,,,,,,8.39,0.006,,0.03,0.37,,0.003,32.65,0.01,,,0.003,204,446,12.84,59.89,0.34,,,,,,,,,,,,,,,,,,,,,,,,,,,,,,,,,,,,,,,,,11.92,,31.73,3.14,4.57,7.89,6.32,3.8,1.68,6.28,6.16,1.12,5.26,5.21,6.48,8.8,13.92,5.17,3.31,4.76,5.48,,,,,,,,,,,,,,,,,,,,,,,,,,,,,,,,,,,,,,,,,,,,,,,,,,,,,,,,,,,,,,,,,,,,,,,,,,,,,,,
P066,"Red snapper, small (Priacanthus hamrur)",1.0,76.31,21.50,1.10,2.30,,,,,451,0.06,0.03,3.43,0.96,172,906,,,20.87,,3.05,0.13,0.85,,,,,,,,0.85,,0.97,,,,,,,,,,,,17.43,0.013,,0.16,0.57,,0.002,31.03,0.01,,,0.004,204,327,23.65,38.97,0.4,,,,,,,,,,,,,,,,,,,,,,,,,,,,,,,,,,,,,,,,,9.65,,33.67,3.49,4.39,8.59,5.04,2.59,1.64,6.78,5.74,0.89,5.14,5.21,6.75,9.36,13.86,5.88,3.11,4.65,5.26,,,,,,,,,,,,,,,,,,,,,,,,,,,,,,,,,,,,,,,,,,,,,,,,,,,,,,,,,,,,,,,,,,,,,,,,,,,,,,,
P067,Sadaya (Platax orbicularis ),1.0,75.53,20.68,1.32,2.97,,,,,462,0.07,0.38,2.45,1.07,125,459,,,64.20,,1.56,0.05,0.52,,,,,,,,0.52,,1.77,,,,,,,,,,,,9.08,0.011,,0.16,0.47,,,26.27,0.02,,,0.033,221,360,23.55,49.41,0.68,,,,,,,,,,,,,,,,,,,,,,,,,,,,,,,,,,,,,,,,,15.31,,94.23,3.29,4.47,8.82,5.16,2.91,1.18,6.44,5.73,1.26,5.42,5.28,7.92,9.15,14,5.28,3.54,4.52,3.95,,,,,,,,,,,,,,,,,,,,,,,,,,,,,,,,,,,,,,,,,,,,,,,,,,,,,,,,,,,,,,,,,,,,,,,,,,,,,,,
P068,Salmon (Salmo salar),1.0,67.84,20.97,1.13,9.86,,,,,721,0.07,0.06,4.45,1.15,150,1136,,,15.63,,0.86,0.08,0.58,,,,,,,,0.58,,0.75,,,,,,,,,,,0.001,24.3,0.008,,0.08,0.98,,,31.18,0.01,,0.003,0.005,211,345,36.34,20.25,0.51,,,,,,,,,,,,,,,,,,,,,,,,,,,,,,,,,,,,,,,,,55.53,,329,3.6,4.78,7.83,5.44,3.15,1.52,5.4,5.87,0.92,5.63,5.31,7.25,9.77,14.05,5.5,3.53,4.82,4.97,,,,,,,,,,,,,,,,,,,,,,,,,,,,,,,,,,,,,,,,,,,,,,,,,,,,,,,,,,,,,,,,,,,,,,,,,,,,,,,
P069,Sangada (Nemipterus japonicus),1.0,78.51,20.26,1.26,2.67,,,,,443,0.01,0.02,0.68,0.22,101,1675,,,3.07,,0.92,0.13,0.36,,,,,,,,0.36,,0.71,,,,,,,,,,,,7.9,0.008,0.001,0.05,0.99,,0.005,28.37,0.09,,,0.003,211,217,26,77.82,0.32,,,,,,,,,,,,,,,,,,,,,,,,,,,,,,,,,,,,,,,,,27.12,,88.66,2.39,4.6,8.71,6.72,2.21,1.09,6.34,6.32,0.96,5.19,4.9,7.36,8.21,13.48,5.29,3.12,4.81,5.92,,,,,,,,,,,,,,,,,,,,,,,,,,,,,,,,,,,,,,,,,,,,,,,,,,,,,,,,,,,,,,,,,,,,,,,,,,,,,,,
P070,Sankata paarai (Caranx ignobilis),1.0,74.88,21.87,1.18,1.68,,,,,434,0.03,0.06,3.70,1.19,181,1076,,,2.58,,0.58,0.14,1.07,,,,,,,,1.07,,1.17,,,,,,,,,,,,6.03,0.003,,0.05,0.99,,,27.53,0.01,,,0.001,246,379,33.02,22.33,0.39,,,,,,,,,,,,,,,,,,,,,,,,,,,,,,,,,,,,,,,,,41.15,,197,2.04,4.86,8.36,6.56,3.36,1.65,6.11,5.31,1.39,5.69,5.56,4.9,10.62,14.54,4.94,3.59,4.87,4.55,,,,,,,,,,,,,,,,,,,,,,,,,,,,,,,,,,,,,,,,,,,,,,,,,,,,,,,,,,,,,,,,,,,,,,,,,,,,,,,
P071,Sardine (Sardinella longiceps),1.0,72.29,17.91,0.84,8.99,,,,,637,0.01,0.06,0.91,0.77,140,2266,,,12.66,,3.51,,0.38,,,,,,,,0.38,,2.65,,,,,,,,,0.1,0.08,0.001,42.26,0.008,,0.07,0.83,,,24.39,0.02,1.49,,0.003,191,228,50.21,38.49,0.89,,,,,,,,,,,,,,,,,,,,,,,,,,,,,,,,,,,,,,,,,13.37,,,4.31,4.73,8.17,6.43,3,1.84,5.24,5.3,1.57,5.18,5.36,6.45,10.65,13.86,5.66,4.41,4.62,4.11,,,,,,,,,,,,,,,,,,,,,,,,,,,,,,,,,,,,,,,,,,,,,,,,,,,,,,,,,,,,,,,,,,,,,,,,,,,,,,,
P072,Shark (Carcharhinus sorrah),2.0,72.82,21.60,1.08,0.83,,,,,398,0.03,0.04,2.68,1.15,110,857,,,1.11,,0.18,0.18,0.22,,,,,,,,0.22,,0.78,,,,,,,,,,,,8.44,0.028,0.007,0.23,0.38,0.002,0.001,32.58,0.02,,0.002,0.005,263,372,28.9,63.63,0.46,,,,,,,,,,,,,,,,,,,,,,,,,,,,,,,,,,,,,,,,,6.85,,28.68,3.58,5.05,7.41,5.73,4.31,2.46,3.81,5.65,0.85,5.52,5.54,6.71,8.89,14.2,6.72,3.65,4.57,3.65,,,,,,,,,,,,,,,,,,,,,,,,,,,,,,,,,,,,,,,,,,,,,,,,,,,,,,,,,,,,,,,,,,,,,,,,,,,,,,,
P073,"Shark, hammer head (Sphyrna mokarran)",1.0,74.61,23.40,0.92,0.80,,,,,432,0.02,0.04,2.72,0.66,73.11,2006,,,20.55,,0.58,0.14,0.78,,,,,,,,0.78,,1.16,,,,,,,,,0.18,0.88,,7.92,0.014,,0.03,0.86,,,25.11,0.02,3.74,,0.008,200,304,50.31,53.55,0.4,,,,,,,,,,,,,,,,,,,,,,,,,,,,,,,,,,,,,,,,,,,,4.13,3.75,8.2,7.99,4.51,1.27,5.19,3.88,0.65,4.97,5.75,4.23,9.04,13.68,6.24,6.3,4.13,3.54,,,,,,,,,,,,,,,,,,,,,,,,,,,,,,,,,,,,,,,,,,,,,,,,,,,,,,,,,,,,,,,,,,,,,,,,,,,,,,,
P074,"Shark, spotted (Stegostoma fasciatum)",1.0,78.83,20.95,1.04,0.75,,,,,384,0.05,0.05,1.02,0.67,76.56,1323,,,12.43,,1.23,0.14,0.19,,,,,,,,0.19,,0.86,,,,,,,,,,,0.004,8.1,0.012,,0.03,0.54,,0.001,19.05,0.02,,,0.003,179,318,62.32,131,0.55,,,,,,,,,,,,,,,,,,,,,,,,,,,,,,,,,,,,,,,,,4.04,,19.3,3.69,5.22,8.44,4.47,3.38,0.92,4.04,5.38,0.96,5.49,6.02,6.69,8.71,16.23,6.87,4.56,4.88,3.25,,,,,,,,,,,,,,,,,,,,,,,,,,,,,,,,,,,,,,,,,,,,,,,,,,,,,,,,,,,,,,,,,,,,,,,,,,,,,,,
P075,Shelavu (Sphyraena jello),4.0,74.60±1.68,22.46±1.34,1.26±0.07,1.74±0.50,,,,,446±41,0.05±0.01,0.06±0.03,2.10±0.71,0.44±0.05,110±6.5,790±101,,,24.82±22.75,,1.77±0.10,0.10±0.01,0.36±0.21,,,,,,,,0.36±0.21,,1.72±0.01,,,,,,,,,,,,11.42±1.81,0.006±0.001,,0.04±0.03,0.52±0.27,,0.001±0.001,29.90±6.95,0.01±0.00,,,0.006±0.003,251±28.2,453±51.9,30.81±3.61,38.73±5.26,0.42±0.12,,,,,,,,,,,,,,,,,,,,,,,,,,,,,,,,,,,,,,,,,7.66±2.05,,43.52±15.52,2.76±0.31,4.66±0.27,8.18±0.46,6.33±0.41,3.37±0.53,1.35±0.29,5.56±0.74,5.06±0.18,1.08±0.28,5.46±0.16,5.58±0.23,7.31±1.40,9.05±2.88,14.24±0.50,5.41±0.55,3.39±0.14,4.24±0.18,3.87±0.89,,,,,,,,,,,,,,,,,,,,,,,,,,,,,,,,,,,,,,,,,,,,,,,,,,,,,,,,,,,,,,,,,,,,,,,,,,,,,,,
P076,Silan (Silonia silondia),1.0,70.12,22.72,0.77,6.68,,,,,633,0.02,0.07,1.27,0.90,122,2438,,,3.07,,0.18,,0.48,,,,,,,,0.48,,1.74,,,,,,,,,0.03,1.2,,28.82,0.007,0.001,0.08,0.56,0.004,,22.64,0.02,0.21,,,163,223,20.23,29.39,0.58,,,,,,,,,,,,,,,,,,,,,,,,,,,,,,,,,,,,,,,,,99.55,36.12,,1.55,4.71,7.92,6.17,3.61,1.58,4.04,5.38,0.96,5.49,5.18,7.44,7.79,15.05,5.76,4.02,6.41,4.26,,,,,,,,,,,,,,,,,,,,,,,,,,,,,,,,,,,,,,,,,,,,,,,,,,,,,,,,,,,,,,,,,,,,,,,,,,,,,,,
P077,Silk fish (Beryx sp.),1.0,77.61,20.65,1.05,1.53,,,,,408,0.03,0.04,2.24,0.17,169,802,,,1.69,,0.68,0.04,0.72,,,,,,,,0.72,,0.98,,,,,,,,,,,,10.46,0.003,,0.02,0.3,,0.001,27.13,0.01,,,0.004,211,440,16.59,41.57,0.34,,,,,,,,,,,,,,,,,,,,,,,,,,,,,,,,,,,,,,,,,7.35,,38.02,3.39,4.36,7.84,6.34,3.22,1.47,3.98,4.93,1.22,5.02,5.43,7.53,10.21,14.57,5.25,3.45,4.39,3.53,,,,,,,,,,,,,,,,,,,,,,,,,,,,,,,,,,,,,,,,,,,,,,,,,,,,,,,,,,,,,,,,,,,,,,,,,,,,,,,
P078,Silver carp (Hypophthalmichthys molitrix),1.0,72.47,21.71,0.95,5.17,,,,,555,0.02,0.02,1.87,1.33,136,2462,,,6.74,,0.69,0.17,0.60,,,,,,,,0.60,,0.83,,,,,,,,,0.11,9.61,,85.55,0.025,,0.02,0.58,,0.002,24.97,0.03,1.81,,0.005,187,249,72.55,19.6,0.57,,,,,,,,,,,,,,,,,,,,,,,,,,,,,,,,,,,,,,,,,65.76,13.72,,4.51,4.75,7.24,6.11,4.24,1.41,5.32,4.69,1.17,4.77,3.31,3.97,9.43,13.75,9.82,7.72,4.54,3.4,,,,,,,,,,,,,,,,,,,,,,,,,,,,,,,,,,,,,,,,,,,,,,,,,,,,,,,,,,,,,,,,,,,,,,,,,,,,,,,
P079,Sole fish (Cynoglossus arel),1.0,80.18,19.05,1.06,1.18,,,,,367,0.01,0.02,0.47,0.91,68.89,1393,,,9.53,,1.12,0.01,0.18,,,,,,,,0.18,,0.74,,,,,,,,,,,,47.28,0.004,,0.02,0.33,,0.004,27.96,0.07,,,0.003,123,199,40.22,74.57,0.17,,,,,,,,,,,,,,,,,,,,,,,,,,,,,,,,,,,,,,,,,,,44.56,2.53,4.56,8.08,5.35,4.48,2.43,6.71,5.42,0.97,5.18,5.71,6.24,8.01,14.66,4.98,3.36,4.65,5.79,,,,,,,,,,,,,,,,,,,,,,,,,,,,,,,,,,,,,,,,,,,,,,,,,,,,,,,,,,,,,,,,,,,,,,,,,,,,,,,
P080,Stingray (Dasyatis pastinaca),1.0,75.67,23.98,1.14,0.68,,,,,408,0.03,0.02,2.74,0.98,214,2559,,,7.55,,0.67,0.23,0.28,,,,,,,,0.28,,0.90,,,,,,,,,0.02,0.44,0.001,9.16,0.01,,0.03,0.74,0.003,,24.61,0.01,1.54,,0.004,174,270,23.85,64.14,0.44,,,,,,,,,,,,,,,,,,,,,,,,,,,,,,,,,,,,,,,,,,,,4.54,3.56,6.37,5.66,2.86,1.88,5.12,4.71,0.92,5.58,5.21,5.94,8.21,13.94,5.65,4.18,5.65,4.33,,,,,,,,,,,,,,,,,,,,,,,,,,,,,,,,,,,,,,,,,,,,,,,,,,,,,,,,,,,,,,,,,,,,,,,,,,,,,,,
P081,Tarlava (Drepane punctata),2.0,76.76,21.72,1.14,1.20,,,,,414,0.04,0.04,2.13,0.25,149,1380,,,5.32,,2.35,0.01,0.52,,,,,,,,0.52,,0.76,,,,,,,,,,,,11.68,0.009,0.001,0.03,0.53,,,30.1,0.01,,0.001,0.005,199,370,23.42,67.4,0.31,,,,,,,,,,,,,,,,,,,,,,,,,,,,,,,,,,,,,,,,,7.65,,60.03,4.06,4.72,8.11,6.14,2.13,1.58,5.08,4.9,0.82,5.38,5.94,5.94,9.79,14.51,4.96,4.11,4.21,4.64,,,,,,,,,,,,,,,,,,,,,,,,,,,,,,,,,,,,,,,,,,,,,,,,,,,,,,,,,,,,,,,,,,,,,,,,,,,,,,,
P082,Tholam (Plectorhinchus schotaf),2.0,76.20,20.78,1.06,2.13,,,,,432,0.04,0.03,2.74,1.22,160,824,,,250,,2.80,0.75,0.60,,,,,,,,0.60,,1.33,,,,,,,,,,,,11.4,0.016,,0.05,0.6,,0.001,26.14,0.01,,0.001,0.004,241,382,46.23,28,0.36,,,,,,,,,,,,,,,,,,,,,,,,,,,,,,,,,,,,,,,,,20.25,,65.02,3.17,4.66,8.42,6.37,2.79,1.78,4.79,5.11,0.95,5.51,5.86,5.68,9.51,15.03,5.8,3.7,4.36,3.67,,,,,,,,,,,,,,,,,,,,,,,,,,,,,,,,,,,,,,,,,,,,,,,,,,,,,,,,,,,,,,,,,,,,,,,,,,,,,,,
P083,Tilapia (Oreochromis niloticus),1.0,79.57,18.48,1.18,1.08,,,,,349,0.02,0.18,1.40,0.78,176,829,,,17.14,,0.85,0.08,1.86,,,,,,,,1.86,,3.65,,,,,,,,,0.86,0.65,,99.39,0.033,0.001,0.04,2.84,0.011,,24.56,0.1,,,0.01,184,255,20.85,52.55,0.88,,,,,,,,,,,,,,,,,,,,,,,,,,,,,,,,,,,,,,,,,7.52,,,4.21,5.71,7.87,7.71,3.19,1.52,6.02,5.41,0.79,5.66,3.05,6.47,9.02,13.03,4.89,5.62,5.17,5.67,,,,,,,,,,,,,,,,,,,,,,,,,,,,,,,,,,,,,,,,,,,,,,,,,,,,,,,,,,,,,,,,,,,,,,,,,,,,,,,
P084,Tuna (Euthynnus affinis),5.0,72.12±0.42,24.50±0.27,1.11±0.12,1.44±0.42,,,,,470±16,0.06±0.02,0.07±0.03,4.73±1.83,1.34±0.13,68.24±14.90,1374±204,,,16.65±8.35,,0.11±0.03,0.63±0.18,0.57±0.17,,,,,,,,0.57±0.17,,11.63±0.28,,,,,,,,,,,0.001±0.001,9.82±1.65,0.015±0.004,0.001±0.001,0.27±0.13,1.60±0.50,0.001±0.000,0.001±0.001,35.85±1.59,0.02±0.01,,0.002±0.001,0.007±0.002,292±39.6,357±20.6,21.55±5.13,52.89±10.16,0.69±0.20,,,,,,,,,,,,,,,,,,,,,,,,,,,,,,,,,,,,,,,,,8.72±7.33,,40.23±33.78,3.37±0.79,4.85±0.32,8.23±0.56,5.70±0.29,3.01±0.37,1.41±0.05,5.40±0.36,6.20±0.40,0.90±0.05,5.75±0.35,5.28±0.64,6.46±1.00,8.60±0.30,13.49±0.51,5.60±0.36,3.49±0.36,4.53±0.31,5.19±1.01,,,,,,,,,,,,,,,,,,,,,,,,,,,,,,,,,,,,,,,,,,,,,,,,,,,,,,,,,,,,,,,,,,,,,,,,,,,,,,,
P085,"Tuna, striped (Katsuwonus pelamis)",1.0,77.76,21.28,0.87,1.12,,,,,403,0.07,0.15,5.04,1.27,122,789,,,21.01,,0.65,0.05,0.14,,,,,,,,0.14,,1.23,,,,,,,,,,,0.001,6.45,0.002,,0.11,1.43,,,26.02,0.02,,,0.004,209,273,23.85,22.6,0.46,,,,,,,,,,,,,,,,,,,,,,,,,,,,,,,,,,,,,,,,,,,11.68,2.7,4.96,8.16,7.11,3.93,1.79,4.29,5.4,1.63,6.03,5.97,7.02,8.04,14.2,5.24,3.46,4.5,5.72,,,,,,,,,,,,,,,,,,,,,,,,,,,,,,,,,,,,,,,,,,,,,,,,,,,,,,,,,,,,,,,,,,,,,,,,,,,,,,,
P086,Valava (Chirocentrus nudus),1.0,77.25,21.80,1.27,1.06,,,,,410,0.13,0.02,0.86,0.61,104,1438,,,1.25,,0.25,0.01,0.31,,,,,,,,0.31,,0.84,,,,,,,,,,,,37.06,0.004,,0.03,0.24,,0.002,39.05,0.02,,,0.004,229,365,32.02,91.91,0.42,,,,,,,,,,,,,,,,,,,,,,,,,,,,,,,,,,,,,,,,,3.48,,14.57,3.14,4.94,8.32,7.62,3.65,1.52,4.65,5.26,1.09,5.71,5.6,5.02,10.14,16.04,4.41,3.3,4.9,4.21,,,,,,,,,,,,,,,,,,,,,,,,,,,,,,,,,,,,,,,,,,,,,,,,,,,,,,,,,,,,,,,,,,,,,,,,,,,,,,,
P087,Vanjaram (Scomberomorus commerson ),2.0,72.30,22.28,1.33,5.18,,,,,570,0.03,0.07,3.46,1.22,163,1545,,,81.90,,1.57,0.07,0.67,,,,,,,,0.67,,0.65,,,,,,,,,,0.22,0.06,9.85,,0.007,0.08,0.41,,0.012,36.73,0.01,,0.002,,302,473,32.64,34.85,0.74,,,,,,,,,,,,,,,,,,,,,,,,,,,,,,,,,,,,,,,,,26.17,,115,3.82,4.93,8.29,5.21,3.51,1.76,4.19,5.05,1.05,5.76,5.71,6.81,10.31,14.51,5.9,3.74,4.35,3.74,,,,,,,,,,,,,,,,,,,,,,,,,,,,,,,,,,,,,,,,,,,,,,,,,,,,,,,,,,,,,,,,,,,,,,,,,,,,,,,
P088,Vela meen (Aprion virescens),1.0,71.82,22.16,1.34,4.34,,,,,537,0.05,0.04,5.15,0.22,97.92,1632,,,3.03,,0.92,,0.44,,,,,,,,0.44,,0.81,,,,,,,,,,,,14.9,0.045,0.009,0.08,0.64,,,31.93,0.02,,0.001,0.011,280,387,35.45,38.15,0.36,,,,,,,,,,,,,,,,,,,,,,,,,,,,,,,,,,,,,,,,,46.68,,94.4,3.61,4.82,8.12,5.45,2.34,2.21,6.17,5.51,0.93,5.65,5.42,6.57,8.71,14.28,6.04,3.53,4.46,4.69,,,,,,,,,,,,,,,,,,,,,,,,,,,,,,,,,,,,,,,,,,,,,,,,,,,,,,,,,,,,,,,,,,,,,,,,,,,,,,,
P089,Vora (Siganus javus),2.0,76.94,20.14,1.26,2.14,,,,,422,0.06,0.07,3.72,0.28,121,1480,,,3.20,,0.60,0.16,0.65,,,,,,,,0.65,,1.97,,,,,,,,,,,,7.64,0.016,,0.01,0.27,,0.001,32.27,0.01,,,0.003,246,401,23.65,43.66,0.29,,,,,,,,,,,,,,,,,,,,,,,,,,,,,,,,,,,,,,,,,27.36,,123,3.76,4.99,8.49,6.58,2.95,1.47,5.13,5.27,0.77,5.79,5.85,4.46,9.41,15.08,5.14,3.7,4.16,4.56,,,,,,,,,,,,,,,,,,,,,,,,,,,,,,,,,,,,,,,,,,,,,,,,,,,,,,,,,,,,,,,,,,,,,,,,,,,,,,,
P090,Whale shark (Galeocerdo cuvier),1.0,77.59,21.83,1.48,0.82,,,,,401,0.06,0.04,2.90,0.84,125,1605,,,1.97,,1.82,0.35,0.17,,,,,,,,0.17,,0.81,,,,,,,,,,,0.001,8.32,0.006,0.002,0.1,0.33,,0.003,20.61,0.01,,,0.001,274,365,33.95,116,0.38,,,,,,,,,,,,,,,,,,,,,,,,,,,,,,,,,,,,,,,,,5.18,,28.12,4.02,4.9,8.19,5.46,3.4,1.72,7,5.26,1.15,5.3,5.49,5.88,9.02,13.93,6.13,3.85,4.37,5.16,,,,,,,,,,,,,,,,,,,,,,,,,,,,,,,,,,,,,,,,,,,,,,,,,,,,,,,,,,,,,,,,,,,,,,,,,,,,,,,
P091,Xiphinis (Xiphias gladius),1.0,79.22,19.82,1.15,0.88,,,,,370,0.06,0.05,3.24,0.21,65.79,820,,,1.14,,0.02,0.07,0.76,,,,,,,,0.76,,0.78,,,,,,,,,,,0.002,12.08,0.01,,0.03,0.54,,0.002,26.38,0.01,,,0.002,255,306,32.82,66.21,0.56,,,,,,,,,,,,,,,,,,,,,,,,,,,,,,,,,,,,,,,,,16.28,,25.23,5.94,4.68,7.9,5.92,3.51,2.05,4.82,5.07,0.77,5.27,5.12,5.67,8.73,13.64,5.41,3.51,4.36,4.38,,,,,,,,,,,,,,,,,,,,,,,,,,,,,,,,,,,,,,,,,,,,,,,,,,,,,,,,,,,,,,,,,,,,,,,,,,,,,,,
P092,"Eggs, Cat fish (Ompok bimaculatus)",1.0,69.34,24.68,1.57,5.28,,,,,600,,0.19,1.09,0.83,148,2059,,,2.55,,2.80,0.47,0.28,,,,,,,,0.28,,0.53,,,,,,,,,0.48,1.11,,61.69,0.021,0.005,0.08,6.65,,,59.93,0.5,2.26,,0.016,445,252,43.57,54.83,3.11,,,,,,,,,,,,,,,,,,,,,,,,,,,,,,,,,,,,,,,,,23.32,18.91,,4.55,5.21,8.04,7.36,2.8,1.63,6.3,5.21,1.06,5.15,3.38,6.53,9.31,12.24,5.28,5.38,4.72,5.57,,,,,,,,,,,,,,,,,,,,,,,,,,,,,,,,,,,,,,,,,,,,,,,,,,,,,,,,,,,,,,,,,,,,,,,,,,,,,,,
Q001,Crab (Menippe mercenaria),1.0,79.77,10.23,1.74,1.41,,,,,343,0.01,0.1,1.66,0.71,120,2304,,,1.55,,0.21,0.68,6.33,,,,,,,,6.33,,1.04,,,,,,,,,1.4,0.13,0.009,128,0.048,0.018,0.42,1.1,,0.005,,,,,,,,,,,,,,,,,,,,,,,,,,,,,,,,,,,,,,,,,,,,,,,,,,,,,,,,,,,,,,,,,,,,,,,,,,,,,,,,,,,,,,,,,,,,,,,,,,,,,,,,,,,,,,,,,,,,,,,,,,,,,,,,,,,,,,,,,,,,,,,,,,,,,,
Q001 ,,,,,,,,,,,,,,,,,,,,,,,,,,,,,,,,,,,,,,,,,,,,,,,,,,,,,38.04,0.33,4.61,0.024,0.024,100,171,34.8,244,0.76,,,,,,,,,,,,,,,,,,,,,,,,,,,,,,,,,,,,,,,,,,,,2.33,4.54,6.35,7.11,3.43,1.69,4.72,2.43,1.41,4.79,2.8,3.37,8.31,13.53,7.58,3.34,4.17,3.56,,,,,,,,,,,,,,,,,,,,,,,,,,,,,,,,,,,,,,,,,,,,,,,,,,,,,,,,,,,,,,,,,,,,,,,,,,,,,,,
Q002,"Crab, sea (Portunus sanguinolentus)",1.0,79.67,15.36,0.92,0.60,,,,,283,0.05,0.06,0.97,1.53,117,774,,,5.02,,0.63,0.10,2.06,,,,,,,,2.06,,1.11,,,,,,,,,,,0.006,333,0.032,0.012,0.84,0.98,,0.017,80.04,0.16,,0.012,0.003,193,252,37.69,313,3.07,,,,,,,,,,,,,,,,,,,,,,,,,,,,,,,,,,,,,,,,,,,6.97,2.2,4.48,7.3,7.82,3.62,1.6,4.11,4.81,0.64,4.91,6.19,6.91,8.11,15.34,7.97,3.97,3.62,3.81,,,,,,,,,,,,,,,,,,,,,,,,,,,,,,,,,,,,,,,,,,,,,,,,,,,,,,,,,,,,,,,,,,,,,,,,,,,,,,,
Q003,"Lobster, brown (Thenus orientalis)",1.0,81.48,15.96,1.29,0.56,,,,,292,0.01,0.01,0.63,1.44,216,1129,,,1.83,,0.78,0.06,1.35,,,,,,,,1.35,,1.06,,,,,,,,,,,0.003,73.06,0.044,0.003,0.12,0.77,,0.007,45.34,0.07,,0.004,0.005,223,212,33.82,140,1.16,,,,,,,,,,,,,,,,,,,,,,,,,,,,,,,,,,,,,,,,,1.25,,4.72,2.74,4.98,8.62,7.73,3.99,1.52,3.7,5.09,0.75,5.87,6.08,6.81,10.35,15.93,6.69,3.86,4.68,3.43,,,,,,,,,,,,,,,,,,,,,,,,,,,,,,,,,,,,,,,,,,,,,,,,,,,,,,,,,,,,,,,,,,,,,,,,,,,,,,,
Q004,"Lobster, king size (Thenus orientalis)",1.0,77.77,18.54,1.08,0.78,,,,,375,0.01,0.02,1.87,1.25,156,1997,,,15.02,,0.19,0.09,0.52,,,,,,,,0.52,,1.25,,,,,,,,,0.17,1.08,0.011,66.44,0.014,0.001,0.49,0.35,0.009,0.005,50.16,0.04,14.58,,0.006,261,315,69.71,191,1.92,,,,,,,,,,,,,,,,,,,,,,,,,,,,,,,,,,,,,,,,,,,,3.22,4.37,6.45,7.53,4.24,1.91,4.83,4.33,0.88,5.38,3.43,5.13,8.32,13.76,6.38,7.55,4.77,4.53,,,,,,,,,,,,,,,,,,,,,,,,,,,,,,,,,,,,,,,,,,,,,,,,,,,,,,,,,,,,,,,,,,,,,,,,,,,,,,,
Q005,Mud crab (Scylla tranquebarica),1.0,83.10,10.00,2.60,0.55,,,,,190,0.06,0.14,0.60,1.30,180,1383,,,8.33,,0.94,0.14,2.34,,,,,,,,2.34,,1.03,,,,,,,,,,,0.001,201,0.014,0.001,1.23,0.87,,,46.92,0.79,,,0.002,153,227,51.97,305,3.3,,,,,,,,,,,,,,,,,,,,,,,,,,,,,,,,,,,,,,,,,,,5.53,1.73,4.12,6.9,6.78,2.39,1.42,4.07,4.28,1.15,4.67,5.47,7.47,8.68,14.34,7.48,4.85,3.7,3.88,,,,,,,,,,,,,,,,,,,,,,,,,,,,,,,,,,,,,,,,,,,,,,,,,,,,,,,,,,,,,,,,,,,,,,,,,,,,,,,
Q006,Oyster (Crassostrea sp.),1.0,82.50,9.51,2.47,2.44,,,,,252,0.06,0.07,0.71,1.18,145,1612,,,25.36,,0.82,0.04,1.11,,,,,,,,1.11,,1.72,,,,,,,,,,,0.013,126,0.096,0.011,3.41,0.9,,0.01,22.24,0.56,,0.071,,170,122,28.91,41.01,7.35,,,,,,,,,,,,,,,,,,,,,,,,,,,,,,,,,,,,,,,,,71.16,,26.65,2.34,4.56,7.08,6.06,2.21,1.16,3.87,4.76,0.92,5.31,5.57,6.07,10.93,14.64,7.88,5.24,4.61,3.61,,,,,,,,,,,,,,,,,,,,,,,,,,,,,,,,,,,,,,,,,,,,,,,,,,,,,,,,,,,,,,,,,,,,,,,,,,,,,,,
Q007,"Tiger prawns, brown (Solenocera crassicornis)",1.0,82.41,14.85,0.94,0.56,,,,,273,0.01,0.03,1.03,1.68,104,1537,,,1.24,,1.18,0.35,3.04,,,,,,,,3.04,,297,,,,,,,,,,,0.001,37.81,0.02,0.001,0.32,0.73,,0.006,45.93,0.03,,,0.003,189,141,46.95,188,1.1,,,,,,,,,,,,,,,,,,,,,,,,,,,,,,,,,,,,,,,,,2.4,,6.63,2.03,4.55,7.72,7.49,3.43,1.77,4.6,4.9,0.87,5.06,5.25,7.69,8.84,14.31,5.94,3.52,4.16,3.79,,,,,,,,,,,,,,,,,,,,,,,,,,,,,,,,,,,,,,,,,,,,,,,,,,,,,,,,,,,,,,,,,,,,,,,,,,,,,,,
Q008,"Tiger Prawns, orange (Penaeus monodon)",1.0,81.48,14.25,0.83,0.74,,,,,270,0.03,0.03,1.18,1.47,112,807,,,6.55,,1.62,0.63,2.87,,,,,,,,2.87,,2.32,,,,,,,,,,,0.001,71.89,0.004,,0.41,0.39,,,30.5,0.02,,0.001,0.003,191,140,54.22,61.05,1.16,,,,,,,,,,,,,,,,,,,,,,,,,,,,,,,,,,,,,,,,,5.05,,8.28,2.11,4.67,7.39,7.93,3.81,2.04,3.68,4.9,0.71,5.13,5.37,5.65,8.6,14.5,5.95,3.41,4.07,3.4,,,,,,,,,,,,,,,,,,,,,,,,,,,,,,,,,,,,,,,,,,,,,,,,,,,,,,,,,,,,,,,,,,,,,,,,,,,,,,,
R001,"Clam, green shell (Perna viridis)",1.0,80.07,12.14,2.44,0.98,,,,,243,0.06,0.1,0.96,1.14,96,907,,,29.04,,0.86,0.07,2.7,,,,,,,,2.7,,1.48,,,,,,,,,,,0.008,121,0.104,0.027,0.25,1.01,,,73.64,0.34,,0.044,0.036,128,152,76.34,322,1.64,,,,,,,,,,,,,,,,,,,,,,,,,,,,,,,,,,,,,,,,,16.55,,9.94,,,,,,,,,,,,,,,,,,,,,,,,,,,,,,,,,,,,,,,,,,,,,,,,,,,,,,,,,,,,,,,,,,,,,,,,,,,,,,,,,,,,,,,,,,,,,,,,,
R001 ,,,,,,,,,,,,,,,,,,,,,,,,,,,,,,,,,,,,,,,,,,,,,,,,,,,,,,,,,,,,,,,,,,,,,,,,,,,,,,,,,,,,,,,,,,,,,,,,,,,,,,,,,,2.42,4.44,6.43,4.12,3.62,1.3,3.71,5.61,0.92,4.92,4.44,6.21,10.19,13.15,8.87,3.64,5.2,3.67,,,,,,,,,,,,,,,,,,,,,,,,,,,,,,,,,,,,,,,,,,,,,,,,,,,,,,,,,,,,,,,,,,,,,,,,,,,,,,,
R002,"Clam, white shell, ribbed (Meretrix meretrix)",1.0,80.27,11.82,0.85,1.34,,,,,250,0.06,0.11,0.90,0.97,108,900,,,8.50,,2.08,0.10,1.21,,,,,,,,1.21,,1.53,,,,,,,,,,,0.012,50,0.123,0.031,0.31,0.94,,0.004,86.64,0.22,,0.048,0.044,192,245,32.81,404,1.16,,,,,,,,,,,,,,,,,,,,,,,,,,,,,,,,,,,,,,,,,14.05,,21.13,2.23,4.06,6.31,4.62,3.08,0.79,3.18,5.09,0.79,4.69,6.8,7.54,10.2,13.55,8.43,3.35,4.71,3.17,,,,,,,,,,,,,,,,,,,,,,,,,,,,,,,,,,,,,,,,,,,,,,,,,,,,,,,,,,,,,,,,,,,,,,,,,,,,,,,
R003,Octopus (Octopus vulgaris),1.0,80.45,14.71,1.21,1.12,,,,,334,0.05,0.05,1.18,0.94,87.71,2087,,,28.00,,0.43,0.24,0.66,,,,,,,,0.66,,0.84,,,,,,,,,0.1,0.34,0.015,22.1,0.011,0.035,6.72,1.08,,,50.92,0.04,1.37,0.003,0.007,131,181,40.21,230,4.07,,,,,,,,,,,,,,,,,,,,,,,,,,,,,,,,,,,,,,,,,,,,4.48,5.82,8.48,7.55,2.46,1.87,6.37,5.82,0.88,5.3,5.34,6.59,8.9,10.43,5.84,4.43,4.75,6.32,,,,,,,,,,,,,,,,,,,,,,,,,,,,,,,,,,,,,,,,,,,,,,,,,,,,,,,,,,,,,,,,,,,,,,,,,,,,,,,
R004,"Squid, black (Loligo sp.)",1.0,80.59,16.10,0.99,1.07,,,,,335,0.02,0.04,1.04,0.72,236,1233,,,2.55,,0.57,0.32,0.68,,,,,,,,0.68,,1.14,,,,,,,,,0.16,0.47,0.004,22.98,0.005,0.001,1.09,0.5,0.023,0.003,41.99,0.03,0.95,,0.004,173,162,57.13,179,1.24,,,,,,,,,,,,,,,,,,,,,,,,,,,,,,,,,,,,,,,,,13.63,,,4.14,4.05,8.49,6.58,2.25,1.69,5.21,5.53,0.93,4.62,5.27,6.99,10.65,13.08,5.95,4.56,4.16,4.3,,,,,,,,,,,,,,,,,,,,,,,,,,,,,,,,,,,,,,,,,,,,,,,,,,,,,,,,,,,,,,,,,,,,,,,,,,,,,,,
R005,"Squid, hard shell (Sepia pharaonis)",1.0,80.52,16.82,0.75,0.93,,,,,320,0.02,0.02,0.65,1.22,41.50,622,,,1.93,,0.78,0.22,0.55,,,,,,,,0.55,,2.26,,,,,,,,,,,0.004,8.73,0.006,,0.1,0.62,0.001,0.002,35.46,0.02,,,,173,116,41.34,99.14,1.3,,,,,,,,,,,,,,,,,,,,,,,,,,,,,,,,,,,,,,,,,10.63,,14.05,3.89,4.24,7.57,5.09,3.89,1.75,3.21,4.45,0.71,4.19,4.43,7.03,9.96,13.99,4.64,4.44,4.5,2.91,,,,,,,,,,,,,,,,,,,,,,,,,,,,,,,,,,,,,,,,,,,,,,,,,,,,,,,,,,,,,,,,,,,,,,,,,,,,,,,
R006,"Squid, red (Loligo duvauceli)",2.0,80.85,16.25,1.15,1.44,,,,,329,0.03,0.02,0.71,0.95,101,1300,,,4.72,,1.05,0.18,0.47,,,,,,,,0.47,,1.14,,,,,,,,,,,0.003,14.15,0.027,,0.15,0.26,,0.007,35.74,0.02,,0.001,0.003,167,134,47.43,121,0.95,,,,,,,,,,,,,,,,,,,,,,,,,,,,,,,,,,,,,,,,,9.77,,29.27,3.54,5.34,7.84,5.58,3.77,1.52,6.47,7.18,1.24,5.1,5.71,6.75,8.86,12.38,5.48,3.27,5.79,5.63,,,,,,,,,,,,,,,,,,,,,,,,,,,,,,,,,,,,,,,,,,,,,,,,,,,,,,,,,,,,,,,,,,,,,,,,,,,,,,,
R007,"Squid, white, small (Uroteuthis duvauceli )",1.0,79.38,17.41,1.19,1.15,,,,,353,0.01,0.03,0.71,0.77,118,1833,,,8.55,,0.55,0.16,0.66,,,,,,,,0.66,,1.84,,,,,,,,,0.08,0.85,0.005,36.46,0.007,0.009,1.1,0.39,0.022,0.003,38.53,0.02,1.67,,0.006,151,134,70.02,154,1.64,,,,,,,,,,,,,,,,,,,,,,,,,,,,,,,,,,,,,,,,,18.13,,,4.54,4.14,5.99,7.94,3.31,1.74,4.38,4.88,0.97,4.8,4.74,4.67,9.75,8.18,5.33,4.34,4.6,4.46,,,,,,,,,,,,,,,,,,,,,,,,,,,,,,,,,,,,,,,,,,,,,,,,,,,,,,,,,,,,,,,,,,,,,,,,,,,,,,,
S001,Cat fish (Tandanus tandanus),2.0,77.23±0.91,15.86±3.65,0.93±0.01,6.24±3.03,,,,,518±84,0.01±0.00,0.07±0.03,1.74±0.26,1.12±0.12,114±12.3,1395±168,,,13.59±0.70,,1.37±0.12,0.11±0.02,0.38±0.00,,,,,,,,0.38±0.00,,0.96±0.00,,,,,,,,,0.48±0.17,1.68±0.71,,21.99±8.75,0.008±0.002,,0.03±0.01,0.82±0.19,0.012±0.001,,18.78±6.65,0.02±0.03,1.89±2.43,,0.004±0.002,157±58.6,250±83.0,71.03±12.14,28.29±11.65,0.71±0.24,,,,,,,,,,,,,,,,,,,,,,,,,,,,,,,,,,,,,,,,,88.89±56.90,36.82±28.10,,4.80±0.29,4.46±0.33,7.29±0.82,8.11±0.23,6.07±0.15,14.31±1.10,5.30±0.20,3.46±0.77,1.18±0.45,5.15±0.12,2.38±0.43,4.03±0.54,1.56±0.17,6.74±0.65,8.78±0.99,7.13±1.37,4.72±0.54,3.82±0.32,,,,,,,,,,,,,,,,,,,,,,,,,,,,,,,,,,,,,,,,,,,,,,,,,,,,,,,,,,,,,,,,,,,,,,,,,,,,,,,
S002,Catla (Catla catla),6.0,78.43±0.71,17.94±1.36,0.94±0.01,2.15±0.34,,,,,394±6,0.01±0.00,0.03±0.01,2.21±0.19,1.00±0.05,116±13.5,1926±277,,,4.32±0.78,,1.90±0.19,0.16±0.04,2.35±0.00,,,,,,,,2.35±0.00,,1.12±0.02,,,,,,,,,0.41±0.13,7.70±3.37,,43.53±3.91,0.017±0.002,0.003±0.003,0.06±0.02,1.14±0.35,0.005±0.003,,25.58±0.87,0.03±0.02,1.59±1.06,0.001±0.000,0.006±0.002,182±7,301±29.0,19.73±26.86,36.56±6.32,0.68±0.13,,,,,,,,,,,,,,,,,,,,,,,,,,,,,,,,,,,,,,,,,53.36±16.22,,,5.23±0.11,4.06±0.86,7.53±0.39,8.09±0.05,5.61±0.66,15.25±0.91,5.49±0.22,3.54±0.37,0.74±0.17,5.18±0.09,2.64±0.33,3.53±0.05,1.08±0.55,6.64±1.21,9.32±2.68,6.75±1.68,4.43±0.03,2.88±0.75,,,,,,,,,,,,,,,,,,,,,,,,,,,,,,,,,,,,,,,,,,,,,,,,,,,,,,,,,,,,,,,,,,,,,,,,,,,,,,,
S003,Freshwater Eel (Anguilla anguilla),1.0,75.57,20.41,1.03,2.63,,,,,451,,0.31,2.30,1.52,106,1294,,,866,,3.81,0.57,1.80,,,,,,,,1.80,,1.23,,,,,,,,,0.81,1.81,0.004,52.99,0.069,,2.72,1.54,0.606,,42.5,0.13,3.97,,0.012,361,450,67.32,88.67,2.23,,,,,,,,,,,,,,,,,,,,,,,,,,,,,,,,,,,,,,,,,35.62,20.95,,3.67,3.43,3.41,5.94,4.62,10.94,4.07,3.46,1.22,4.56,2.06,4.06,1.12,7.74,6.53,5.97,3.52,3.78,,,,,,,,,,,,,,,,,,,,,,,,,,,,,,,,,,,,,,,,,,,,,,,,,,,,,,,,,,,,,,,,,,,,,,,,,,,,,,,
S004,Gold fish (Carassius auratus),2.0,79.07,16.91,1.10,2.94,,,,,396,,0.05,1.86,1.13,225,2457,,,22.95,,0.21,0.07,2.10,,,,,,,,2.10,,1.26,,,,,,,,,0.27,2.84,,47.89,0.01,,0.03,0.76,,,21.66,0.02,2.29,,0.01,185,243,14.22,27.53,1.69,,,,,,,,,,,,,,,,,,,,,,,,,,,,,,,,,,,,,,,,,102,,,4.9,4.47,6.31,7.94,5.76,14.49,5.14,2.5,1.03,5.23,3.12,3.19,1.61,7.39,8.61,7.77,4.38,3.14,,,,,,,,,,,,,,,,,,,,,,,,,,,,,,,,,,,,,,,,,,,,,,,,,,,,,,,,,,,,,,,,,,,,,,,,,,,,,,,
S005,Pangas (Pangasianodon hypophthalmus),6.0,68.50±1.01,17.12±1.62,1.12±0.03,16.77±0.91,,,,,852±24,,0.05±0.01,1.28±0.21,0.66±0.06,229±17.2,1323±305,,,14.59±0.00,,0.20±0.04,0.08±0.04,2.80±0.00,,,,,,,,2.80±0.00,,0.92±0.07,,,,,,,,,0.38±0.20,2.22±1.06,0.001±0.000,11.19±1.58,0.009±0.003,,0.04±0.01,0.69±0.16,0.004±0.000,,25.09±4.41,0.03±0.01,0.26±0.20,0.001±0.000,0.003±0.002,179±37.0,282±78.6,19.31±6.56,37.42±9.50,0.69±0.16,,,,,,,,,,,,,,,,,,,,,,,,,,,,,,,,,,,,,,,,,71.60±60.25,,,8.3,6.59,3.83,4.57,4.01,4.74,4.49,4.19,1.26,6.07,13.64,95.04,3.34,6.08,2.84,8.44,6.51,5.31,,,,,,,,,,,,,,,,,,,,,,,,,,,,,,,,,,,,,,,,,,,,,,,,,,,,,,,,,,,,,,,,,,,,,,,,,,,,,,,
S006,Rohu (Labeo rohita),6.0,76.34±0.28,19.71±0.57,1.28±0.04,2.39±0.64,,,,,428±12,,0.04±0.01,2.33±0.43,1.18±0.07,240±23.3,1263±101,,,3.87±0.94,,0.84±0.11,0.17±0.03,2.40±0.00,,,,,,,,2.40±0.00,,1.03±0.24,,,,,,,,,0.48±0.10,3.71±1.29,,39.37±5.44,0.009±0.005,0.003±0.003,0.05±0.02,1.04±0.34,0.014±0.003,,26.53±3.81,0.04±0.02,1.71±2.54,,0.005±0.002,200±48.7,303±72.4,51.50±11.49,35.56±6.36,0.80±0.11,,,,,,,,,,,,,,,,,,,,,,,,,,,,,,,,,,,,,,,,,93.13±55.77,,,4.77±0.39,4.09±0.54,6.27±0.69,8.03±0.55,5.57±0.44,15.13±0.75,5.26±0.37,2.90±0.58,1.04±0.28,5.39±0.72,2.45±0.64,3.68±1.15,1.45±0.12,7.19±0.24,9.60±0.89,6.41±0.57,4.63±0.50,3.40±0.92,,,,,,,,,,,,,,,,,,,,,,,,,,,,,,,,,,,,,,,,,,,,,,,,,,,,,,,,,,,,,,,,,,,,,,,,,,,,,,,
S007,Crab (Pachygrapsus sp.),1.0,80.58,13.23,1.23,0.89,,,,,327,0.01,0.11,1.54,0.79,202,1783,,,12.55,,1.20,0.17,4.85,,,,,,,,4.85,,0.91,,,,,,,,,0.49,1.74,0.03,199,0.016,0.001,0.52,1.1,,0.006,66.77,0.09,4.04,,0.001,208,286,71.84,280,2.49,,,,,,,,,,,,,,,,,,,,,,,,,,,,,,,,,,,,,,,,,,,,3.86,3.73,5.19,6.82,4.97,13.27,3.94,3.43,0.93,3.96,2.92,5.27,2.03,9.15,8.42,7.73,3.8,5.17,,,,,,,,,,,,,,,,,,,,,,,,,,,,,,,,,,,,,,,,,,,,,,,,,,,,,,,,,,,,,,,,,,,,,,,,,,,,,,,
S008,"Prawns, big (Macrobrachium rosenbergii)",1.0,77.43,19.24,0.84,0.52,,,,,380,,0.02,1.31,1.74,186,1826,,,3.56,,0.35,0.10,2.85,,,,,,,,,,0.84,,,,,,,,,0.95,3.02,0.003,48.55,0.008,,0.69,0.78,,,39.25,0.03,0.94,0.002,0.006,237,269,28.59,849,1.44,,,,,,,,,,,,,,,,,,,,,,,,,,,,,,,,,,,,,,,,,2.25,,,4.66,2.99,6.72,7.79,5.16,14.75,4.57,3.33,1.11,4.72,2.79,3.28,1.82,9.11,9.1,5.49,4.13,2.66,,,,,,,,,,,,,,,,,,,,,,,,,,,,,,,,,,,,,,,,,,,,,,,,,,,,,,,,,,,,,,,,,,,,,,,,,,,,,,,
S009,"Prawns, small (Macrobrachium sp.)",3.0,82.58,13.07,0.86,0.78,,,,,297,0.01,0.03,0.54,1.74,207,1306,,,2.78,,0.95,0.15,1.75,,,,,,,,1.75,,0.80,,,,,,,,,0.91,8.14,,67.99,0.007,0.001,0.14,0.87,,0.001,26.91,0.02,0.78,0.004,0.006,192,224,19.92,77.71,0.87,,,,,,,,,,,,,,,,,,,,,,,,,,,,,,,,,,,,,,,,,,,,4.45±0.28,4.11±0.57,6.76±0.77,7.89±0.58,5.73±0.43,14.71±0.87,5.37±0.41,2.92±0.63,1.02±0.17,5.17±0.68,2.56±0.43,4.42±0.77,1.51±0.43,6.52±1.01,8.32±2.18,6.30±1.04,4.36±0.57,3.86±0.53,,,,,,,,,,,,,,,,,,,,,,,,,,,,,,,,,,,,,,,,,,,,,,,,,,,,,,,,,,,,,,,,,,,,,,,,,,,,,,,
S010,Tiger prawns (Macrobrachium sp.),2.0,83.24,14.24,0.83,0.66,,,,,284,0.01,0.04,1.28,1.87,216,1875,,,0.55,,1.34,0.27,1.65,,,,,,,,1.65,,1.02,,,,,,,,,0.36,4.77,0.002,57.9,0.007,,0.39,0.84,,0.003,22.94,0.08,0.4,,0.005,155,149,14.69,80.77,1.02,,,,,,,,,,,,,,,,,,,,,,,,,,,,,,,,,,,,,,,,,7.92,,,4.19,2.96,4.85,7.54,5.15,15.67,4.64,3.53,0.94,4.75,2.35,4.06,1.41,10.29,8.84,4.24,4.3,3.59,,,,,,,,,,,,,,,,,,,,,,,,,,,,,,,,,,,,,,,,,,,,,,,,,,,,,,,,,,,,,,,,,,,,,,,,,,,,,,,
T001,,,,,,,,,,,,,,,,,,,,,,,,,,,,,,,,,,,,,,,,,,,,,,,,,,,,,,,,,,,,,,,,,,,,,,,,,,,,,,,,,,,,,,,,,,,,,,,,,,,,,,,,,,,,,,,,,,,,,,,,,,,,,,,,,,,,,,,,,,,,,,,,,,,,,,,,,,,,,,,,,,,,,,,,,,,,,,,,,,,,,,,2.76±0.37,5.18±0.20,49.57±0.81,21.12±0.67,9.26±0.39,2.97±0.23,,,,,,,7.24±0.25,,,1.90±0.14,,90.86±0.33,7.24±0.25,1.90±0.14
T002,,,,,,,,,,,,,,,,,,,,,,,,,,,,,,,,,,,,,,,,,,,,,,,,,,,,,,,,,,,,,,,,,,,,,,,,,,,,,,,,,,,,,,,,,,,,,,,,,,,,,,,,,,,,,,,,,,,,,,,,,,,,,,,,,,,,,,,,,,,,,,,,,,,,,,,,,,,,,,,,,,,,,,,,,,,,,,,,,,,,,,,,,,,12.94,2.12,0.68,0.39,0.47,,1.7,,31.97,,,48.97,0.76,16.6,33.67,49.74
T003,,,,,,,,,,,,,,,,,,,,,,,,,,,,,,,,,,,,,,,,,,,,,,,,,,,,,,,,,,,,,,,,,,,,,,,,,,,,,,,,,,,,,,,,,,,,,,,,,,,,,,,,,,,,,,,,,,,,,,,,,,,,,,,,,,,,,,,,,,,,,,,,,,,,,,,,,,,,,,,,,,,,,,,,,,,,,,,,,,,,,,,,,,0.91,23.4,2.79,0.42,0.34,0.31,,1.84,,17.82,,,51.81,0.35,28.17,19.66,52.16
T004,,,,,,,,,,,,,,,,,,,,,,,,,,,,,,,,,,,,,,,,,,,,,,,,,,,,,,,,,,,,,,,,,,,,,,,,,,,,,,,,,,,,,,,,,,,,,,,,,,,,,,,,,,,,,,,,,,,,,,,,,,,,,,,,,,,,,,,,,,,,,,,,,,,,,,,,,,,,,,,,,,,,,,,,,,,,,,,,,,,,,,,,,,,9.34±0.57,5.75±0.40,0.67±0.05,0.25±0.04,0.22±0.07,,0.27±0.09,,40.87±0.54,0.27±0.04,,41.96±0.87,0.39±0.08,16.25±0.73,41.41±0.62,42.34±0.89
T005,,,,,,,,,,,,,,,,,,,,,,,,,,,,,,,,,,,,,,,,,,,,,,,,,,,,,,,,,,,,,,,,,,,,,,,,,,,,,,,,,,,,,,,,,,,,,,,,,,,,,,,,,,,,,,,,,,,,,,,,,,,,,,,,,,,,,,,,,,,,,,,,,,,,,,,,,,,,,,,,,,,,,,,,,,,,,,,,,,,,,,,,,,,10.27±0.72,3.38±0.08,1.39±0.13,2.66±0.32,1.25±0.13,,,,53.89±1.08,,,27.17±0.99,,18.94±1.26,53.89±1.08,27.17±0.99
T006,,,,,,,,,,,,,,,,,,,,,,,,,,,,,,,,,,,,,,,,,,,,,,,,,,,,,,,,,,,,,,,,,,,,,,,,,,,,,,,,,,,,,,,,,,,,,,,,,,,,,,,,,,,,,,,,,,,,,,,,,,,,,,,,,,,,,,,,,,,,,,,,,,,,,,,,,,,,,,,,,,,,,,,,,,,,,,,,,,,,,,,,,,,2.18±0.10,1.17±0.02,0.98±0.02,1.39±0.04,,,0.16±0.04,,10.18±0.48,5.45±0.25,51.30±0.96,15.55±0.15,11.64±0.34,5.72±0.09,67.09±0.48,27.19±0.44
T007,,,,,,,,,,,,,,,,,,,,,,,,,,,,,,,,,,,,,,,,,,,,,,,,,,,,,,,,,,,,,,,,,,,,,,,,,,,,,,,,,,,,,,,,,,,,,,,,,,,,,,,,,,,,,,,,,,,,,,,,,,,,,,,,,,,,,,,,,,,,,,,,,,,,,,,,,,,,,,,,,,,,,,,,,,,,,,,,,,,,,,,,,,,39.79±0.57,4.24±0.09,,,,,0.27±0.03,,43.26±0.42,,,11.18±0.28,0.30±0.03,44.98±0.67,43.53±0.40,11.49±0.29
T008,,,,,,,,,,,,,,,,,,,,,,,,,,,,,,,,,,,,,,,,,,,,,,,,,,,,,,,,,,,,,,,,,,,,,,,,,,,,,,,,,,,,,,,,,,,,,,,,,,,,,,,,,,,,,,,,,,,,,,,,,,,,,,,,,,,,,,,,,,,,,,,,,,,,,,,,,,,,,,,,,,,,,,,,,,,,,,,,,,,,,,,,,,0.29±0.15,19.51±0.89,2.03±0.05,1.03±0.51,0.33±0.04,0.51±0.04,,0.28±0.03,,43.84±0.76,,,31.56±0.65,0.56±0.13,23.76±0.58,44.12±0.74,32.12±0.68
T009,,,,,,,,,,,,,,,,,,,,,,,,,,,,,,,,,,,,,,,,,,,,,,,,,,,,,,,,,,,,,,,,,,,,,,,,,,,,,,,,,,,,,,,,,,,,,,,,,,,,,,,,,,,,,,,,,,,,,,,,,,,,,,,,,,,,,,,,,,,,,,,,,,,,,,,,,,,,,,,,,,,,,,,,,,,,,,,,,,,,,,,,,,0.18±0.10,6.24±0.53,2.35±0.16,0.26±0.06,0.17±0.05,,,0.24±0.02,,13.80±0.62,0.17±0.02,,76.58±1.10,0.13±0.03,9.19±0.58,14.04±0.60,76.78±1.15
T010,,,,,,,,,,,,,,,,,,,,,,,,,,,,,,,,,,,,,,,,,,,,,,,,,,,,,,,,,,,,,,,,,,,,,,,,,,,,,,,,,,,,,,,,,,,,,,,,,,,,,,,,,,,,,,,,,,,,,,,,,,,,,,,,,,,,,,,,,,,,,,,,,,,,,,,,,,,,,,,,,,,,,,,,,,,,,,,,,,,,,,,,,,,15.71±0.48,2.28±0.08,0.83±0.33,0.31±0.04,0.40±0.03,,0.24±0.04,,37.37±1.68,,,42.09±1.94,0.78±0.23,19.53±0.54,37.61±1.71,42.86±2.16
T011,,,,,,,,,,,,,,,,,,,,,,,,,,,,,,,,,,,,,,,,,,,,,,,,,,,,,,,,,,,,,,,,,,,,,,,,,,,,,,,,,,,,,,,,,,,,,,,,,,,,,,,,,,,,,,,,,,,,,,,,,,,,,,,,,,,,,,,,,,,,,,,,,,,,,,,,,,,,,,,,,,,,,,,,,,,,,,,,,,,,,,,,,,,11.51±0.38,4.08±0.58,0.37±0.02,,,,,,24.06±1.75,,,54.78±1.45,5.20±0.33,15.96±0.37,24.06±1.75,59.98±1.57
T012,,,,,,,,,,,,,,,,,,,,,,,,,,,,,,,,,,,,,,,,,,,,,,,,,,,,,,,,,,,,,,,,,,,,,,,,,,,,,,,,,,,,,,,,,,,,,,,,,,,,,,,,,,,,,,,,,,,,,,,,,,,,,,,,,,,,,,,,,,,,,,,,,,,,,,,,,,,,,,,,,,,,,,,,,,,,,,,,,,,,,,,,,,,6.43±0.18,3.69±0.07,0.32±0.04,0.66±0.03,0.29±0.04,,,,25.96±1.54,,,62.65±1.56,,11.39±0.10,25.96±1.54,62.65±1.56
T013,,,,,,,,,,,,,,,,,,,,,,,,,,,,,,,,,,,,,,,,,,,,,,,,,,,,,,,,,,,,,,,,,,,,,,,,,,,,,,,,,,,,,,,,,,,,,,,,,,,,,,,,,,,,,,,,,,,,,,,,,,,,,,,,,,,,,,,,,,,,,,,,,,,,,,,,,,,,,,,,,,,,,,,,,,,,,,,,,,,,,0.22±0.08,0.30±0.13,0.47±0.20,1.87±0.34,2.81±0.38,11.81±0.57,39.13±1.15,13.89±1.17,0.52±0.12,,,0.95±0.17,1.86±0.16,0.44±0.09,23.19±1.46,,,2.00±0.62,0.55±0.11,71.02±4.13,26.44±1.88,2.54±0.73
T014,,,,,,,,,,,,,,,,,,,,,,,,,,,,,,,,,,,,,,,,,,,,,,,,,,,,,,,,,,,,,,,,,,,,,,,,,,,,,,,,,,,,,,,,,,,,,,,,,,,,,,,,,,,,,,,,,,,,,,,,,,,,,,,,,,,,,,,,,,,,,,,,,,,,,,,,,,,,,,,,,,,,,,,,,,,,,,,,,,,,,,,,,0.37±0.05,1.19±0.05,53.10±1.55,5.98±0.44,0.81±0.07,,,,,4.68±0.92,29.19±1.35,,,4.69±0.56,,61.44±1.60,33.87±1.42,4.69±0.56
